{
    "type": "bundle",
    "id": "bundle--0c2892f6-5b8a-4759-b44a-3ec84c34cbff",
    "spec_version": "2.0",
    "objects": [
        {
            "created": "2020-02-10T19:49:46.752Z",
            "modified": "2020-02-10T19:52:47.724Z",
            "kill_chain_phases": [
                {
                    "kill_chain_name": "mitre-attack",
                    "phase_name": "defense-evasion"
                }
            ],
            "type": "attack-pattern",
            "id": "attack-pattern--b4b7458f-81f2-4d38-84be-1c5ba0167a52",
            "description": "Adversaries may attempt to mimic features of valid code signatures to increase the chance of deceiving a user, analyst, or tool. Code signing provides a level of authenticity on a binary from the developer and a guarantee that the binary has not been tampered with. Adversaries can copy the metadata and signature information from a signed program, then use it as a template for an unsigned program. Files with invalid code signatures will fail digital signature validation checks, but they may appear more legitimate to users and security tools may improperly handle these files.(Citation: Threatexpress MetaTwin 2017)\n\nUnlike [Code Signing](https://attack.mitre.org/techniques/T1553/002), this activity will not result in a valid signature.",
            "name": "Invalid Code Signature",
            "created_by_ref": "identity--c78cb6e5-0c4b-4611-8297-d1b8b55e40b5",
            "object_marking_refs": [
                "marking-definition--fa42a846-8d90-4e51-bc29-71d5b4802168"
            ],
            "external_references": [
                {
                    "source_name": "mitre-attack",
                    "external_id": "T1036.001",
                    "url": "https://attack.mitre.org/techniques/T1036/001"
                },
                {
                    "source_name": "Threatexpress MetaTwin 2017",
                    "url": "https://threatexpress.com/blogs/2017/metatwin-borrowing-microsoft-metadata-and-digital-signatures-to-hide-binaries/",
                    "description": "Vest, J. (2017, October 9). Borrowing Microsoft MetaData and Signatures to Hide Binary Payloads. Retrieved September 10, 2019."
                }
            ],
            "x_mitre_platforms": [
                "macOS",
                "Windows"
            ],
            "x_mitre_data_sources": [
                "File monitoring",
                "Process monitoring",
                "Binary file metadata"
            ],
            "x_mitre_detection": "Collect and analyze signing certificate metadata and check signature validity on software that executes within the environment, look for invalid signatures as well as unusual certificate characteristics and outliers.",
            "x_mitre_is_subtechnique": true,
            "x_mitre_version": "1.0"
        }
    ]
}