{
    "type": "bundle",
    "id": "bundle--993b6d83-c7b6-4a6a-a376-9ac4a77eb327",
    "spec_version": "2.0",
    "objects": [
        {
            "external_references": [
                {
                    "source_name": "mitre-attack",
                    "external_id": "T1589",
                    "url": "https://attack.mitre.org/techniques/T1589"
                },
                {
                    "source_name": "OPM Leak",
                    "url": "https://www.opm.gov/cybersecurity/cybersecurity-incidents/",
                    "description": "Cybersecurity Resource Center. (n.d.). CYBERSECURITY INCIDENTS. Retrieved October 20, 2020."
                },
                {
                    "source_name": "Register Deloitte",
                    "url": "https://www.theregister.com/2017/09/26/deloitte_leak_github_and_google/",
                    "description": "Thomson, I. (2017, September 26). Deloitte is a sitting duck: Key systems with RDP open, VPN and proxy 'login details leaked'. Retrieved October 19, 2020."
                },
                {
                    "source_name": "Register Uber",
                    "url": "https://www.theregister.com/2015/02/28/uber_subpoenas_github_for_hacker_details/",
                    "description": "McCarthy, K. (2015, February 28). FORK ME! Uber hauls GitHub into court to find who hacked database of 50,000 drivers. Retrieved October 19, 2020."
                },
                {
                    "source_name": "Detectify Slack Tokens",
                    "url": "https://labs.detectify.com/2016/04/28/slack-bot-token-leakage-exposing-business-critical-information/",
                    "description": "Detectify. (2016, April 28). Slack bot token leakage exposing business critical information. Retrieved October 19, 2020."
                },
                {
                    "source_name": "Forbes GitHub Creds",
                    "url": "https://www.forbes.com/sites/runasandvik/2014/01/14/attackers-scrape-github-for-cloud-service-credentials-hijack-account-to-mine-virtual-currency/#242c479d3196",
                    "description": "Sandvik, R. (2014, January 14). Attackers Scrape GitHub For Cloud Service Credentials, Hijack Account To Mine Virtual Currency. Retrieved October 19, 2020."
                },
                {
                    "source_name": "GitHub truffleHog",
                    "url": "https://github.com/dxa4481/truffleHog",
                    "description": "Dylan Ayrey. (2016, December 31). truffleHog. Retrieved October 19, 2020."
                },
                {
                    "source_name": "GitHub Gitrob",
                    "url": "https://github.com/michenriksen/gitrob",
                    "description": "Michael Henriksen. (2018, June 9). Gitrob: Putting the Open Source in OSINT. Retrieved October 19, 2020."
                },
                {
                    "source_name": "CNET Leaks",
                    "url": "https://www.cnet.com/news/massive-breach-leaks-773-million-emails-21-million-passwords/",
                    "description": "Ng, A. (2019, January 17). Massive breach leaks 773 million email addresses, 21 million passwords. Retrieved October 20, 2020."
                }
            ],
            "object_marking_refs": [
                "marking-definition--fa42a846-8d90-4e51-bc29-71d5b4802168"
            ],
            "created_by_ref": "identity--c78cb6e5-0c4b-4611-8297-d1b8b55e40b5",
            "description": "Before compromising a victim, adversaries may gather information about the victim's identity that can be used during targeting. Information about identities may include a variety of details, including personal data (ex: employee names, email addresses, etc.) as well as sensitive details such as credentials.\n\nAdversaries may gather this information in various ways, such as direct elicitation via [Phishing for Information](https://attack.mitre.org/techniques/T1598). Information about victims may also be exposed to adversaries via online or other accessible data sets (ex: [Social Media](https://attack.mitre.org/techniques/T1593/001) or [Search Victim-Owned Websites](https://attack.mitre.org/techniques/T1594)).(Citation: OPM Leak)(Citation: Register Deloitte)(Citation: Register Uber)(Citation: Detectify Slack Tokens)(Citation: Forbes GitHub Creds)(Citation: GitHub truffleHog)(Citation: GitHub Gitrob)(Citation: CNET Leaks) Gathering this information may reveal opportunities for other forms of reconnaissance (ex: [Search Open Websites/Domains](https://attack.mitre.org/techniques/T1593) or [Phishing for Information](https://attack.mitre.org/techniques/T1598)), establishing operational resources (ex: [Compromise Accounts](https://attack.mitre.org/techniques/T1586)), and/or initial access (ex: [Phishing](https://attack.mitre.org/techniques/T1566) or [Valid Accounts](https://attack.mitre.org/techniques/T1078)).",
            "name": "Gather Victim Identity Information",
            "id": "attack-pattern--5282dd9a-d26d-4e16-88b7-7c0f4553daf4",
            "type": "attack-pattern",
            "kill_chain_phases": [
                {
                    "kill_chain_name": "mitre-attack",
                    "phase_name": "reconnaissance"
                }
            ],
            "modified": "2020-10-27T02:27:31.387Z",
            "created": "2020-10-02T14:54:59.263Z",
            "x_mitre_detection": "Much of this activity may have a very high occurrence and associated false positive rate, as well as potentially taking place outside the visibility of the target organization, making detection difficult for defenders.\n\nDetection efforts may be focused on related stages of the adversary lifecycle, such as during Initial Access.",
            "x_mitre_version": "1.0",
            "x_mitre_is_subtechnique": false,
            "x_mitre_platforms": [
                "PRE"
            ]
        }
    ]
}