{
    "type": "bundle",
    "id": "bundle--c89057d8-d654-4c70-9f76-840dd61e942e",
    "spec_version": "2.0",
    "objects": [
        {
            "external_references": [
                {
                    "source_name": "mitre-attack",
                    "external_id": "T1590.005",
                    "url": "https://attack.mitre.org/techniques/T1590/005"
                },
                {
                    "source_name": "WHOIS",
                    "url": "https://www.whois.net/",
                    "description": "NTT America. (n.d.). Whois Lookup. Retrieved October 20, 2020."
                },
                {
                    "source_name": "DNS Dumpster",
                    "url": "https://dnsdumpster.com/",
                    "description": "Hacker Target. (n.d.). DNS Dumpster. Retrieved October 20, 2020."
                },
                {
                    "source_name": "Circl Passive DNS",
                    "url": "https://www.circl.lu/services/passive-dns/",
                    "description": "CIRCL Computer Incident Response Center. (n.d.). Passive DNS. Retrieved October 20, 2020."
                }
            ],
            "object_marking_refs": [
                "marking-definition--fa42a846-8d90-4e51-bc29-71d5b4802168"
            ],
            "created_by_ref": "identity--c78cb6e5-0c4b-4611-8297-d1b8b55e40b5",
            "name": "IP Addresses",
            "description": "Before compromising a victim, adversaries may gather the victim's IP addresses that can be used during targeting. Public IP addresses may be allocated to organizations by block, or a range of sequential addresses. Information about assigned IP addresses may include a variety of details, such as which IP addresses are in use. IP addresses may also enable an adversary to derive other details about a victim, such as organizational size, physical location(s), Internet service provider, and or where/how their publicly-facing infrastructure is hosted.\n\nAdversaries may gather this information in various ways, such as direct collection actions via [Active Scanning](https://attack.mitre.org/techniques/T1595) or [Phishing for Information](https://attack.mitre.org/techniques/T1598). Information about assigned IP addresses may also be exposed to adversaries via online or other accessible data sets (ex: [Search Open Technical Databases](https://attack.mitre.org/techniques/T1596)).(Citation: WHOIS)(Citation: DNS Dumpster)(Citation: Circl Passive DNS) Gathering this information may reveal opportunities for other forms of reconnaissance (ex: [Active Scanning](https://attack.mitre.org/techniques/T1595) or [Search Open Websites/Domains](https://attack.mitre.org/techniques/T1593)), establishing operational resources (ex: [Acquire Infrastructure](https://attack.mitre.org/techniques/T1583) or [Compromise Infrastructure](https://attack.mitre.org/techniques/T1584)), and/or initial access (ex: [External Remote Services](https://attack.mitre.org/techniques/T1133)).",
            "id": "attack-pattern--0dda99f0-4701-48ca-9774-8504922e92d3",
            "type": "attack-pattern",
            "kill_chain_phases": [
                {
                    "kill_chain_name": "mitre-attack",
                    "phase_name": "reconnaissance"
                }
            ],
            "modified": "2020-10-24T04:03:29.213Z",
            "created": "2020-10-02T15:59:11.695Z",
            "x_mitre_detection": "Much of this activity may have a very high occurrence and associated false positive rate, as well as potentially taking place outside the visibility of the target organization, making detection difficult for defenders.\n\nDetection efforts may be focused on related stages of the adversary lifecycle, such as during Initial Access.",
            "x_mitre_version": "1.0",
            "x_mitre_is_subtechnique": true,
            "x_mitre_platforms": [
                "PRE"
            ]
        }
    ]
}