{
    "type": "bundle",
    "id": "bundle--f10ef43a-905a-448c-9457-f57e5aba1163",
    "spec_version": "2.0",
    "objects": [
        {
            "id": "attack-pattern--68f7e3a1-f09f-4164-9a62-16b648a0dd5a",
            "name": "Regsvr32",
            "external_references": [
                {
                    "source_name": "mitre-attack",
                    "external_id": "T1117",
                    "url": "https://attack.mitre.org/techniques/T1117"
                },
                {
                    "source_name": "Microsoft Regsvr32",
                    "description": "Microsoft. (2015, August 14). How to use the Regsvr32 tool and troubleshoot Regsvr32 error messages. Retrieved June 22, 2016.",
                    "url": "https://support.microsoft.com/en-us/kb/249873"
                },
                {
                    "source_name": "LOLBAS Regsvr32",
                    "url": "https://lolbas-project.github.io/lolbas/Binaries/Regsvr32/",
                    "description": "LOLBAS. (n.d.). Regsvr32.exe. Retrieved July 31, 2019."
                },
                {
                    "source_name": "Carbon Black Squiblydoo Apr 2016",
                    "description": "Nolen, R. et al.. (2016, April 28). Threat Advisory: \u201cSquiblydoo\u201d Continues Trend of Attackers Using Native OS Tools to \u201cLive off the Land\u201d. Retrieved April 9, 2018.",
                    "url": "https://www.carbonblack.com/2016/04/28/threat-advisory-squiblydoo-continues-trend-of-attackers-using-native-os-tools-to-live-off-the-land/"
                },
                {
                    "url": "https://www.fireeye.com/blog/threat-research/2017/02/spear_phishing_techn.html",
                    "description": "Anubhav, A., Kizhakkinan, D. (2017, February 22). Spear Phishing Techniques Used in Attacks Targeting the Mongolian Government. Retrieved February 24, 2017.",
                    "source_name": "FireEye Regsvr32 Targeting Mongolian Gov"
                }
            ],
            "revoked": true,
            "type": "attack-pattern",
            "modified": "2020-01-31T19:00:56.475Z",
            "created": "2017-05-31T21:31:26.966Z"
        }
    ]
}