{
    "type": "bundle",
    "id": "bundle--4bee941d-8bba-444e-aca2-799b7b20979c",
    "spec_version": "2.0",
    "objects": [
        {
            "external_references": [
                {
                    "source_name": "mitre-attack",
                    "external_id": "T1139",
                    "url": "https://attack.mitre.org/techniques/T1139"
                },
                {
                    "url": "http://www.slideshare.net/StephanBorosh/external-to-da-the-os-x-way",
                    "description": "Alex Rymdeko-Harvey, Steve Borosh. (2016, May 14). External to DA, the OS X Way. Retrieved July 3, 2017.",
                    "source_name": "External to DA, the OS X Way"
                }
            ],
            "name": "Bash History",
            "id": "attack-pattern--44dca04b-808d-46ca-b25f-d85236d4b9f8",
            "revoked": true,
            "type": "attack-pattern",
            "modified": "2020-02-04T13:03:03.354Z",
            "created": "2017-12-14T16:46:06.044Z"
        }
    ]
}