{
    "type": "bundle",
    "id": "bundle--eb419b2d-ab73-47d8-b16f-24c15c581803",
    "spec_version": "2.0",
    "objects": [
        {
            "external_references": [
                {
                    "source_name": "mitre-attack",
                    "external_id": "T1036.003",
                    "url": "https://attack.mitre.org/techniques/T1036/003"
                },
                {
                    "source_name": "LOLBAS Main Site",
                    "url": "https://lolbas-project.github.io/",
                    "description": "LOLBAS. (n.d.). Living Off The Land Binaries and Scripts (and also Libraries). Retrieved February 10, 2020."
                },
                {
                    "source_name": "Endgame Masquerade Ball",
                    "description": "Ewing, P. (2016, October 31). How to Hunt: The Masquerade Ball. Retrieved October 31, 2016.",
                    "url": "http://pages.endgame.com/rs/627-YBU-612/images/EndgameJournal_The%20Masquerade%20Ball_Pages_R2.pdf"
                },
                {
                    "url": "https://www.f-secure.com/documents/996508/1030745/CozyDuke",
                    "description": "F-Secure Labs. (2015, April 22). CozyDuke: Malware Analysis. Retrieved December 10, 2015.",
                    "source_name": "F-Secure CozyDuke"
                },
                {
                    "source_name": "Twitter ItsReallyNick Masquerading Update",
                    "url": "https://twitter.com/ItsReallyNick/status/1055321652777619457",
                    "description": "Carr, N.. (2018, October 25). Nick Carr Status Update Masquerading. Retrieved April 22, 2019."
                }
            ],
            "object_marking_refs": [
                "marking-definition--fa42a846-8d90-4e51-bc29-71d5b4802168"
            ],
            "created_by_ref": "identity--c78cb6e5-0c4b-4611-8297-d1b8b55e40b5",
            "name": "Rename System Utilities",
            "description": "Adversaries may rename legitimate system utilities to try to evade security mechanisms concerning the usage of those utilities. Security monitoring and control mechanisms may be in place for system utilities adversaries are capable of abusing. (Citation: LOLBAS Main Site) It may be possible to bypass those security mechanisms by renaming the utility prior to utilization (ex: rename <code>rundll32.exe</code>). (Citation: Endgame Masquerade Ball) An alternative case occurs when a legitimate utility is copied or moved to a different directory and renamed to avoid detections based on system utilities executing from non-standard paths. (Citation: F-Secure CozyDuke)",
            "id": "attack-pattern--bd5b58a4-a52d-4a29-bc0d-3f1d3968eb6b",
            "type": "attack-pattern",
            "kill_chain_phases": [
                {
                    "kill_chain_name": "mitre-attack",
                    "phase_name": "defense-evasion"
                }
            ],
            "modified": "2020-02-10T20:03:11.691Z",
            "created": "2020-02-10T20:03:11.691Z",
            "x_mitre_version": "1.0",
            "x_mitre_is_subtechnique": true,
            "x_mitre_detection": "If file names are mismatched between the file name on disk and that of the binary's PE metadata, this is a likely indicator that a binary was renamed after it was compiled. Collecting and comparing disk and resource filenames for binaries by looking to see if the InternalName, OriginalFilename, and/or ProductName match what is expected could provide useful leads, but may not always be indicative of malicious activity. (Citation: Endgame Masquerade Ball) Do not focus on the possible names a file could have, but instead on the command-line arguments that are known to be used and are distinct because it will have a better rate of detection.(Citation: Twitter ItsReallyNick Masquerading Update)",
            "x_mitre_data_sources": [
                "File monitoring",
                "Process monitoring",
                "Process command-line parameters",
                "Binary file metadata"
            ],
            "x_mitre_platforms": [
                "Linux",
                "macOS",
                "Windows"
            ]
        }
    ]
}