{
    "type": "bundle",
    "id": "bundle--7cf4716f-0257-4e67-8a68-ca2379b6c972",
    "spec_version": "2.0",
    "objects": [
        {
            "external_references": [
                {
                    "source_name": "mitre-attack",
                    "external_id": "T1074.002",
                    "url": "https://attack.mitre.org/techniques/T1074/002"
                },
                {
                    "source_name": "Mandiant M-Trends 2020",
                    "url": "https://content.fireeye.com/m-trends/rpt-m-trends-2020",
                    "description": "Mandiant. (2020, February). M-Trends 2020. Retrieved April 24, 2020."
                }
            ],
            "object_marking_refs": [
                "marking-definition--fa42a846-8d90-4e51-bc29-71d5b4802168"
            ],
            "created_by_ref": "identity--c78cb6e5-0c4b-4611-8297-d1b8b55e40b5",
            "name": "Remote Data Staging",
            "description": "Adversaries may stage data collected from multiple systems in a central location or directory on one system prior to Exfiltration. Data may be kept in separate files or combined into one file through techniques such as [Archive Collected Data](https://attack.mitre.org/techniques/T1560). Interactive command shells may be used, and common functionality within [cmd](https://attack.mitre.org/software/S0106) and bash may be used to copy data into a staging location.\n\nIn cloud environments, adversaries may stage data within a particular instance or virtual machine before exfiltration. An adversary may [Create Cloud Instance](https://attack.mitre.org/techniques/T1578/002) and stage data in that instance.(Citation: Mandiant M-Trends 2020)\n\nBy staging data on one system prior to Exfiltration, adversaries can minimize the number of connections made to their C2 server and better evade detection.",
            "id": "attack-pattern--359b00ad-9425-420b-bba5-6de8d600cbc0",
            "type": "attack-pattern",
            "kill_chain_phases": [
                {
                    "kill_chain_name": "mitre-attack",
                    "phase_name": "collection"
                }
            ],
            "modified": "2020-09-14T19:48:07.491Z",
            "created": "2020-03-13T21:14:58.206Z",
            "x_mitre_contributors": [
                "Praetorian"
            ],
            "x_mitre_version": "1.0",
            "x_mitre_is_subtechnique": true,
            "x_mitre_detection": "Processes that appear to be reading files from disparate locations and writing them to the same directory or file may be an indication of data being staged, especially if they are suspected of performing encryption or compression on the files, such as 7zip, RAR, ZIP, or zlib. Monitor publicly writeable directories, central locations, and commonly used staging directories (recycle bin, temp folders, etc.) to regularly check for compressed or encrypted data that may be indicative of staging.\n\nMonitor processes and command-line arguments for actions that could be taken to collect and combine files. Remote access tools with built-in features may interact directly with the Windows API to gather and copy to a location. Data may also be acquired and staged through Windows system management tools such as [Windows Management Instrumentation](https://attack.mitre.org/techniques/T1047) and [PowerShell](https://attack.mitre.org/techniques/T1059/001).",
            "x_mitre_data_sources": [
                "Process command-line parameters",
                "Process monitoring",
                "File monitoring"
            ],
            "x_mitre_platforms": [
                "Linux",
                "macOS",
                "Windows",
                "AWS",
                "GCP",
                "Azure"
            ]
        }
    ]
}