{
    "type": "bundle",
    "id": "bundle--26fc9cbc-6505-4531-a537-0610b6d7d991",
    "spec_version": "2.0",
    "objects": [
        {
            "id": "attack-pattern--241814ae-de3f-4656-b49e-f9a80764d4b7",
            "name": "Security Software Discovery",
            "external_references": [
                {
                    "source_name": "mitre-attack",
                    "url": "https://attack.mitre.org/techniques/T1063",
                    "external_id": "T1063"
                }
            ],
            "revoked": true,
            "type": "attack-pattern",
            "modified": "2020-02-21T21:17:03.347Z",
            "created": "2017-05-31T21:30:51.330Z"
        }
    ]
}