{
    "type": "bundle",
    "id": "bundle--f28c6ea8-9ced-4aac-b32c-0068807eae50",
    "spec_version": "2.0",
    "objects": [
        {
            "external_references": [
                {
                    "source_name": "mitre-attack",
                    "external_id": "T1565.001",
                    "url": "https://attack.mitre.org/techniques/T1565/001"
                },
                {
                    "description": "FireEye. (2018, October 03). APT38: Un-usual Suspects. Retrieved November 6, 2018.",
                    "url": "https://content.fireeye.com/apt/rpt-apt38",
                    "source_name": "FireEye APT38 Oct 2018"
                },
                {
                    "source_name": "DOJ Lazarus Sony 2018",
                    "url": "https://www.justice.gov/opa/press-release/file/1092091/download",
                    "description": "Department of Justice. (2018, September 6). Criminal Complaint - United States of America v. PARK JIN HYOK. Retrieved March 29, 2019."
                }
            ],
            "object_marking_refs": [
                "marking-definition--fa42a846-8d90-4e51-bc29-71d5b4802168"
            ],
            "created_by_ref": "identity--c78cb6e5-0c4b-4611-8297-d1b8b55e40b5",
            "name": "Stored Data Manipulation",
            "description": "Adversaries may insert, delete, or manipulate data at rest in order to manipulate external outcomes or hide activity.(Citation: FireEye APT38 Oct 2018)(Citation: DOJ Lazarus Sony 2018) By manipulating stored data, adversaries may attempt to affect a business process, organizational understanding, and decision making.\n\nStored data could include a variety of file formats, such as Office files, databases, stored emails, and custom file formats. The type of modification and the impact it will have depends on the type of data as well as the goals and objectives of the adversary. For complex systems, an adversary would likely need special expertise and possibly access to specialized software related to the system that would typically be gained through a prolonged information gathering campaign in order to have the desired impact.",
            "id": "attack-pattern--1cfcb312-b8d7-47a4-b560-4b16cc677292",
            "type": "attack-pattern",
            "kill_chain_phases": [
                {
                    "kill_chain_name": "mitre-attack",
                    "phase_name": "impact"
                }
            ],
            "modified": "2020-03-02T15:17:40.505Z",
            "created": "2020-03-02T14:22:24.410Z",
            "x_mitre_version": "1.0",
            "x_mitre_is_subtechnique": true,
            "x_mitre_permissions_required": [
                "User",
                "Administrator",
                "root",
                "SYSTEM"
            ],
            "x_mitre_impact_type": [
                "Integrity"
            ],
            "x_mitre_detection": "Where applicable, inspect important file hashes, locations, and modifications for suspicious/unexpected values.",
            "x_mitre_data_sources": [
                "File monitoring",
                "Application logs"
            ],
            "x_mitre_platforms": [
                "Linux",
                "macOS",
                "Windows"
            ]
        }
    ]
}