{
    "type": "bundle",
    "id": "bundle--7f1e4409-4c3d-4c1b-a7e0-026e3f081973",
    "spec_version": "2.0",
    "objects": [
        {
            "external_references": [
                {
                    "source_name": "mitre-attack",
                    "external_id": "T1110.002",
                    "url": "https://attack.mitre.org/techniques/T1110/002"
                },
                {
                    "external_id": "CAPEC-55",
                    "source_name": "capec",
                    "url": "https://capec.mitre.org/data/definitions/55.html"
                },
                {
                    "url": "https://en.wikipedia.org/wiki/Password_cracking",
                    "description": "Wikipedia. (n.d.). Password cracking. Retrieved December 23, 2015.",
                    "source_name": "Wikipedia Password cracking"
                }
            ],
            "object_marking_refs": [
                "marking-definition--fa42a846-8d90-4e51-bc29-71d5b4802168"
            ],
            "created_by_ref": "identity--c78cb6e5-0c4b-4611-8297-d1b8b55e40b5",
            "name": "Password Cracking",
            "description": "Adversaries may use password cracking to attempt to recover usable credentials, such as plaintext passwords, when credential material such as password hashes are obtained. [OS Credential Dumping](https://attack.mitre.org/techniques/T1003) is used to obtain password hashes, this may only get an adversary so far when [Pass the Hash](https://attack.mitre.org/techniques/T1550/002) is not an option. Techniques to systematically guess the passwords used to compute hashes are available, or the adversary may use a pre-computed rainbow table to crack hashes. Cracking hashes is usually done on adversary-controlled systems outside of the target network.(Citation: Wikipedia Password cracking) The resulting plaintext password resulting from a successfully cracked hash may be used to log into systems, resources, and services in which the account has access.",
            "id": "attack-pattern--1d24cdee-9ea2-4189-b08e-af110bf2435d",
            "type": "attack-pattern",
            "kill_chain_phases": [
                {
                    "kill_chain_name": "mitre-attack",
                    "phase_name": "credential-access"
                }
            ],
            "modified": "2020-09-16T15:39:59.041Z",
            "created": "2020-02-11T18:38:56.197Z",
            "x_mitre_data_sources": [
                "Authentication logs",
                "Office 365 account logs"
            ],
            "x_mitre_permissions_required": [
                "User"
            ],
            "x_mitre_detection": "It is difficult to detect when hashes are cracked, since this is generally done outside the scope of the target network. Consider focusing efforts on detecting other adversary behavior used to acquire credential materials, such as [OS Credential Dumping](https://attack.mitre.org/techniques/T1003) or [Kerberoasting](https://attack.mitre.org/techniques/T1558/003).",
            "x_mitre_version": "1.1",
            "x_mitre_is_subtechnique": true,
            "x_mitre_platforms": [
                "Linux",
                "macOS",
                "Windows",
                "Office 365",
                "Azure AD"
            ]
        }
    ]
}