{
    "type": "bundle",
    "id": "bundle--34459b17-5d7b-40a1-b0e4-5af4e7352fe3",
    "spec_version": "2.0",
    "objects": [
        {
            "created": "2017-05-31T21:31:33.979Z",
            "modified": "2020-03-20T16:01:20.868Z",
            "type": "attack-pattern",
            "revoked": true,
            "id": "attack-pattern--9b52fca7-1a36-4da0-b62d-da5bd83b4d69",
            "name": "Component Object Model Hijacking",
            "external_references": [
                {
                    "source_name": "mitre-attack",
                    "external_id": "T1122",
                    "url": "https://attack.mitre.org/techniques/T1122"
                },
                {
                    "url": "https://msdn.microsoft.com/library/ms694363.aspx",
                    "description": "Microsoft. (n.d.). The Component Object Model. Retrieved August 18, 2016.",
                    "source_name": "Microsoft Component Object Model"
                },
                {
                    "url": "https://blog.gdatasoftware.com/2014/10/23941-com-object-hijacking-the-discreet-way-of-persistence",
                    "description": "G DATA. (2014, October). COM Object hijacking: the discreet way of persistence. Retrieved August 13, 2016.",
                    "source_name": "GDATA COM Hijacking"
                },
                {
                    "source_name": "Endgame COM Hijacking",
                    "description": "Ewing, P. Strom, B. (2016, September 15). How to Hunt: Detecting Persistence & Evasion with the COM. Retrieved September 15, 2016.",
                    "url": "https://www.elastic.co/blog/how-hunt-detecting-persistence-evasion-com"
                }
            ]
        }
    ]
}