{
    "type": "bundle",
    "id": "bundle--47905c6e-bb8d-4bef-8c22-7d2330d2617b",
    "spec_version": "2.0",
    "objects": [
        {
            "id": "attack-pattern--9422fc14-1c43-410d-ab0f-a709b76c72dc",
            "name": "Registry Run Keys / Startup Folder",
            "external_references": [
                {
                    "source_name": "mitre-attack",
                    "external_id": "T1060",
                    "url": "https://attack.mitre.org/techniques/T1060"
                },
                {
                    "external_id": "CAPEC-270",
                    "source_name": "capec",
                    "url": "https://capec.mitre.org/data/definitions/270.html"
                },
                {
                    "url": "http://msdn.microsoft.com/en-us/library/aa376977",
                    "description": "Microsoft. (n.d.). Run and RunOnce Registry Keys. Retrieved November 12, 2014.",
                    "source_name": "Microsoft Run Key"
                },
                {
                    "url": "https://support.microsoft.com/help/310593/description-of-the-runonceex-registry-key",
                    "description": "Microsoft. (2018, August 20). Description of the RunOnceEx Registry Key. Retrieved June 29, 2018.",
                    "source_name": "Microsoft RunOnceEx APR 2018"
                },
                {
                    "url": "https://oddvar.moe/2018/03/21/persistence-using-runonceex-hidden-from-autoruns-exe/",
                    "description": "Moe, O. (2018, March 21). Persistence using RunOnceEx - Hidden from Autoruns.exe. Retrieved June 29, 2018.",
                    "source_name": "Oddvar Moe RunOnceEx Mar 2018"
                },
                {
                    "url": "https://technet.microsoft.com/en-us/sysinternals/bb963902",
                    "description": "Russinovich, M. (2016, January 4). Autoruns for Windows v13.51. Retrieved June 6, 2016.",
                    "source_name": "TechNet Autoruns"
                }
            ],
            "revoked": true,
            "type": "attack-pattern",
            "modified": "2020-01-23T22:05:32.409Z",
            "created": "2017-05-31T21:30:49.988Z"
        }
    ]
}