{
    "type": "bundle",
    "id": "bundle--edbe412d-590f-4e42-9e47-1f3dd600ae66",
    "spec_version": "2.0",
    "objects": [
        {
            "external_references": [
                {
                    "source_name": "mitre-attack",
                    "external_id": "T1174",
                    "url": "https://attack.mitre.org/techniques/T1174"
                },
                {
                    "url": "http://carnal0wnage.attackresearch.com/2013/09/stealing-passwords-every-time-they.html",
                    "description": "Fuller, R. (2013, September 11). Stealing passwords every time they change. Retrieved November 21, 2017.",
                    "source_name": "Carnal Ownage Password Filters Sept 2013"
                },
                {
                    "url": "https://clymb3r.wordpress.com/2013/09/15/intercepting-password-changes-with-function-hooking/",
                    "description": "Bialek, J. (2013, September 15). Intercepting Password Changes With Function Hooking. Retrieved November 21, 2017.",
                    "source_name": "Clymb3r Function Hook Passwords Sept 2013"
                }
            ],
            "name": "Password Filter DLL",
            "id": "attack-pattern--b8c5c9dd-a662-479d-9428-ae745872537c",
            "revoked": true,
            "type": "attack-pattern",
            "modified": "2020-02-11T19:06:18.818Z",
            "created": "2018-01-16T16:13:52.465Z"
        }
    ]
}