{
    "type": "bundle",
    "id": "bundle--ef375d0b-86d7-4be3-b65b-4089196e55fc",
    "spec_version": "2.0",
    "objects": [
        {
            "external_references": [
                {
                    "source_name": "mitre-attack",
                    "external_id": "T1546.015",
                    "url": "https://attack.mitre.org/techniques/T1546/015"
                },
                {
                    "url": "https://msdn.microsoft.com/library/ms694363.aspx",
                    "description": "Microsoft. (n.d.). The Component Object Model. Retrieved August 18, 2016.",
                    "source_name": "Microsoft Component Object Model"
                },
                {
                    "url": "https://blog.gdatasoftware.com/2014/10/23941-com-object-hijacking-the-discreet-way-of-persistence",
                    "description": "G DATA. (2014, October). COM Object hijacking: the discreet way of persistence. Retrieved August 13, 2016.",
                    "source_name": "GDATA COM Hijacking"
                },
                {
                    "source_name": "Endgame COM Hijacking",
                    "description": "Ewing, P. Strom, B. (2016, September 15). How to Hunt: Detecting Persistence & Evasion with the COM. Retrieved September 15, 2016.",
                    "url": "https://www.elastic.co/blog/how-hunt-detecting-persistence-evasion-com"
                }
            ],
            "object_marking_refs": [
                "marking-definition--fa42a846-8d90-4e51-bc29-71d5b4802168"
            ],
            "created_by_ref": "identity--c78cb6e5-0c4b-4611-8297-d1b8b55e40b5",
            "name": "Component Object Model Hijacking",
            "description": "Adversaries may establish persistence by executing malicious content triggered by hijacked references to Component Object Model (COM) objects. COM is a system within Windows to enable interaction between software components through the operating system.(Citation: Microsoft Component Object Model)  References to various COM objects are stored in the Registry. \n\nAdversaries can use the COM system to insert malicious code that can be executed in place of legitimate software through hijacking the COM references and relationships as a means for persistence. Hijacking a COM object requires a change in the Registry to replace a reference to a legitimate system component which may cause that component to not work when executed. When that system component is executed through normal system operation the adversary's code will be executed instead.(Citation: GDATA COM Hijacking) An adversary is likely to hijack objects that are used frequently enough to maintain a consistent level of persistence, but are unlikely to break noticeable functionality within the system as to avoid system instability that could lead to detection. ",
            "id": "attack-pattern--bc0f5e80-91c0-4e04-9fbb-e4e332c85dae",
            "type": "attack-pattern",
            "kill_chain_phases": [
                {
                    "kill_chain_name": "mitre-attack",
                    "phase_name": "privilege-escalation"
                },
                {
                    "kill_chain_name": "mitre-attack",
                    "phase_name": "persistence"
                }
            ],
            "modified": "2020-07-09T13:55:51.172Z",
            "created": "2020-03-16T14:12:47.923Z",
            "x_mitre_version": "1.0",
            "x_mitre_is_subtechnique": true,
            "x_mitre_permissions_required": [
                "User"
            ],
            "x_mitre_detection": "There are opportunities to detect COM hijacking by searching for Registry references that have been replaced and through Registry operations (ex: [Reg](https://attack.mitre.org/software/S0075)) replacing known binary paths with unknown paths or otherwise malicious content. Even though some third-party applications define user COM objects, the presence of objects within HKEY_CURRENT_USER\\Software\\Classes\\CLSID\\ may be anomalous and should be investigated since user objects will be loaded prior to machine objects in HKEY_LOCAL_MACHINE\\SOFTWARE\\Classes\\CLSID\\.(Citation: Endgame COM Hijacking) Registry entries for existing COM objects may change infrequently. When an entry with a known good path and binary is replaced or changed to an unusual value to point to an unknown binary in a new location, then it may indicate suspicious behavior and should be investigated.  \n\nLikewise, if software DLL loads are collected and analyzed, any unusual DLL load that can be correlated with a COM object Registry modification may indicate COM hijacking has been performed. ",
            "x_mitre_data_sources": [
                "Process command-line parameters",
                "Process monitoring",
                "Loaded DLLs",
                "DLL monitoring",
                "Windows Registry"
            ],
            "x_mitre_contributors": [
                "Elastic"
            ],
            "x_mitre_platforms": [
                "Windows"
            ]
        }
    ]
}