{
    "type": "bundle",
    "id": "bundle--3c2d065c-4ed6-4542-9cfe-40fd6961e76a",
    "spec_version": "2.0",
    "objects": [
        {
            "created": "2020-03-02T14:30:05.252Z",
            "modified": "2020-03-28T23:10:34.359Z",
            "kill_chain_phases": [
                {
                    "kill_chain_name": "mitre-attack",
                    "phase_name": "impact"
                }
            ],
            "type": "attack-pattern",
            "id": "attack-pattern--32ad5c86-2bcf-47d8-8fdc-d7f3d79a7490",
            "description": "Adversaries may modify systems in order to manipulate the data as it is accessed and displayed to an end user.(Citation: FireEye APT38 Oct 2018)(Citation: DOJ Lazarus Sony 2018) By manipulating runtime data, adversaries may attempt to affect a business process, organizational understanding, and decision making.\n\nAdversaries may alter application binaries used to display data in order to cause runtime manipulations. Adversaries may also conduct [Change Default File Association](https://attack.mitre.org/techniques/T1546/001) and [Masquerading](https://attack.mitre.org/techniques/T1036) to cause a similar effect. The type of modification and the impact it will have depends on the target application and process as well as the goals and objectives of the adversary. For complex systems, an adversary would likely need special expertise and possibly access to specialized software related to the system that would typically be gained through a prolonged information gathering campaign in order to have the desired impact.",
            "name": "Runtime Data Manipulation",
            "created_by_ref": "identity--c78cb6e5-0c4b-4611-8297-d1b8b55e40b5",
            "object_marking_refs": [
                "marking-definition--fa42a846-8d90-4e51-bc29-71d5b4802168"
            ],
            "external_references": [
                {
                    "source_name": "mitre-attack",
                    "external_id": "T1565.003",
                    "url": "https://attack.mitre.org/techniques/T1565/003"
                },
                {
                    "description": "FireEye. (2018, October 03). APT38: Un-usual Suspects. Retrieved November 6, 2018.",
                    "url": "https://content.fireeye.com/apt/rpt-apt38",
                    "source_name": "FireEye APT38 Oct 2018"
                },
                {
                    "source_name": "DOJ Lazarus Sony 2018",
                    "url": "https://www.justice.gov/opa/press-release/file/1092091/download",
                    "description": "Department of Justice. (2018, September 6). Criminal Complaint - United States of America v. PARK JIN HYOK. Retrieved March 29, 2019."
                }
            ],
            "x_mitre_platforms": [
                "Linux",
                "macOS",
                "Windows"
            ],
            "x_mitre_data_sources": [
                "Process monitoring",
                "File monitoring"
            ],
            "x_mitre_detection": "Inspect important application binary file hashes, locations, and modifications for suspicious/unexpected values.",
            "x_mitre_impact_type": [
                "Integrity"
            ],
            "x_mitre_permissions_required": [
                "User",
                "Administrator",
                "root",
                "SYSTEM"
            ],
            "x_mitre_is_subtechnique": true,
            "x_mitre_version": "1.0"
        }
    ]
}