{
    "type": "bundle",
    "id": "bundle--9ae41888-32c6-4488-a97e-3a39e1ce52d9",
    "spec_version": "2.0",
    "objects": [
        {
            "external_references": [
                {
                    "source_name": "mitre-attack",
                    "external_id": "T1165",
                    "url": "https://attack.mitre.org/techniques/T1165"
                },
                {
                    "url": "https://developer.apple.com/library/content/documentation/MacOSX/Conceptual/BPSystemStartup/Chapters/StartupItems.html",
                    "description": "Apple. (2016, September 13). Startup Items. Retrieved July 11, 2017.",
                    "source_name": "Startup Items"
                },
                {
                    "url": "https://www.virusbulletin.com/uploads/pdf/conference/vb2014/VB2014-Wardle.pdf",
                    "description": "Patrick Wardle. (2014, September). Methods of Malware Persistence on Mac OS X. Retrieved July 5, 2017.",
                    "source_name": "Methods of Mac Malware Persistence"
                }
            ],
            "name": "Startup Items",
            "id": "attack-pattern--2ba5aa71-9d15-4b22-b726-56af06d9ad2f",
            "revoked": true,
            "type": "attack-pattern",
            "modified": "2020-01-15T18:02:49.891Z",
            "created": "2017-12-14T16:46:06.044Z"
        }
    ]
}