{
    "type": "bundle",
    "id": "bundle--e61a1421-dfc8-459d-8291-e18ddac2d3c0",
    "spec_version": "2.0",
    "objects": [
        {
            "external_references": [
                {
                    "source_name": "mitre-attack",
                    "external_id": "T1546.014",
                    "url": "https://attack.mitre.org/techniques/T1546/014"
                },
                {
                    "source_name": "xorrior emond Jan 2018",
                    "url": "https://www.xorrior.com/emond-persistence/",
                    "description": "Ross, Chris. (2018, January 17). Leveraging Emond on macOS For Persistence. Retrieved September 10, 2019."
                },
                {
                    "source_name": "magnusviri emond Apr 2016",
                    "url": "http://www.magnusviri.com/Mac/what-is-emond.html",
                    "description": "Reynolds, James. (2016, April 7). What is emond?. Retrieved September 10, 2019."
                },
                {
                    "source_name": "sentinelone macos persist Jun 2019",
                    "url": "https://www.sentinelone.com/blog/how-malware-persists-on-macos/",
                    "description": "Stokes, Phil. (2019, June 17). HOW MALWARE PERSISTS ON MACOS. Retrieved September 10, 2019."
                }
            ],
            "object_marking_refs": [
                "marking-definition--fa42a846-8d90-4e51-bc29-71d5b4802168"
            ],
            "created_by_ref": "identity--c78cb6e5-0c4b-4611-8297-d1b8b55e40b5",
            "name": "Emond",
            "description": "Adversaries may gain persistence and elevate privileges by executing malicious content triggered by the Event Monitor Daemon (emond). Emond is a [Launch Daemon](https://attack.mitre.org/techniques/T1543/004) that accepts events from various services, runs them through a simple rules engine, and takes action. The emond binary at <code>/sbin/emond</code> will load any rules from the <code>/etc/emond.d/rules/</code> directory and take action once an explicitly defined event takes place.\n\nThe rule files are in the plist format and define the name, event type, and action to take. Some examples of event types include system startup and user authentication. Examples of actions are to run a system command or send an email. The emond service will not launch if there is no file present in the QueueDirectories path <code>/private/var/db/emondClients</code>, specified in the [Launch Daemon](https://attack.mitre.org/techniques/T1543/004) configuration file at<code>/System/Library/LaunchDaemons/com.apple.emond.plist</code>.(Citation: xorrior emond Jan 2018)(Citation: magnusviri emond Apr 2016)(Citation: sentinelone macos persist Jun 2019)\n\nAdversaries may abuse this service by writing a rule to execute commands when a defined event occurs, such as system start up or user authentication.(Citation: xorrior emond Jan 2018)(Citation: magnusviri emond Apr 2016)(Citation: sentinelone macos persist Jun 2019) Adversaries may also be able to escalate privileges from administrator to root as the emond service is executed with root privileges by the [Launch Daemon](https://attack.mitre.org/techniques/T1543/004) service.",
            "id": "attack-pattern--9c45eaa3-8604-4780-8988-b5074dbb9ecd",
            "type": "attack-pattern",
            "kill_chain_phases": [
                {
                    "kill_chain_name": "mitre-attack",
                    "phase_name": "privilege-escalation"
                },
                {
                    "kill_chain_name": "mitre-attack",
                    "phase_name": "persistence"
                }
            ],
            "modified": "2020-03-24T21:37:25.307Z",
            "created": "2020-01-24T15:15:13.426Z",
            "x_mitre_version": "1.0",
            "x_mitre_is_subtechnique": true,
            "x_mitre_permissions_required": [
                "Administrator"
            ],
            "x_mitre_detection": "Monitor emond rules creation by checking for files created or modified in <code>/etc/emond.d/rules/</code> and <code>/private/var/db/emondClients</code>.",
            "x_mitre_data_sources": [
                "File monitoring"
            ],
            "x_mitre_contributors": [
                "Ivan Sinyakov"
            ],
            "x_mitre_platforms": [
                "macOS"
            ]
        }
    ]
}