{
    "type": "bundle",
    "id": "bundle--44f62ef1-fd2c-4806-adf1-a19dd386de05",
    "spec_version": "2.0",
    "objects": [
        {
            "external_references": [
                {
                    "source_name": "mitre-attack",
                    "external_id": "T1491",
                    "url": "https://attack.mitre.org/techniques/T1491"
                }
            ],
            "object_marking_refs": [
                "marking-definition--fa42a846-8d90-4e51-bc29-71d5b4802168"
            ],
            "created_by_ref": "identity--c78cb6e5-0c4b-4611-8297-d1b8b55e40b5",
            "name": "Defacement",
            "description": "Adversaries may modify visual content available internally or externally to an enterprise network. Reasons for [Defacement](https://attack.mitre.org/techniques/T1491) include delivering messaging, intimidation, or claiming (possibly false) credit for an intrusion. Disturbing or offensive images may be used as a part of [Defacement](https://attack.mitre.org/techniques/T1491) in order to cause user discomfort, or to pressure compliance with accompanying messages. \n",
            "id": "attack-pattern--5909f20f-3c39-4795-be06-ef1ea40d350b",
            "type": "attack-pattern",
            "kill_chain_phases": [
                {
                    "kill_chain_name": "mitre-attack",
                    "phase_name": "impact"
                }
            ],
            "modified": "2020-04-22T15:19:31.682Z",
            "created": "2019-04-08T17:51:41.390Z",
            "x_mitre_is_subtechnique": false,
            "x_mitre_version": "1.1",
            "x_mitre_platforms": [
                "Linux",
                "macOS",
                "Windows",
                "AWS",
                "GCP",
                "Azure"
            ],
            "x_mitre_impact_type": [
                "Integrity"
            ],
            "x_mitre_detection": "Monitor internal and external websites for unplanned content changes. Monitor application logs for abnormal behavior that may indicate attempted or successful exploitation. Use deep packet inspection to look for artifacts of common exploit traffic, such as SQL injection. Web Application Firewalls may detect improper inputs attempting exploitation.\n\n",
            "x_mitre_data_sources": [
                "Packet capture",
                "Web application firewall logs",
                "Web logs",
                "Packet capture"
            ]
        }
    ]
}