{
    "type": "bundle",
    "id": "bundle--a0b28de0-7089-49f5-87bd-3a18d828ec3f",
    "spec_version": "2.0",
    "objects": [
        {
            "external_references": [
                {
                    "source_name": "mitre-attack",
                    "external_id": "T1048.001",
                    "url": "https://attack.mitre.org/techniques/T1048/001"
                },
                {
                    "url": "https://arxiv.org/ftp/arxiv/papers/1408/1408.1136.pdf",
                    "description": "Gardiner, J.,  Cova, M., Nagaraja, S. (2014, February). Command & Control Understanding, Denying and Detecting. Retrieved April 20, 2016.",
                    "source_name": "University of Birmingham C2"
                }
            ],
            "object_marking_refs": [
                "marking-definition--fa42a846-8d90-4e51-bc29-71d5b4802168"
            ],
            "created_by_ref": "identity--c78cb6e5-0c4b-4611-8297-d1b8b55e40b5",
            "name": "Exfiltration Over Symmetric Encrypted Non-C2 Protocol",
            "description": "Adversaries may steal data by exfiltrating it over a symmetrically encrypted network protocol other than that of the existing command and control channel. The data may also be sent to an alternate network location from the main command and control server. \n\nSymmetric encryption algorithms are those that use shared or the same keys/secrets on each end of the channel. This requires an exchange or pre-arranged agreement/possession of the value used to encrypt and decrypt data. \n\nNetwork protocols that use asymmetric encryption often utilize symmetric encryption once keys are exchanged, but adversaries may opt to manually share keys and implement symmetric cryptographic algorithms (ex: RC4, AES) vice using mechanisms that are baked into a protocol. This may result in multiple layers of encryption (in protocols that are natively encrypted such as HTTPS) or encryption in protocols that not typically encrypted (such as HTTP or FTP). ",
            "id": "attack-pattern--79a4052e-1a89-4b09-aea6-51f1d11fe19c",
            "type": "attack-pattern",
            "kill_chain_phases": [
                {
                    "kill_chain_name": "mitre-attack",
                    "phase_name": "exfiltration"
                }
            ],
            "modified": "2020-03-28T00:43:24.228Z",
            "created": "2020-03-15T15:30:42.378Z",
            "x_mitre_version": "1.0",
            "x_mitre_is_subtechnique": true,
            "x_mitre_network_requirements": true,
            "x_mitre_detection": "Analyze network data for uncommon data flows (e.g., a client sending significantly more data than it receives from a server). Processes utilizing the network that do not normally have network communication or have never been seen before are suspicious.(Citation: University of Birmingham C2) \n\nArtifacts and evidence of symmetric key exchange may be recoverable by analyzing network traffic or looking for hard-coded values within malware. If recovered, these keys can be used to decrypt network data from command and control channels. ",
            "x_mitre_data_sources": [
                "Malware reverse engineering",
                "Network protocol analysis",
                "Netflow/Enclave netflow",
                "Packet capture",
                "Process use of network"
            ],
            "x_mitre_platforms": [
                "Linux",
                "macOS",
                "Windows"
            ]
        }
    ]
}