{
    "type": "bundle",
    "id": "bundle--f187abf2-a169-42d4-9e56-8ae1252ee2f8",
    "spec_version": "2.0",
    "objects": [
        {
            "external_references": [
                {
                    "source_name": "mitre-attack",
                    "external_id": "T1087.003",
                    "url": "https://attack.mitre.org/techniques/T1087/003"
                },
                {
                    "source_name": "Microsoft Exchange Address Lists",
                    "url": "https://docs.microsoft.com/en-us/exchange/email-addresses-and-address-books/address-lists/address-lists?view=exchserver-2019",
                    "description": "Microsoft. (2020, February 7). Address lists in Exchange Server. Retrieved March 26, 2020."
                },
                {
                    "source_name": "Microsoft getglobaladdresslist",
                    "url": "https://docs.microsoft.com/en-us/powershell/module/exchange/email-addresses-and-address-books/get-globaladdresslist",
                    "description": "Microsoft. (n.d.). Get-GlobalAddressList. Retrieved October 6, 2019."
                },
                {
                    "source_name": "Black Hills Attacking Exchange MailSniper, 2016",
                    "url": "https://www.blackhillsinfosec.com/attacking-exchange-with-mailsniper/",
                    "description": "Bullock, B.. (2016, October 3). Attacking Exchange with MailSniper. Retrieved October 6, 2019."
                }
            ],
            "object_marking_refs": [
                "marking-definition--fa42a846-8d90-4e51-bc29-71d5b4802168"
            ],
            "created_by_ref": "identity--c78cb6e5-0c4b-4611-8297-d1b8b55e40b5",
            "name": "Email Account",
            "description": "Adversaries may attempt to get a listing of email addresses and accounts. Adversaries may try to dump Exchange address lists such as global address lists (GALs).(Citation: Microsoft Exchange Address Lists)\n\nIn on-premises Exchange and Exchange Online, the<code>Get-GlobalAddressList</code> PowerShell cmdlet can be used to obtain email addresses and accounts from a domain using an authenticated session.(Citation: Microsoft getglobaladdresslist)(Citation: Black Hills Attacking Exchange MailSniper, 2016)",
            "id": "attack-pattern--4bc31b94-045b-4752-8920-aebaebdb6470",
            "type": "attack-pattern",
            "kill_chain_phases": [
                {
                    "kill_chain_name": "mitre-attack",
                    "phase_name": "discovery"
                }
            ],
            "modified": "2020-03-26T15:27:58.933Z",
            "created": "2020-02-21T21:08:33.237Z",
            "x_mitre_data_sources": [
                "Office 365 account logs",
                "Process monitoring",
                "Process command-line parameters"
            ],
            "x_mitre_permissions_required": [
                "User"
            ],
            "x_mitre_detection": "System and network discovery techniques normally occur throughout an operation as an adversary learns the environment. Data and events should not be viewed in isolation, but as part of a chain of behavior that could lead to other activities, such as Lateral Movement, based on the information obtained.\n\nMonitor processes and command-line arguments for actions that could be taken to gather system and network information. Remote access tools with built-in features may interact directly with the Windows API to gather information. Information may also be acquired through Windows system management tools such as [Windows Management Instrumentation](https://attack.mitre.org/techniques/T1047) and [PowerShell](https://attack.mitre.org/techniques/T1059/001).",
            "x_mitre_version": "1.0",
            "x_mitre_is_subtechnique": true,
            "x_mitre_platforms": [
                "Windows",
                "Office 365"
            ]
        }
    ]
}