{
    "type": "bundle",
    "id": "bundle--611e3509-7dd9-4245-9311-3f0fe2fa54ef",
    "spec_version": "2.0",
    "objects": [
        {
            "id": "attack-pattern--2e0dd10b-676d-4964-acd0-8a404c92b044",
            "name": "Disabling Security Tools",
            "external_references": [
                {
                    "source_name": "mitre-attack",
                    "url": "https://attack.mitre.org/techniques/T1089",
                    "external_id": "T1089"
                },
                {
                    "external_id": "CAPEC-578",
                    "source_name": "capec",
                    "url": "https://capec.mitre.org/data/definitions/578.html"
                }
            ],
            "revoked": true,
            "type": "attack-pattern",
            "modified": "2020-02-21T20:35:48.979Z",
            "created": "2017-05-31T21:31:07.958Z"
        }
    ]
}