{
    "type": "bundle",
    "id": "bundle--5d909e31-8a55-4a0c-ba0a-644af1acbd8e",
    "spec_version": "2.0",
    "objects": [
        {
            "external_references": [
                {
                    "source_name": "mitre-attack",
                    "external_id": "T1591",
                    "url": "https://attack.mitre.org/techniques/T1591"
                },
                {
                    "source_name": "ThreatPost Broadvoice Leak",
                    "url": "https://threatpost.com/broadvoice-leaks-350m-records-voicemail-transcripts/160158/",
                    "description": "Seals, T. (2020, October 15). Broadvoice Leak Exposes 350M Records, Personal Voicemail Transcripts. Retrieved October 20, 2020."
                },
                {
                    "source_name": "DOB Business Lookup",
                    "url": "https://www.dobsearch.com/business-lookup/",
                    "description": "Concert Technologies . (n.d.). Business Lookup - Company Name Search. Retrieved October 20, 2020."
                }
            ],
            "object_marking_refs": [
                "marking-definition--fa42a846-8d90-4e51-bc29-71d5b4802168"
            ],
            "created_by_ref": "identity--c78cb6e5-0c4b-4611-8297-d1b8b55e40b5",
            "name": "Gather Victim Org Information",
            "description": "Before compromising a victim, adversaries may gather information about the victim's organization that can be used during targeting. Information about an organization may include a variety of details, including the names of divisions/departments, specifics of business operations, as well as the roles and responsibilities of key employees.\n\nAdversaries may gather this information in various ways, such as direct elicitation via [Phishing for Information](https://attack.mitre.org/techniques/T1598). Information about an organization may also be exposed to adversaries via online or other accessible data sets (ex: [Social Media](https://attack.mitre.org/techniques/T1593/001) or [Search Victim-Owned Websites](https://attack.mitre.org/techniques/T1594)).(Citation: ThreatPost Broadvoice Leak)(Citation: DOB Business Lookup) Gathering this information may reveal opportunities for other forms of reconnaissance (ex: [Phishing for Information](https://attack.mitre.org/techniques/T1598) or [Search Open Websites/Domains](https://attack.mitre.org/techniques/T1593)), establishing operational resources (ex: [Establish Accounts](https://attack.mitre.org/techniques/T1585) or [Compromise Accounts](https://attack.mitre.org/techniques/T1586)), and/or initial access (ex: [Phishing](https://attack.mitre.org/techniques/T1566) or [Trusted Relationship](https://attack.mitre.org/techniques/T1199)).",
            "id": "attack-pattern--937e4772-8441-4e4a-8bf0-8d447d667e23",
            "type": "attack-pattern",
            "kill_chain_phases": [
                {
                    "kill_chain_name": "mitre-attack",
                    "phase_name": "reconnaissance"
                }
            ],
            "modified": "2020-10-24T04:10:36.479Z",
            "created": "2020-10-02T16:27:02.339Z",
            "x_mitre_detection": "Much of this activity may have a very high occurrence and associated false positive rate, as well as potentially taking place outside the visibility of the target organization, making detection difficult for defenders.\n\nDetection efforts may be focused on related stages of the adversary lifecycle, such as during Initial Access.",
            "x_mitre_version": "1.0",
            "x_mitre_is_subtechnique": false,
            "x_mitre_platforms": [
                "PRE"
            ]
        }
    ]
}