{
    "type": "bundle",
    "id": "bundle--dce4e9a0-83dc-4e92-900e-be735978e881",
    "spec_version": "2.0",
    "objects": [
        {
            "id": "attack-pattern--4bf5845d-a814-4490-bc5c-ccdee6043025",
            "name": "AppCert DLLs",
            "external_references": [
                {
                    "source_name": "mitre-attack",
                    "external_id": "T1182",
                    "url": "https://attack.mitre.org/techniques/T1182"
                },
                {
                    "url": "https://www.endgame.com/blog/technical-blog/ten-process-injection-techniques-technical-survey-common-and-trending-process",
                    "description": "Hosseini, A. (2017, July 18). Ten Process Injection Techniques: A Technical Survey Of Common And Trending Process Injection Techniques. Retrieved December 7, 2017.",
                    "source_name": "Endgame Process Injection July 2017"
                },
                {
                    "url": "https://technet.microsoft.com/en-us/sysinternals/bb963902",
                    "description": "Russinovich, M. (2016, January 4). Autoruns for Windows v13.51. Retrieved June 6, 2016.",
                    "source_name": "TechNet Autoruns"
                },
                {
                    "url": "https://forum.sysinternals.com/appcertdlls_topic12546.html",
                    "description": "Microsoft. (2007, October 24). Windows Sysinternals - AppCertDlls. Retrieved December 18, 2017.",
                    "source_name": "Sysinternals AppCertDlls Oct 2007"
                }
            ],
            "revoked": true,
            "type": "attack-pattern",
            "modified": "2020-01-24T14:48:05.567Z",
            "created": "2018-01-16T16:13:52.465Z"
        }
    ]
}