{
    "type": "bundle",
    "id": "bundle--704924a3-9972-4db7-8f3f-5151429c23f1",
    "spec_version": "2.0",
    "objects": [
        {
            "created": "2017-05-31T21:30:21.315Z",
            "modified": "2020-03-15T01:05:08.805Z",
            "kill_chain_phases": [
                {
                    "kill_chain_name": "mitre-attack",
                    "phase_name": "discovery"
                }
            ],
            "type": "attack-pattern",
            "object_marking_refs": [
                "marking-definition--fa42a846-8d90-4e51-bc29-71d5b4802168"
            ],
            "external_references": [
                {
                    "source_name": "mitre-attack",
                    "url": "https://attack.mitre.org/techniques/T1007",
                    "external_id": "T1007"
                },
                {
                    "external_id": "CAPEC-574",
                    "source_name": "capec",
                    "url": "https://capec.mitre.org/data/definitions/574.html"
                }
            ],
            "description": "Adversaries may try to get information about registered services. Commands that may obtain information about services using operating system utilities are \"sc,\" \"tasklist /svc\" using [Tasklist](https://attack.mitre.org/software/S0057), and \"net start\" using [Net](https://attack.mitre.org/software/S0039), but adversaries may also use other tools as well. Adversaries may use the information from [System Service Discovery](https://attack.mitre.org/techniques/T1007) during automated discovery to shape follow-on behaviors, including whether or not the adversary fully infects the target and/or attempts specific actions.",
            "name": "System Service Discovery",
            "created_by_ref": "identity--c78cb6e5-0c4b-4611-8297-d1b8b55e40b5",
            "id": "attack-pattern--322bad5a-1c49-4d23-ab79-76d641794afa",
            "x_mitre_version": "1.1",
            "x_mitre_data_sources": [
                "Process monitoring",
                "Process command-line parameters"
            ],
            "x_mitre_detection": "System and network discovery techniques normally occur throughout an operation as an adversary learns the environment. Data and events should not be viewed in isolation, but as part of a chain of behavior that could lead to other activities, such as Lateral Movement, based on the information obtained.\n\nMonitor processes and command-line arguments for actions that could be taken to gather system information related to services. Remote access tools with built-in features may interact directly with the Windows API to gather information. Information may also be acquired through Windows system management tools such as [Windows Management Instrumentation](https://attack.mitre.org/techniques/T1047) and [PowerShell](https://attack.mitre.org/techniques/T1059/001).",
            "x_mitre_permissions_required": [
                "User",
                "Administrator",
                "SYSTEM"
            ],
            "x_mitre_platforms": [
                "Windows"
            ],
            "x_mitre_is_subtechnique": false
        }
    ]
}