{
    "type": "bundle",
    "id": "bundle--1989c41c-a058-40b3-897c-371ba931936a",
    "spec_version": "2.0",
    "objects": [
        {
            "created": "2017-12-14T16:46:06.044Z",
            "modified": "2020-06-25T17:48:09.417Z",
            "kill_chain_phases": [
                {
                    "kill_chain_name": "mitre-attack",
                    "phase_name": "persistence"
                }
            ],
            "type": "attack-pattern",
            "object_marking_refs": [
                "marking-definition--fa42a846-8d90-4e51-bc29-71d5b4802168"
            ],
            "external_references": [
                {
                    "source_name": "mitre-attack",
                    "external_id": "T1137",
                    "url": "https://attack.mitre.org/techniques/T1137"
                },
                {
                    "source_name": "SensePost Ruler GitHub",
                    "url": "https://github.com/sensepost/ruler",
                    "description": "SensePost. (2016, August 18). Ruler: A tool to abuse Exchange services. Retrieved February 4, 2019."
                },
                {
                    "source_name": "TechNet O365 Outlook Rules",
                    "url": "https://blogs.technet.microsoft.com/office365security/defending-against-rules-and-forms-injection/",
                    "description": "Koeller, B.. (2018, February 21). Defending Against Rules and Forms Injection. Retrieved November 5, 2019."
                },
                {
                    "source_name": "CrowdStrike Outlook Forms",
                    "url": "https://malware.news/t/using-outlook-forms-for-lateral-movement-and-persistence/13746",
                    "description": "Parisi, T., et al. (2017, July). Using Outlook Forms for Lateral Movement and Persistence. Retrieved February 5, 2019."
                },
                {
                    "source_name": "Outlook Today Home Page",
                    "url": "https://medium.com/@bwtech789/outlook-today-homepage-persistence-33ea9b505943",
                    "description": "Soutcast. (2018, September 14). Outlook Today Homepage Persistence. Retrieved February 5, 2019."
                },
                {
                    "source_name": "Microsoft Detect Outlook Forms",
                    "url": "https://docs.microsoft.com/en-us/office365/securitycompliance/detect-and-remediate-outlook-rules-forms-attack",
                    "description": "Fox, C., Vangel, D. (2018, April 22). Detect and Remediate Outlook Rules and Custom Forms Injections Attacks in Office 365. Retrieved February 4, 2019."
                },
                {
                    "source_name": "SensePost NotRuler",
                    "url": "https://github.com/sensepost/notruler",
                    "description": "SensePost. (2017, September 21). NotRuler - The opposite of Ruler, provides blue teams with the ability to detect Ruler usage against Exchange. Retrieved February 4, 2019."
                }
            ],
            "description": "Adversaries may leverage Microsoft Office-based applications for persistence between startups. Microsoft Office is a fairly common application suite on Windows-based operating systems within an enterprise network. There are multiple mechanisms that can be used with Office for persistence when an Office-based application is started; this can include the use of Office Template Macros and add-ins.\n\nA variety of features have been discovered in Outlook that can be abused to obtain persistence, such as Outlook rules, forms, and Home Page.(Citation: SensePost Ruler GitHub) These persistence mechanisms can work within Outlook or be used through Office 365.(Citation: TechNet O365 Outlook Rules)",
            "name": "Office Application Startup",
            "created_by_ref": "identity--c78cb6e5-0c4b-4611-8297-d1b8b55e40b5",
            "id": "attack-pattern--2c4d4e92-0ccf-4a97-b54c-86d662988a53",
            "x_mitre_is_subtechnique": false,
            "x_mitre_version": "1.2",
            "x_mitre_contributors": [
                "Nick Carr, FireEye",
                "Microsoft Threat Intelligence Center (MSTIC)",
                "Sahar Shukrun",
                "Praetorian",
                "Loic Jaquemet",
                "Ricardo Dias"
            ],
            "x_mitre_data_sources": [
                "Mail server",
                "Process monitoring",
                "Process command-line parameters",
                "Windows Registry",
                "File monitoring"
            ],
            "x_mitre_detection": "Collect process execution information including process IDs (PID) and parent process IDs (PPID) and look for abnormal chains of activity resulting from Office processes. Non-standard process execution trees may also indicate suspicious or malicious behavior. If winword.exe is the parent process for suspicious processes and activity relating to other adversarial techniques, then it could indicate that the application was used maliciously.\n\nMany Office-related persistence mechanisms require changes to the Registry and for binaries, files, or scripts to be written to disk or existing files modified to include malicious scripts. Collect events related to Registry key creation and modification for keys that could be used for Office-based persistence.(Citation: CrowdStrike Outlook Forms)(Citation: Outlook Today Home Page)\n\nMicrosoft has released a PowerShell script to safely gather mail forwarding rules and custom forms in your mail environment as well as steps to interpret the output.(Citation: Microsoft Detect Outlook Forms) SensePost, whose tool [Ruler](https://attack.mitre.org/software/S0358) can be used to carry out malicious rules, forms, and Home Page attacks, has released a tool to detect Ruler usage.(Citation: SensePost NotRuler)",
            "x_mitre_permissions_required": [
                "User",
                "Administrator"
            ],
            "x_mitre_platforms": [
                "Windows",
                "Office 365"
            ]
        }
    ]
}