{
    "type": "bundle",
    "id": "bundle--f331b9de-b3cb-4097-94ea-2b22fd096209",
    "spec_version": "2.0",
    "objects": [
        {
            "external_references": [
                {
                    "source_name": "mitre-attack",
                    "external_id": "T1487",
                    "url": "https://attack.mitre.org/techniques/T1487"
                },
                {
                    "source_name": "Symantec Shamoon 2012",
                    "url": "https://www.symantec.com/connect/blogs/shamoon-attacks",
                    "description": "Symantec. (2012, August 16). The Shamoon Attacks. Retrieved March 14, 2019."
                },
                {
                    "url": "https://www.fireeye.com/blog/threat-research/2016/11/fireeye_respondsto.html",
                    "description": "FireEye. (2016, November 30). FireEye Responds to Wave of Destructive Cyber Attacks in Gulf Region. Retrieved January 11, 2017.",
                    "source_name": "FireEye Shamoon Nov 2016"
                },
                {
                    "url": "http://researchcenter.paloaltonetworks.com/2016/11/unit42-shamoon-2-return-disttrack-wiper/",
                    "description": "Falcone, R.. (2016, November 30). Shamoon 2: Return of the Disttrack Wiper. Retrieved January 11, 2017.",
                    "source_name": "Palo Alto Shamoon Nov 2016"
                },
                {
                    "source_name": "Kaspersky StoneDrill 2017",
                    "url": "https://media.kasperskycontenthub.com/wp-content/uploads/sites/43/2018/03/07180722/Report_Shamoon_StoneDrill_final.pdf",
                    "description": "Kaspersky Lab. (2017, March 7). From Shamoon to StoneDrill: Wipers attacking Saudi organizations and beyond. Retrieved March 14, 2019."
                },
                {
                    "source_name": "Unit 42 Shamoon3 2018",
                    "url": "https://unit42.paloaltonetworks.com/shamoon-3-targets-oil-gas-organization/",
                    "description": "Falcone, R. (2018, December 13). Shamoon 3 Targets Oil and Gas Organization. Retrieved March 14, 2019."
                }
            ],
            "name": "Disk Structure Wipe",
            "id": "attack-pattern--2e114e45-2c50-404c-804a-3af9564d240e",
            "revoked": true,
            "type": "attack-pattern",
            "modified": "2020-02-20T22:11:00.106Z",
            "created": "2019-03-19T19:38:27.097Z"
        }
    ]
}