{
    "type": "bundle",
    "id": "bundle--1e57d2d4-17c1-4e1f-a93f-535986f4d073",
    "spec_version": "2.0",
    "objects": [
        {
            "external_references": [
                {
                    "source_name": "mitre-attack",
                    "external_id": "T1585.001",
                    "url": "https://attack.mitre.org/techniques/T1585/001"
                },
                {
                    "source_name": "NEWSCASTER2014",
                    "description": "Lennon, M. (2014, May 29). Iranian Hackers Targeted US Officials in Elaborate Social Media Attack Operation. Retrieved March 1, 2017.",
                    "url": "https://www.securityweek.com/iranian-hackers-targeted-us-officials-elaborate-social-media-attack-operation"
                },
                {
                    "source_name": "BlackHatRobinSage",
                    "description": "Ryan, T. (2010). \u201cGetting In Bed with Robin Sage.\u201d. Retrieved March 6, 2017.",
                    "url": "http://media.blackhat.com/bh-us-10/whitepapers/Ryan/BlackHat-USA-2010-Ryan-Getting-In-Bed-With-Robin-Sage-v1.0.pdf"
                }
            ],
            "object_marking_refs": [
                "marking-definition--fa42a846-8d90-4e51-bc29-71d5b4802168"
            ],
            "created_by_ref": "identity--c78cb6e5-0c4b-4611-8297-d1b8b55e40b5",
            "name": "Social Media Accounts",
            "description": "Before compromising a victim, adversaries may create and cultivate social media accounts that can be used during targeting. Adversaries can create social media accounts that can be used to build a persona to further operations. Persona development consists of the development of public information, presence, history and appropriate affiliations.(Citation: NEWSCASTER2014)(Citation: BlackHatRobinSage)\n\nFor operations incorporating social engineering, the utilization of a persona on social media may be important. These personas may be fictitious or impersonate real people. The persona may exist on a single social media site or across multiple sites (ex: Facebook, LinkedIn, Twitter, etc.). Establishing a persona  on social media may require development of additional documentation to make them seem real. This could include filling out profile information, developing social networks, or incorporating photos. \n\nOnce a persona has been developed an adversary can use it to create connections to targets of interest. These connections may be direct or may include trying to connect through others.(Citation: NEWSCASTER2014)(Citation: BlackHatRobinSage) These accounts may be leveraged during other phases of the adversary lifecycle, such as during Initial Access (ex: [Spearphishing via Service](https://attack.mitre.org/techniques/T1566/003)).",
            "id": "attack-pattern--b1ccd744-3f78-4a0e-9bb2-2002057f7928",
            "type": "attack-pattern",
            "kill_chain_phases": [
                {
                    "kill_chain_name": "mitre-attack",
                    "phase_name": "resource-development"
                }
            ],
            "modified": "2020-10-20T17:58:13.557Z",
            "created": "2020-10-01T01:08:41.124Z",
            "x_mitre_data_sources": [
                "Social media monitoring"
            ],
            "x_mitre_detection": "Consider monitoring social media activity related to your organization. Suspicious activity may include personas claiming to work for your organization or recently created/modified accounts making numerous connection requests to accounts affiliated with your organization.\n\nDetection efforts may be focused on related stages of the adversary lifecycle, such as during Initial Access (ex: [Spearphishing via Service](https://attack.mitre.org/techniques/T1566/003)).",
            "x_mitre_version": "1.0",
            "x_mitre_is_subtechnique": true,
            "x_mitre_platforms": [
                "PRE"
            ]
        }
    ]
}