{
    "type": "bundle",
    "id": "bundle--e82a0d99-328e-4134-9f27-3523f791d07d",
    "spec_version": "2.0",
    "objects": [
        {
            "id": "attack-pattern--a127c32c-cbb0-4f9d-be07-881a792408ec",
            "name": "Mshta",
            "external_references": [
                {
                    "source_name": "mitre-attack",
                    "external_id": "T1170",
                    "url": "https://attack.mitre.org/techniques/T1170"
                },
                {
                    "source_name": "Wikipedia HTML Application",
                    "description": "Wikipedia. (2017, October 14). HTML Application. Retrieved October 27, 2017.",
                    "url": "https://en.wikipedia.org/wiki/HTML_Application"
                },
                {
                    "source_name": "MSDN HTML Applications",
                    "description": "Microsoft. (n.d.). HTML Applications. Retrieved October 27, 2017.",
                    "url": "https://msdn.microsoft.com/library/ms536471.aspx"
                },
                {
                    "source_name": "Cylance Dust Storm",
                    "description": "Gross, J. (2016, February 23). Operation Dust Storm. Retrieved September 19, 2017.",
                    "url": "https://www.cylance.com/content/dam/cylance/pdfs/reports/Op_Dust_Storm_Report.pdf"
                },
                {
                    "source_name": "Red Canary HTA Abuse Part Deux",
                    "description": "McCammon, K. (2015, August 14). Microsoft HTML Application (HTA) Abuse, Part Deux. Retrieved October 27, 2017.",
                    "url": "https://www.redcanary.com/blog/microsoft-html-application-hta-abuse-part-deux/"
                },
                {
                    "url": "https://www.fireeye.com/blog/threat-research/2017/04/cve-2017-0199-hta-handler.html",
                    "description": "Berry, A., Galang, L., Jiang, G., Leathery, J., Mohandas, R. (2017, April 11). CVE-2017-0199: In the Wild Attacks Leveraging HTA Handler. Retrieved October 27, 2017.",
                    "source_name": "FireEye Attacks Leveraging HTA"
                },
                {
                    "description": "Dove, A. (2016, March 23). Fileless Malware \u2013 A Behavioural Analysis Of Kovter Persistence. Retrieved December 5, 2017.",
                    "source_name": "Airbus Security Kovter Analysis",
                    "url": "https://airbus-cyber-security.com/fileless-malware-behavioural-analysis-kovter-persistence/"
                },
                {
                    "url": "https://www.fireeye.com/blog/threat-research/2017/04/fin7-phishing-lnk.html",
                    "description": "Carr, N., et al. (2017, April 24). FIN7 Evolution and the Phishing LNK. Retrieved April 24, 2017.",
                    "source_name": "FireEye FIN7 April 2017"
                },
                {
                    "source_name": "LOLBAS Mshta",
                    "url": "https://lolbas-project.github.io/lolbas/Binaries/Mshta/",
                    "description": "LOLBAS. (n.d.). Mshta.exe. Retrieved July 31, 2019."
                }
            ],
            "revoked": true,
            "type": "attack-pattern",
            "modified": "2020-01-31T18:59:59.041Z",
            "created": "2018-01-16T16:13:52.465Z"
        }
    ]
}