{
    "type": "bundle",
    "id": "bundle--d2b2eb5c-e5f1-4a12-8251-c3c3d9194151",
    "spec_version": "2.0",
    "objects": [
        {
            "object_marking_refs": [
                "marking-definition--fa42a846-8d90-4e51-bc29-71d5b4802168"
            ],
            "external_references": [
                {
                    "source_name": "mitre-attack",
                    "external_id": "T1140",
                    "url": "https://attack.mitre.org/techniques/T1140"
                },
                {
                    "url": "https://blog.malwarebytes.com/cybercrime/social-engineering-cybercrime/2017/03/new-targeted-attack-saudi-arabia-government/",
                    "description": "Malwarebytes Labs. (2017, March 27). New targeted attack against Saudi Arabia Government. Retrieved July 3, 2017.",
                    "source_name": "Malwarebytes Targeted Attack against Saudi Arabia"
                },
                {
                    "url": "https://www.carbonblack.com/2016/09/23/security-advisory-variants-well-known-adware-families-discovered-include-sophisticated-obfuscation-techniques-previously-associated-nation-state-attacks/",
                    "description": "Tedesco, B. (2016, September 23). Security Alert Summary. Retrieved February 12, 2018.",
                    "source_name": "Carbon Black Obfuscation Sept 2016"
                },
                {
                    "url": "https://www.volexity.com/blog/2016/11/09/powerduke-post-election-spear-phishing-campaigns-targeting-think-tanks-and-ngos/",
                    "description": "Adair, S.. (2016, November 9). PowerDuke: Widespread Post-Election Spear Phishing Campaigns Targeting Think Tanks and NGOs. Retrieved January 11, 2017.",
                    "source_name": "Volexity PowerDuke November 2016"
                }
            ],
            "description": "Adversaries may use [Obfuscated Files or Information](https://attack.mitre.org/techniques/T1027) to hide artifacts of an intrusion from analysis. They may require separate mechanisms to decode or deobfuscate that information depending on how they intend to use it. Methods for doing that include built-in functionality of malware or by using utilities present on the system.\n\nOne such example is use of [certutil](https://attack.mitre.org/software/S0160) to decode a remote access tool portable executable file that has been hidden inside a certificate file. (Citation: Malwarebytes Targeted Attack against Saudi Arabia) Another example is using the Windows <code>copy /b</code> command to reassemble binary fragments into a malicious payload. (Citation: Carbon Black Obfuscation Sept 2016)\n\nSometimes a user's action may be required to open it for deobfuscation or decryption as part of [User Execution](https://attack.mitre.org/techniques/T1204). The user may also be required to input a password to open a password protected compressed/encrypted file that was provided by the adversary. (Citation: Volexity PowerDuke November 2016)",
            "name": "Deobfuscate/Decode Files or Information",
            "created_by_ref": "identity--c78cb6e5-0c4b-4611-8297-d1b8b55e40b5",
            "id": "attack-pattern--3ccef7ae-cb5e-48f6-8302-897105fbf55c",
            "type": "attack-pattern",
            "kill_chain_phases": [
                {
                    "kill_chain_name": "mitre-attack",
                    "phase_name": "defense-evasion"
                }
            ],
            "modified": "2020-07-09T14:42:23.122Z",
            "created": "2017-12-14T16:46:06.044Z",
            "x_mitre_is_subtechnique": false,
            "x_mitre_version": "1.1",
            "x_mitre_contributors": [
                "Matthew Demaske, Adaptforward",
                "Red Canary"
            ],
            "x_mitre_data_sources": [
                "File monitoring",
                "Process monitoring",
                "Process command-line parameters"
            ],
            "x_mitre_defense_bypassed": [
                "Anti-virus",
                "Host intrusion prevention systems",
                "Signature-based detection",
                "Network intrusion detection system"
            ],
            "x_mitre_detection": "Detecting the action of deobfuscating or decoding files or information may be difficult depending on the implementation. If the functionality is contained within malware and uses the Windows API, then attempting to detect malicious behavior before or after the action may yield better results than attempting to perform analysis on loaded libraries or API calls. If scripts are used, then collecting the scripts for analysis may be necessary. Perform process and command-line monitoring to detect potentially malicious behavior related to scripts and system utilities such as [certutil](https://attack.mitre.org/software/S0160).\n\nMonitor the execution file paths and command-line arguments for common archive file applications and extensions, such as those for Zip and RAR archive tools, and correlate with other suspicious behavior to reduce false positives from normal user and administrator behavior.",
            "x_mitre_permissions_required": [
                "User"
            ],
            "x_mitre_platforms": [
                "Windows",
                "Linux",
                "macOS"
            ]
        }
    ]
}