{
    "type": "bundle",
    "id": "bundle--0c749dac-245b-40f3-bc14-f0a149a43476",
    "spec_version": "2.0",
    "objects": [
        {
            "external_references": [
                {
                    "source_name": "mitre-attack",
                    "external_id": "T1562.002",
                    "url": "https://attack.mitre.org/techniques/T1562/002"
                },
                {
                    "source_name": "Windows Log Events",
                    "url": "https://www.ultimatewindowssecurity.com/securitylog/encyclopedia/",
                    "description": "Franklin Smith. (n.d.). Windows Security Log Events. Retrieved February 21, 2020."
                }
            ],
            "object_marking_refs": [
                "marking-definition--fa42a846-8d90-4e51-bc29-71d5b4802168"
            ],
            "created_by_ref": "identity--c78cb6e5-0c4b-4611-8297-d1b8b55e40b5",
            "name": "Disable Windows Event Logging",
            "description": "Adversaries may disable Windows event logging to limit data that can be leveraged for detections and audits. Windows event logs record user and system activity such as login attempts, process creation, and much more.(Citation: Windows Log Events) This data is used by security tools and analysts to generate detections.\n\nAdversaries may targeting system-wide logging or just that of a particular application. By disabling Windows event logging, adversaries can operate while leaving less evidence of a compromise behind.",
            "id": "attack-pattern--4eb28bed-d11a-4641-9863-c2ac017d910a",
            "type": "attack-pattern",
            "kill_chain_phases": [
                {
                    "kill_chain_name": "mitre-attack",
                    "phase_name": "defense-evasion"
                }
            ],
            "modified": "2020-03-29T22:02:33.870Z",
            "created": "2020-02-21T20:46:36.688Z",
            "x_mitre_version": "1.0",
            "x_mitre_is_subtechnique": true,
            "x_mitre_permissions_required": [
                "Administrator"
            ],
            "x_mitre_defense_bypassed": [
                "Log analysis"
            ],
            "x_mitre_detection": "Monitor processes and command-line arguments for commands that can be used to disable logging. Lack of event logs may be suspicious.",
            "x_mitre_data_sources": [
                "Process monitoring",
                "Windows event logs",
                "Process command-line parameters"
            ],
            "x_mitre_platforms": [
                "Windows"
            ]
        }
    ]
}