{
    "type": "bundle",
    "id": "bundle--574934d0-d6e2-4abe-af5a-ba1d49cd6e61",
    "spec_version": "2.0",
    "objects": [
        {
            "id": "attack-pattern--5ad95aaa-49c1-4784-821d-2e83f47b079b",
            "name": "AppleScript",
            "external_references": [
                {
                    "source_name": "mitre-attack",
                    "external_id": "T1155",
                    "url": "https://attack.mitre.org/techniques/T1155"
                },
                {
                    "url": "https://www.mcafee.com/blogs/other-blogs/mcafee-labs/macro-malware-targets-macs/",
                    "description": "Yerko Grbic. (2017, February 14). Macro Malware Targets Macs. Retrieved July 8, 2017.",
                    "source_name": "Macro Malware Targets Macs"
                }
            ],
            "revoked": true,
            "type": "attack-pattern",
            "modified": "2020-04-14T13:26:00.846Z",
            "created": "2017-12-14T16:46:06.044Z"
        }
    ]
}