{
    "type": "bundle",
    "id": "bundle--c1da97b7-61d4-406d-8c73-cbdfc4acdb6a",
    "spec_version": "2.0",
    "objects": [
        {
            "created": "2020-02-11T18:25:28.212Z",
            "modified": "2020-03-23T21:16:02.812Z",
            "kill_chain_phases": [
                {
                    "kill_chain_name": "mitre-attack",
                    "phase_name": "lateral-movement"
                }
            ],
            "type": "attack-pattern",
            "id": "attack-pattern--4f9ca633-15c5-463c-9724-bdcd54fde541",
            "description": "Adversaries may use [Valid Accounts](https://attack.mitre.org/techniques/T1078) to interact with a remote network share using Server Message Block (SMB). The adversary may then perform actions as the logged-on user.\n\nSMB is a file, printer, and serial port sharing protocol for Windows machines on the same network or domain. Adversaries may use SMB to interact with file shares, allowing them to move laterally throughout a network. Linux and macOS implementations of SMB typically use Samba.\n\nWindows systems have hidden network shares that are accessible only to administrators and provide the ability for remote file copy and other administrative functions. Example network shares include `C$`, `ADMIN$`, and `IPC$`. Adversaries may use this technique in conjunction with administrator-level [Valid Accounts](https://attack.mitre.org/techniques/T1078) to remotely access a networked system over SMB,(Citation: Wikipedia Server Message Block) to interact with systems using remote procedure calls (RPCs),(Citation: TechNet RPC) transfer files, and run transferred binaries through remote Execution. Example execution techniques that rely on authenticated sessions over SMB/RPC are [Scheduled Task/Job](https://attack.mitre.org/techniques/T1053), [Service Execution](https://attack.mitre.org/techniques/T1569/002), and [Windows Management Instrumentation](https://attack.mitre.org/techniques/T1047). Adversaries can also use NTLM hashes to access administrator shares on systems with [Pass the Hash](https://attack.mitre.org/techniques/T1550/002) and certain configuration and patch levels.(Citation: Microsoft Admin Shares)",
            "name": "SMB/Windows Admin Shares",
            "created_by_ref": "identity--c78cb6e5-0c4b-4611-8297-d1b8b55e40b5",
            "object_marking_refs": [
                "marking-definition--fa42a846-8d90-4e51-bc29-71d5b4802168"
            ],
            "external_references": [
                {
                    "source_name": "mitre-attack",
                    "external_id": "T1021.002",
                    "url": "https://attack.mitre.org/techniques/T1021/002"
                },
                {
                    "external_id": "CAPEC-561",
                    "source_name": "capec",
                    "url": "https://capec.mitre.org/data/definitions/561.html"
                },
                {
                    "url": "https://en.wikipedia.org/wiki/Server_Message_Block",
                    "description": "Wikipedia. (2017, December 16). Server Message Block. Retrieved December 21, 2017.",
                    "source_name": "Wikipedia Server Message Block"
                },
                {
                    "url": "https://technet.microsoft.com/en-us/library/cc787851.aspx",
                    "description": "Microsoft. (2003, March 28). What Is RPC?. Retrieved June 12, 2016.",
                    "source_name": "TechNet RPC"
                },
                {
                    "url": "http://support.microsoft.com/kb/314984",
                    "description": "Microsoft. (n.d.). How to create and delete hidden or administrative shares on client computers. Retrieved November 20, 2014.",
                    "source_name": "Microsoft Admin Shares"
                },
                {
                    "source_name": "Lateral Movement Payne",
                    "description": "Payne, J. (2015, November 26). Tracking Lateral Movement Part One - Special Groups and Specific Service Accounts. Retrieved February 1, 2016.",
                    "url": "https://docs.microsoft.com/en-us/archive/blogs/jepayne/tracking-lateral-movement-part-one-special-groups-and-specific-service-accounts"
                },
                {
                    "url": "https://docs.microsoft.com/en-us/archive/blogs/jepayne/monitoring-what-matters-windows-event-forwarding-for-everyone-even-if-you-already-have-a-siem",
                    "description": "Payne, J. (2015, November 23). Monitoring what matters - Windows Event Forwarding for everyone (even if you already have a SIEM.). Retrieved February 1, 2016.",
                    "source_name": "Windows Event Forwarding Payne"
                },
                {
                    "description": "French, D. (2018, October 9). Detecting & Removing an Attacker\u2019s WMI Persistence. Retrieved October 11, 2019.",
                    "url": "https://medium.com/threatpunter/detecting-removing-wmi-persistence-60ccbb7dff96",
                    "source_name": "Medium Detecting WMI Persistence"
                }
            ],
            "x_mitre_platforms": [
                "Windows"
            ],
            "x_mitre_is_subtechnique": true,
            "x_mitre_version": "1.0",
            "x_mitre_detection": "Ensure that proper logging of accounts used to log into systems is turned on and centrally collected. Windows logging is able to collect success/failure for accounts that may be used to move laterally and can be collected using tools such as Windows Event Forwarding. (Citation: Lateral Movement Payne)(Citation: Windows Event Forwarding Payne) Monitor remote login events and associated SMB activity for file transfers and remote process execution. Monitor the actions of remote users who connect to administrative shares. Monitor for use of tools and commands to connect to remote shares, such as [Net](https://attack.mitre.org/software/S0039), on the command-line interface and Discovery techniques that could be used to find remotely accessible systems.(Citation: Medium Detecting WMI Persistence)",
            "x_mitre_permissions_required": [
                "User",
                "Administrator"
            ],
            "x_mitre_data_sources": [
                "Process command-line parameters",
                "Process monitoring",
                "Authentication logs",
                "Process use of network"
            ],
            "x_mitre_system_requirements": [
                "SMB enabled; Host/network firewalls not blocking SMB ports between source and destination; Use of domain account in administrator group on remote system or default system admin account."
            ]
        }
    ]
}