{
    "type": "bundle",
    "id": "bundle--12514f8b-afaf-4652-a2bc-4d7e2627b7f9",
    "spec_version": "2.0",
    "objects": [
        {
            "id": "attack-pattern--428ca9f8-0e33-442a-be87-f869cb4cf73e",
            "name": "Multilayer Encryption",
            "external_references": [
                {
                    "source_name": "mitre-attack",
                    "external_id": "T1079",
                    "url": "https://attack.mitre.org/techniques/T1079"
                },
                {
                    "url": "http://www.sans.org/reading-room/whitepapers/analyst/finding-hidden-threats-decrypting-ssl-34840",
                    "description": "Butler, M. (2013, November). Finding Hidden Threats by Decrypting SSL. Retrieved April 5, 2016.",
                    "source_name": "SANS Decrypting SSL"
                },
                {
                    "url": "https://insights.sei.cmu.edu/cert/2015/03/the-risks-of-ssl-inspection.html",
                    "description": "Dormann, W. (2015, March 13). The Risks of SSL Inspection. Retrieved April 5, 2016.",
                    "source_name": "SEI SSL Inspection Risks"
                },
                {
                    "url": "https://www.fidelissecurity.com/sites/default/files/FTA_1018_looking_at_the_sky_for_a_dark_comet.pdf",
                    "description": "Fidelis Cybersecurity. (2015, August 4). Looking at the Sky for a DarkComet. Retrieved April 5, 2016.",
                    "source_name": "Fidelis DarkComet"
                },
                {
                    "url": "https://arxiv.org/ftp/arxiv/papers/1408/1408.1136.pdf",
                    "description": "Gardiner, J.,  Cova, M., Nagaraja, S. (2014, February). Command & Control Understanding, Denying and Detecting. Retrieved April 20, 2016.",
                    "source_name": "University of Birmingham C2"
                }
            ],
            "revoked": true,
            "type": "attack-pattern",
            "modified": "2020-03-24T14:09:11.589Z",
            "created": "2017-05-31T21:31:01.315Z"
        }
    ]
}