{
    "type": "bundle",
    "id": "bundle--058aa3d5-23bd-4d4b-9722-b0e212243711",
    "spec_version": "2.0",
    "objects": [
        {
            "id": "attack-pattern--317fefa6-46c7-4062-adb6-2008cf6bcb41",
            "name": "AppInit DLLs",
            "external_references": [
                {
                    "source_name": "mitre-attack",
                    "external_id": "T1103",
                    "url": "https://attack.mitre.org/techniques/T1103"
                },
                {
                    "url": "https://www.endgame.com/blog/technical-blog/ten-process-injection-techniques-technical-survey-common-and-trending-process",
                    "description": "Hosseini, A. (2017, July 18). Ten Process Injection Techniques: A Technical Survey Of Common And Trending Process Injection Techniques. Retrieved December 7, 2017.",
                    "source_name": "Endgame Process Injection July 2017"
                },
                {
                    "url": "https://support.microsoft.com/en-us/kb/197571",
                    "description": "Microsoft. (2006, October). Working with the AppInit_DLLs registry value. Retrieved July 15, 2015.",
                    "source_name": "AppInit Registry"
                },
                {
                    "url": "https://msdn.microsoft.com/en-us/library/dn280412",
                    "description": "Microsoft. (n.d.). AppInit DLLs and Secure Boot. Retrieved July 15, 2015.",
                    "source_name": "AppInit Secure Boot"
                },
                {
                    "url": "https://technet.microsoft.com/en-us/sysinternals/bb963902",
                    "description": "Russinovich, M. (2016, January 4). Autoruns for Windows v13.51. Retrieved June 6, 2016.",
                    "source_name": "TechNet Autoruns"
                }
            ],
            "revoked": true,
            "type": "attack-pattern",
            "modified": "2020-01-24T14:52:55.240Z",
            "created": "2017-05-31T21:31:15.409Z"
        }
    ]
}