{
    "type": "bundle",
    "id": "bundle--e04eef04-94c8-4fbd-9a0e-d1d586f48c4f",
    "spec_version": "2.0",
    "objects": [
        {
            "created": "2020-10-19T13:40:11.118Z",
            "modified": "2020-10-22T02:24:54.640Z",
            "kill_chain_phases": [
                {
                    "kill_chain_name": "mitre-attack",
                    "phase_name": "exfiltration"
                }
            ],
            "type": "attack-pattern",
            "id": "attack-pattern--7c46b364-8496-4234-8a56-f7e6727e21e1",
            "description": "Adversaries may leverage traffic mirroring in order to automate data exfiltration over compromised network infrastructure.  Traffic mirroring is a native feature for some network devices and used for network analysis and may be configured to duplicate traffic and forward to one or more destinations for analysis by a network analyzer or other monitoring device. (Citation: Cisco Traffic Mirroring) (Citation: Juniper Traffic Mirroring)\n\nAdversaries may abuse traffic mirroring to mirror or redirect network traffic through other network infrastructure they control. Malicious modifications to network devices to enable traffic redirection may be possible through [ROMMONkit](https://attack.mitre.org/techniques/T1542/004) or [Patch System Image](https://attack.mitre.org/techniques/T1601/001).(Citation: US-CERT-TA18-106A)(Citation: Cisco Blog Legacy Device Attacks) Adversaries may use traffic duplication in conjunction with [Network Sniffing](https://attack.mitre.org/techniques/T1040), [Input Capture](https://attack.mitre.org/techniques/T1056), or [Man-in-the-Middle](https://attack.mitre.org/techniques/T1557) depending on the goals and objectives of the adversary.",
            "name": "Traffic Duplication",
            "created_by_ref": "identity--c78cb6e5-0c4b-4611-8297-d1b8b55e40b5",
            "object_marking_refs": [
                "marking-definition--fa42a846-8d90-4e51-bc29-71d5b4802168"
            ],
            "external_references": [
                {
                    "source_name": "mitre-attack",
                    "external_id": "T1020.001",
                    "url": "https://attack.mitre.org/techniques/T1020/001"
                },
                {
                    "external_id": "CAPEC-117",
                    "source_name": "capec",
                    "url": "https://capec.mitre.org/data/definitions/117.html"
                },
                {
                    "source_name": "Cisco Traffic Mirroring",
                    "url": "https://www.cisco.com/c/en/us/td/docs/routers/crs/software/crs_r5-1/interfaces/configuration/guide/hc51xcrsbook/hc51span.html",
                    "description": "Cisco. (n.d.). Cisco IOS XR Interface and Hardware Component Configuration Guide for the Cisco CRS Router, Release 5.1.x. Retrieved October 19, 2020."
                },
                {
                    "source_name": "Juniper Traffic Mirroring",
                    "url": "https://www.juniper.net/documentation/en_US/junos/topics/concept/port-mirroring-ex-series.html",
                    "description": "Juniper. (n.d.). Understanding Port Mirroring on EX2200, EX3200, EX3300, EX4200, EX4500, EX4550, EX6200, and EX8200 Series Switches. Retrieved October 19, 2020."
                },
                {
                    "source_name": "US-CERT-TA18-106A",
                    "url": "https://www.us-cert.gov/ncas/alerts/TA18-106A",
                    "description": "US-CERT. (2018, April 20). Alert (TA18-106A) Russian State-Sponsored Cyber Actors Targeting Network Infrastructure Devices. Retrieved October 19, 2020."
                },
                {
                    "source_name": "Cisco Blog Legacy Device Attacks",
                    "url": "https://community.cisco.com/t5/security-blogs/attackers-continue-to-target-legacy-devices/ba-p/4169954",
                    "description": "Omar Santos. (2020, October 19). Attackers Continue to Target Legacy Devices. Retrieved October 20, 2020."
                }
            ],
            "x_mitre_platforms": [
                "Network"
            ],
            "x_mitre_data_sources": [
                "Netflow/Enclave netflow",
                "Packet capture",
                "Network protocol analysis"
            ],
            "x_mitre_detection": "Monitor network traffic for uncommon data flows (e.g. unusual network communications, suspicious communications that have never been seen before, communications sending fixed size data packets at regular intervals).  Analyze packet contents to detect communications that do not follow the expected protocol behavior for the port that is being used. ",
            "x_mitre_permissions_required": [
                "Administrator"
            ],
            "x_mitre_is_subtechnique": true,
            "x_mitre_version": "1.0"
        }
    ]
}