{
    "type": "bundle",
    "id": "bundle--0c0607e4-e7a5-4b25-9414-353b86612112",
    "spec_version": "2.0",
    "objects": [
        {
            "id": "attack-pattern--6ff403bc-93e3-48be-8687-e102fdba8c88",
            "name": "Software Packing",
            "external_references": [
                {
                    "source_name": "mitre-attack",
                    "external_id": "T1045",
                    "url": "https://attack.mitre.org/techniques/T1045"
                },
                {
                    "external_id": "CAPEC-570",
                    "source_name": "capec",
                    "url": "https://capec.mitre.org/data/definitions/570.html"
                },
                {
                    "url": "http://en.wikipedia.org/wiki/Executable_compression",
                    "description": "Executable compression. (n.d.). Retrieved December 4, 2014.",
                    "source_name": "Wikipedia Exe Compression"
                },
                {
                    "source_name": "ESET FinFisher Jan 2018",
                    "url": "https://www.welivesecurity.com/wp-content/uploads/2018/01/WP-FinFisher.pdf",
                    "description": "Kafka, F. (2018, January). ESET's Guide to Deobfuscating and Devirtualizing FinFisher. Retrieved August 12, 2019."
                }
            ],
            "revoked": true,
            "type": "attack-pattern",
            "modified": "2020-02-05T14:18:21.533Z",
            "created": "2017-05-31T21:30:43.472Z"
        }
    ]
}