{
    "type": "bundle",
    "id": "bundle--da75d2db-5de7-4488-a493-5bdbfc3b1a30",
    "spec_version": "2.0",
    "objects": [
        {
            "external_references": [
                {
                    "source_name": "mitre-attack",
                    "external_id": "T1090.003",
                    "url": "https://attack.mitre.org/techniques/T1090/003"
                },
                {
                    "source_name": "Onion Routing",
                    "url": "https://en.wikipedia.org/wiki/Onion_routing",
                    "description": "Wikipedia. (n.d.). Onion Routing. Retrieved October 20, 2020."
                }
            ],
            "object_marking_refs": [
                "marking-definition--fa42a846-8d90-4e51-bc29-71d5b4802168"
            ],
            "created_by_ref": "identity--c78cb6e5-0c4b-4611-8297-d1b8b55e40b5",
            "name": "Multi-hop Proxy",
            "description": "To disguise the source of malicious traffic, adversaries may chain together multiple proxies. Typically, a defender will be able to identify the last proxy traffic traversed before it enters their network; the defender may or may not be able to identify any previous proxies before the last-hop proxy. This technique makes identifying the original source of the malicious traffic even more difficult by requiring the defender to trace malicious traffic through several proxies to identify its source. A particular variant of this behavior is to use onion routing networks, such as the publicly available TOR network. (Citation: Onion Routing)\n\nIn the case of network infrastructure, particularly routers, it is possible for an adversary to leverage multiple compromised devices to create a multi-hop proxy chain within the Wide-Area Network (WAN) of the enterprise.  By leveraging [Patch System Image](https://attack.mitre.org/techniques/T1601/001), adversaries can add custom code to the affected network devices that will implement onion routing between those nodes.  This custom onion routing network will transport the encrypted C2 traffic through the compromised population, allowing adversaries to communicate with any device within the onion routing network.  This method is dependent upon the [Network Boundary Bridging](https://attack.mitre.org/techniques/T1599) method in order to allow the adversaries to cross the protected network boundary of the Internet perimeter and into the organization\u2019s WAN. Protocols such as ICMP may be used as a transport.",
            "id": "attack-pattern--a782ebe2-daba-42c7-bc82-e8e9d923162d",
            "type": "attack-pattern",
            "kill_chain_phases": [
                {
                    "kill_chain_name": "mitre-attack",
                    "phase_name": "command-and-control"
                }
            ],
            "modified": "2020-10-21T17:54:28.280Z",
            "created": "2020-03-14T23:23:41.770Z",
            "x_mitre_version": "2.0",
            "x_mitre_is_subtechnique": true,
            "x_mitre_detection": "When observing use of Multi-hop proxies, network data from the actual command and control servers could allow correlating incoming and outgoing flows to trace malicious traffic back to its source. Multi-hop proxies can also be detected by alerting on traffic to known anonymity networks (such as [Tor](https://attack.mitre.org/software/S0183)) or known adversary infrastructure that uses this technique.\n\nIn context of network devices, monitor traffic for encrypted communications from the Internet that is addressed to border routers.  Compare this traffic with the configuration to determine whether it matches with any configured site-to-site Virtual Private Network (VPN) connections the device was intended to have. Monitor traffic for encrypted communications originating from potentially breached routers that is addressed to other routers within the organization.  Compare the source and destination with the configuration of the device to determine if these channels are an authorized Virtual Private Network (VPN) connections or other encrypted modes of communication. Monitor ICMP traffic from the Internet that is addressed to border routers and is encrypted.  Few if any legitimate use cases exist for sending encrypted data to a network device via ICMP.",
            "x_mitre_data_sources": [
                "Packet capture",
                "Network protocol analysis",
                "Netflow/Enclave netflow"
            ],
            "x_mitre_platforms": [
                "Linux",
                "macOS",
                "Windows",
                "Network"
            ]
        }
    ]
}