{
    "type": "bundle",
    "id": "bundle--a0141639-e08b-4fca-a1d1-4ece77a9e17c",
    "spec_version": "2.0",
    "objects": [
        {
            "revoked": true,
            "external_references": [
                {
                    "source_name": "mitre-attack",
                    "external_id": "T1032",
                    "url": "https://attack.mitre.org/techniques/T1032"
                },
                {
                    "url": "http://www.sans.org/reading-room/whitepapers/analyst/finding-hidden-threats-decrypting-ssl-34840",
                    "description": "Butler, M. (2013, November). Finding Hidden Threats by Decrypting SSL. Retrieved April 5, 2016.",
                    "source_name": "SANS Decrypting SSL"
                },
                {
                    "url": "https://insights.sei.cmu.edu/cert/2015/03/the-risks-of-ssl-inspection.html",
                    "description": "Dormann, W. (2015, March 13). The Risks of SSL Inspection. Retrieved April 5, 2016.",
                    "source_name": "SEI SSL Inspection Risks"
                },
                {
                    "url": "https://www.fidelissecurity.com/sites/default/files/FTA_1018_looking_at_the_sky_for_a_dark_comet.pdf",
                    "description": "Fidelis Cybersecurity. (2015, August 4). Looking at the Sky for a DarkComet. Retrieved April 5, 2016.",
                    "source_name": "Fidelis DarkComet"
                },
                {
                    "url": "https://arxiv.org/ftp/arxiv/papers/1408/1408.1136.pdf",
                    "description": "Gardiner, J.,  Cova, M., Nagaraja, S. (2014, February). Command & Control Understanding, Denying and Detecting. Retrieved April 20, 2016.",
                    "source_name": "University of Birmingham C2"
                }
            ],
            "name": "Standard Cryptographic Protocol",
            "id": "attack-pattern--4b74a1d4-b0e9-4ef1-93f1-14ecc6e2f5b5",
            "type": "attack-pattern",
            "modified": "2020-03-21T00:43:01.387Z",
            "created": "2017-05-31T21:30:35.334Z"
        }
    ]
}