{
    "type": "bundle",
    "id": "bundle--45e177a3-b0aa-4f94-bf44-222286b34bb2",
    "spec_version": "2.0",
    "objects": [
        {
            "external_references": [
                {
                    "source_name": "mitre-attack",
                    "external_id": "T1177",
                    "url": "https://attack.mitre.org/techniques/T1177"
                },
                {
                    "url": "https://technet.microsoft.com/library/cc961760.aspx",
                    "description": "Microsoft. (n.d.). Security Subsystem Architecture. Retrieved November 27, 2017.",
                    "source_name": "Microsoft Security Subsystem"
                },
                {
                    "url": "https://technet.microsoft.com/library/dn408187.aspx",
                    "description": "Microsoft. (2014, March 12). Configuring Additional LSA Protection. Retrieved November 27, 2017.",
                    "source_name": "Microsoft LSA Protection Mar 2014"
                },
                {
                    "url": "https://technet.microsoft.com/en-us/sysinternals/bb963902",
                    "description": "Russinovich, M. (2016, January 4). Autoruns for Windows v13.51. Retrieved June 6, 2016.",
                    "source_name": "TechNet Autoruns"
                },
                {
                    "url": "https://msdn.microsoft.com/library/windows/desktop/ff919712.aspx",
                    "description": "Microsoft. (n.d.). Dynamic-Link Library Security. Retrieved November 27, 2017.",
                    "source_name": "Microsoft DLL Security"
                }
            ],
            "name": "LSASS Driver",
            "id": "attack-pattern--6e6845c2-347a-4a6f-a2d1-b74a18ebd352",
            "revoked": true,
            "type": "attack-pattern",
            "modified": "2020-01-24T18:50:28.846Z",
            "created": "2018-01-16T16:13:52.465Z"
        }
    ]
}