{
    "type": "bundle",
    "id": "bundle--f82698e4-9602-4585-a39a-3c88581f430c",
    "spec_version": "2.0",
    "objects": [
        {
            "external_references": [
                {
                    "source_name": "mitre-attack",
                    "url": "https://attack.mitre.org/techniques/T1023",
                    "external_id": "T1023"
                },
                {
                    "external_id": "CAPEC-132",
                    "source_name": "capec",
                    "url": "https://capec.mitre.org/data/definitions/132.html"
                }
            ],
            "name": "Shortcut Modification",
            "id": "attack-pattern--970cdb5c-02fb-4c38-b17e-d6327cf3c810",
            "revoked": true,
            "type": "attack-pattern",
            "modified": "2020-01-24T19:36:41.805Z",
            "created": "2017-05-31T21:30:30.757Z"
        }
    ]
}