{
    "type": "bundle",
    "id": "bundle--b071eaae-f753-4569-a1fb-663c55806d4a",
    "spec_version": "2.0",
    "objects": [
        {
            "external_references": [
                {
                    "source_name": "mitre-attack",
                    "external_id": "T1087.001",
                    "url": "https://attack.mitre.org/techniques/T1087/001"
                }
            ],
            "object_marking_refs": [
                "marking-definition--fa42a846-8d90-4e51-bc29-71d5b4802168"
            ],
            "created_by_ref": "identity--c78cb6e5-0c4b-4611-8297-d1b8b55e40b5",
            "name": "Local Account",
            "description": "Adversaries may attempt to get a listing of local system accounts. This information can help adversaries determine which local accounts exist on a system to aid in follow-on behavior.\n\nCommands such as <code>net user</code> and <code>net localgroup</code> of the [Net](https://attack.mitre.org/software/S0039) utility and <code>id</code> and <code>groups</code>on macOS and Linux can list local users and groups. On Linux, local users can also be enumerated through the use of the <code>/etc/passwd</code> file.",
            "id": "attack-pattern--25659dd6-ea12-45c4-97e6-381e3e4b593e",
            "type": "attack-pattern",
            "kill_chain_phases": [
                {
                    "kill_chain_name": "mitre-attack",
                    "phase_name": "discovery"
                }
            ],
            "modified": "2020-03-20T19:39:59.544Z",
            "created": "2020-02-21T21:07:55.393Z",
            "x_mitre_data_sources": [
                "API monitoring",
                "Process monitoring",
                "Process command-line parameters"
            ],
            "x_mitre_permissions_required": [
                "User"
            ],
            "x_mitre_detection": "System and network discovery techniques normally occur throughout an operation as an adversary learns the environment. Data and events should not be viewed in isolation, but as part of a chain of behavior that could lead to other activities, such as Lateral Movement, based on the information obtained.\n\nMonitor processes and command-line arguments for actions that could be taken to gather system and network information. Remote access tools with built-in features may interact directly with the Windows API to gather information. Information may also be acquired through Windows system management tools such as [Windows Management Instrumentation](https://attack.mitre.org/techniques/T1047) and [PowerShell](https://attack.mitre.org/techniques/T1059/001).",
            "x_mitre_version": "1.0",
            "x_mitre_is_subtechnique": true,
            "x_mitre_platforms": [
                "Linux",
                "macOS",
                "Windows"
            ]
        }
    ]
}