{
    "type": "bundle",
    "id": "bundle--311568e1-f51d-4a58-a453-352dccaae497",
    "spec_version": "2.0",
    "objects": [
        {
            "id": "attack-pattern--ad255bfe-a9e6-4b52-a258-8d3462abe842",
            "created_by_ref": "identity--c78cb6e5-0c4b-4611-8297-d1b8b55e40b5",
            "name": "Data Obfuscation",
            "description": "Adversaries may obfuscate command and control traffic to make it more difficult to detect. Command and control (C2) communications are hidden (but not necessarily encrypted) in an attempt to make the content more difficult to discover or decipher and to make the communication less conspicuous and hide commands from being seen. This encompasses many methods, such as adding junk data to protocol traffic, using steganography, or impersonating legitimate protocols. ",
            "external_references": [
                {
                    "source_name": "mitre-attack",
                    "external_id": "T1001",
                    "url": "https://attack.mitre.org/techniques/T1001"
                },
                {
                    "url": "https://arxiv.org/ftp/arxiv/papers/1408/1408.1136.pdf",
                    "description": "Gardiner, J.,  Cova, M., Nagaraja, S. (2014, February). Command & Control Understanding, Denying and Detecting. Retrieved April 20, 2016.",
                    "source_name": "University of Birmingham C2"
                }
            ],
            "object_marking_refs": [
                "marking-definition--fa42a846-8d90-4e51-bc29-71d5b4802168"
            ],
            "type": "attack-pattern",
            "kill_chain_phases": [
                {
                    "kill_chain_name": "mitre-attack",
                    "phase_name": "command-and-control"
                }
            ],
            "modified": "2020-03-15T00:40:27.670Z",
            "created": "2017-05-31T21:30:18.931Z",
            "x_mitre_is_subtechnique": false,
            "x_mitre_platforms": [
                "Linux",
                "macOS",
                "Windows"
            ],
            "x_mitre_network_requirements": true,
            "x_mitre_detection": "Analyze network data for uncommon data flows (e.g., a client sending significantly more data than it receives from a server). Processes utilizing the network that do not normally have network communication or have never been seen before are suspicious. Analyze packet contents to detect communications that do not follow the expected protocol behavior for the port that is being used. (Citation: University of Birmingham C2)",
            "x_mitre_data_sources": [
                "Packet capture",
                "Process use of network",
                "Process monitoring",
                "Network protocol analysis"
            ],
            "x_mitre_version": "1.1"
        }
    ]
}