{
    "type": "bundle",
    "id": "bundle--76ab239b-da3f-44d8-9fa9-d295b7aefc01",
    "spec_version": "2.0",
    "objects": [
        {
            "external_references": [
                {
                    "source_name": "mitre-attack",
                    "external_id": "T1076",
                    "url": "https://attack.mitre.org/techniques/T1076"
                },
                {
                    "external_id": "CAPEC-555",
                    "source_name": "capec",
                    "url": "https://capec.mitre.org/data/definitions/555.html"
                },
                {
                    "url": "https://technet.microsoft.com/en-us/windowsserver/ee236407.aspx",
                    "description": "Microsoft. (n.d.). Remote Desktop Services. Retrieved June 1, 2016.",
                    "source_name": "TechNet Remote Desktop Services"
                },
                {
                    "url": "http://blog.crowdstrike.com/adversary-tricks-crowdstrike-treats/",
                    "description": "Alperovitch, D. (2014, October 31). Malware-Free Intrusions. Retrieved November 4, 2014.",
                    "source_name": "Alperovitch Malware"
                },
                {
                    "url": "http://www.korznikov.com/2017/03/0-day-or-feature-privilege-escalation.html",
                    "description": "Korznikov, A. (2017, March 17). Passwordless RDP Session Hijacking Feature All Windows versions. Retrieved December 11, 2017.",
                    "source_name": "RDP Hijacking Korznikov"
                },
                {
                    "url": "https://medium.com/@networksecurity/rdp-hijacking-how-to-hijack-rds-and-remoteapp-sessions-transparently-to-move-through-an-da2a1e73a5f6",
                    "description": "Beaumont, K. (2017, March 19). RDP hijacking\u200a\u2014\u200ahow to hijack RDS and RemoteApp sessions transparently to move through an organisation. Retrieved December 11, 2017.",
                    "source_name": "RDP Hijacking Medium"
                },
                {
                    "url": "https://github.com/nccgroup/redsnarf",
                    "description": "NCC Group PLC. (2016, November 1). Kali Redsnarf. Retrieved December 11, 2017.",
                    "source_name": "Kali Redsnarf"
                }
            ],
            "name": "Remote Desktop Protocol",
            "id": "attack-pattern--51dea151-0898-4a45-967c-3ebee0420484",
            "revoked": true,
            "type": "attack-pattern",
            "modified": "2020-02-11T18:24:04.507Z",
            "created": "2017-05-31T21:30:59.769Z"
        }
    ]
}