{
    "type": "bundle",
    "id": "bundle--01c0b67b-b5f1-4c3c-8e3a-cde27d180c1c",
    "spec_version": "2.0",
    "objects": [
        {
            "external_references": [
                {
                    "source_name": "mitre-attack",
                    "external_id": "T1071.002",
                    "url": "https://attack.mitre.org/techniques/T1071/002"
                },
                {
                    "url": "https://arxiv.org/ftp/arxiv/papers/1408/1408.1136.pdf",
                    "description": "Gardiner, J.,  Cova, M., Nagaraja, S. (2014, February). Command & Control Understanding, Denying and Detecting. Retrieved April 20, 2016.",
                    "source_name": "University of Birmingham C2"
                }
            ],
            "object_marking_refs": [
                "marking-definition--fa42a846-8d90-4e51-bc29-71d5b4802168"
            ],
            "created_by_ref": "identity--c78cb6e5-0c4b-4611-8297-d1b8b55e40b5",
            "name": "File Transfer Protocols",
            "description": "Adversaries may communicate using application layer protocols associated with transferring files to avoid detection/network filtering by blending in with existing traffic. Commands to the remote system, and often the results of those commands, will be embedded within the protocol traffic between the client and server. \n\nProtocols such as FTP, FTPS, and TFTP that transfer files may be very common in environments.  Packets produced from these protocols may have many fields and headers in which data can be concealed. Data could also be concealed within the transferred files. An adversary may abuse these protocols to communicate with systems under their control within a victim network while also mimicking normal, expected traffic. ",
            "id": "attack-pattern--9a60a291-8960-4387-8a4a-2ab5c18bb50b",
            "type": "attack-pattern",
            "kill_chain_phases": [
                {
                    "kill_chain_name": "mitre-attack",
                    "phase_name": "command-and-control"
                }
            ],
            "modified": "2020-08-21T14:41:22.911Z",
            "created": "2020-03-15T16:16:25.763Z",
            "x_mitre_version": "1.0",
            "x_mitre_is_subtechnique": true,
            "x_mitre_detection": "Analyze network data for uncommon data flows (e.g., a client sending significantly more data than it receives from a server). Processes utilizing the network that do not normally have network communication or have never been seen before are suspicious. Analyze packet contents to detect application layer protocols that do not follow the expected protocol for the port that is being used.(Citation: University of Birmingham C2)",
            "x_mitre_data_sources": [
                "Network protocol analysis",
                "Process monitoring",
                "Process use of network",
                "Netflow/Enclave netflow",
                "Packet capture"
            ],
            "x_mitre_platforms": [
                "Linux",
                "macOS",
                "Windows"
            ]
        }
    ]
}