{
    "type": "bundle",
    "id": "bundle--2315d34f-7845-4ffb-bb8d-d8043465dbe6",
    "spec_version": "2.0",
    "objects": [
        {
            "id": "attack-pattern--9e80ddfb-ce32-4961-a778-ca6a10cfae72",
            "name": "Sudo",
            "external_references": [
                {
                    "source_name": "mitre-attack",
                    "external_id": "T1169",
                    "url": "https://attack.mitre.org/techniques/T1169"
                },
                {
                    "url": "https://blog.malwarebytes.com/threat-analysis/2017/04/new-osx-dok-malware-intercepts-web-traffic/",
                    "description": "Thomas Reed. (2017, July 7). New OSX.Dok malware intercepts web traffic. Retrieved July 10, 2017.",
                    "source_name": "OSX.Dok Malware"
                }
            ],
            "revoked": true,
            "type": "attack-pattern",
            "modified": "2020-02-05T20:11:12.593Z",
            "created": "2017-12-14T16:46:06.044Z"
        }
    ]
}