{
    "type": "bundle",
    "id": "bundle--f101bfda-589e-47c9-ab59-47a731c75ff7",
    "spec_version": "2.0",
    "objects": [
        {
            "external_references": [
                {
                    "source_name": "mitre-attack",
                    "external_id": "T1021.005",
                    "url": "https://attack.mitre.org/techniques/T1021/005"
                },
                {
                    "external_id": "CAPEC-555",
                    "source_name": "capec",
                    "url": "https://capec.mitre.org/data/definitions/555.html"
                }
            ],
            "object_marking_refs": [
                "marking-definition--fa42a846-8d90-4e51-bc29-71d5b4802168"
            ],
            "created_by_ref": "identity--c78cb6e5-0c4b-4611-8297-d1b8b55e40b5",
            "name": "VNC",
            "description": "Adversaries may use [Valid Accounts](https://attack.mitre.org/techniques/T1078) to remotely control machines using Virtual Network Computing (VNC). The adversary may then perform actions as the logged-on user.\n\nVNC is a desktop sharing system that allows users to remotely control another computer\u2019s display by relaying mouse and keyboard inputs over the network. VNC does not necessarily use standard user credentials. Instead, a VNC client and server may be configured with sets of credentials that are used only for VNC connections.",
            "id": "attack-pattern--01327cde-66c4-4123-bf34-5f258d59457b",
            "type": "attack-pattern",
            "kill_chain_phases": [
                {
                    "kill_chain_name": "mitre-attack",
                    "phase_name": "lateral-movement"
                }
            ],
            "modified": "2020-03-23T20:41:21.147Z",
            "created": "2020-02-11T18:28:44.950Z",
            "x_mitre_system_requirements": [
                "VNC server installed and listening for connections."
            ],
            "x_mitre_data_sources": [
                "Process use of network",
                "Network protocol analysis",
                "Netflow/Enclave netflow"
            ],
            "x_mitre_detection": "Use of VNC may be legitimate depending on the environment and how it\u2019s used. Other factors, such as access patterns and activity that occurs after a remote login, may indicate suspicious or malicious behavior with VNC.",
            "x_mitre_version": "1.0",
            "x_mitre_is_subtechnique": true,
            "x_mitre_platforms": [
                "Linux",
                "macOS",
                "Windows"
            ]
        }
    ]
}