{
    "type": "bundle",
    "id": "bundle--d4197208-3361-4c35-ace6-935569622772",
    "spec_version": "2.0",
    "objects": [
        {
            "created": "2017-05-31T21:31:28.471Z",
            "modified": "2020-03-26T17:42:03.337Z",
            "kill_chain_phases": [
                {
                    "kill_chain_name": "mitre-attack",
                    "phase_name": "discovery"
                }
            ],
            "type": "attack-pattern",
            "object_marking_refs": [
                "marking-definition--fa42a846-8d90-4e51-bc29-71d5b4802168"
            ],
            "external_references": [
                {
                    "source_name": "mitre-attack",
                    "url": "https://attack.mitre.org/techniques/T1120",
                    "external_id": "T1120"
                },
                {
                    "external_id": "CAPEC-646",
                    "source_name": "capec",
                    "url": "https://capec.mitre.org/data/definitions/646.html"
                }
            ],
            "description": "Adversaries may attempt to gather information about attached peripheral devices and components connected to a computer system. Peripheral devices could include auxiliary resources that support a variety of functionalities such as keyboards, printers, cameras, smart card readers, or removable storage. The information may be used to enhance their awareness of the system and network environment or may be used for further actions.",
            "name": "Peripheral Device Discovery",
            "created_by_ref": "identity--c78cb6e5-0c4b-4611-8297-d1b8b55e40b5",
            "id": "attack-pattern--348f1eef-964b-4eb6-bb53-69b3dcb0c643",
            "x_mitre_version": "1.2",
            "x_mitre_detection": "System and network discovery techniques normally occur throughout an operation as an adversary learns the environment. Data and events should not be viewed in isolation, but as part of a chain of behavior that could lead to other activities based on the information obtained.\n\nMonitor processes and command-line arguments for actions that could be taken to gather system and network information. Remote access tools with built-in features may interact directly with the Windows API to gather information. Information may also be acquired through Windows system management tools such as [Windows Management Instrumentation](https://attack.mitre.org/techniques/T1047) and [PowerShell](https://attack.mitre.org/techniques/T1059/001).",
            "x_mitre_permissions_required": [
                "User",
                "Administrator",
                "SYSTEM"
            ],
            "x_mitre_platforms": [
                "Windows",
                "macOS"
            ],
            "x_mitre_data_sources": [
                "PowerShell logs",
                "API monitoring",
                "Process monitoring",
                "Process command-line parameters"
            ],
            "x_mitre_is_subtechnique": false
        }
    ]
}