{
    "type": "bundle",
    "id": "bundle--e0559d7a-d94a-460d-b868-bced76d166f8",
    "spec_version": "2.0",
    "objects": [
        {
            "external_references": [
                {
                    "source_name": "mitre-attack",
                    "url": "https://attack.mitre.org/techniques/T1017",
                    "external_id": "T1017"
                },
                {
                    "external_id": "CAPEC-187",
                    "source_name": "capec",
                    "url": "https://capec.mitre.org/data/definitions/187.html"
                }
            ],
            "name": "Application Deployment Software",
            "id": "attack-pattern--327f3cc5-eea1-42d4-a6cd-ed34b7ce8f61",
            "revoked": true,
            "type": "attack-pattern",
            "modified": "2020-03-23T15:40:50.965Z",
            "created": "2017-05-31T21:30:27.755Z"
        }
    ]
}