{
    "type": "bundle",
    "id": "bundle--940e31d1-f3ec-4104-9d02-3d829eb237e5",
    "spec_version": "2.0",
    "objects": [
        {
            "id": "attack-pattern--91ce1ede-107f-4d8b-bf4c-735e8789c94b",
            "name": "Input Prompt",
            "external_references": [
                {
                    "source_name": "mitre-attack",
                    "external_id": "T1141",
                    "url": "https://attack.mitre.org/techniques/T1141"
                },
                {
                    "external_id": "CAPEC-569",
                    "source_name": "capec",
                    "url": "https://capec.mitre.org/data/definitions/569.html"
                },
                {
                    "url": "https://baesystemsai.blogspot.com/2015/06/new-mac-os-malware-exploits-mackeeper.html",
                    "description": "Sergei Shevchenko. (2015, June 4). New Mac OS Malware Exploits Mackeeper. Retrieved July 3, 2017.",
                    "source_name": "OSX Malware Exploits MacKeeper"
                },
                {
                    "source_name": "LogRhythm Do You Trust Oct 2014",
                    "url": "https://logrhythm.com/blog/do-you-trust-your-computer/",
                    "description": "Foss, G. (2014, October 3). Do You Trust Your Computer?. Retrieved December 17, 2018."
                },
                {
                    "url": "https://www.welivesecurity.com/2016/07/06/new-osxkeydnap-malware-hungry-credentials/",
                    "description": "Marc-Etienne M.Leveille. (2016, July 6). New OSX/Keydnap malware is hungry for credentials. Retrieved July 3, 2017.",
                    "source_name": "OSX Keydnap malware"
                },
                {
                    "source_name": "Enigma Phishing for Credentials Jan 2015",
                    "url": "https://enigma0x3.net/2015/01/21/phishing-for-credentials-if-you-want-it-just-ask/",
                    "description": "Nelson, M. (2015, January 21). Phishing for Credentials: If you want it, just ask!. Retrieved December 17, 2018."
                }
            ],
            "revoked": true,
            "type": "attack-pattern",
            "modified": "2020-02-12T16:34:06.412Z",
            "created": "2017-12-14T16:46:06.044Z"
        }
    ]
}