{
    "type": "bundle",
    "id": "bundle--79bd0434-3d16-4725-8d64-4894472fff68",
    "spec_version": "2.0",
    "objects": [
        {
            "external_references": [
                {
                    "source_name": "mitre-attack",
                    "external_id": "T1056.003",
                    "url": "https://attack.mitre.org/techniques/T1056/003"
                },
                {
                    "external_id": "CAPEC-569",
                    "source_name": "capec",
                    "url": "https://capec.mitre.org/data/definitions/569.html"
                },
                {
                    "url": "https://www.volexity.com/blog/2015/10/07/virtual-private-keylogging-cisco-web-vpns-leveraged-for-access-and-persistence/",
                    "description": "Adair, S. (2015, October 7). Virtual Private Keylogging: Cisco Web VPNs Leveraged for Access and Persistence. Retrieved March 20, 2017.",
                    "source_name": "Volexity Virtual Private Keylogging"
                }
            ],
            "object_marking_refs": [
                "marking-definition--fa42a846-8d90-4e51-bc29-71d5b4802168"
            ],
            "created_by_ref": "identity--c78cb6e5-0c4b-4611-8297-d1b8b55e40b5",
            "name": "Web Portal Capture",
            "description": "Adversaries may install code on externally facing portals, such as a VPN login page, to capture and transmit credentials of users who attempt to log into the service. For example, a compromised login page may log provided user credentials before logging the user in to the service.\n\nThis variation on input capture may be conducted post-compromise using legitimate administrative access as a backup measure to maintain network access through [External Remote Services](https://attack.mitre.org/techniques/T1133) and [Valid Accounts](https://attack.mitre.org/techniques/T1078) or as part of the initial compromise by exploitation of the externally facing web service.(Citation: Volexity Virtual Private Keylogging)",
            "id": "attack-pattern--69e5226d-05dc-4f15-95d7-44f5ed78d06e",
            "type": "attack-pattern",
            "kill_chain_phases": [
                {
                    "kill_chain_name": "mitre-attack",
                    "phase_name": "collection"
                },
                {
                    "kill_chain_name": "mitre-attack",
                    "phase_name": "credential-access"
                }
            ],
            "modified": "2020-03-24T21:16:16.580Z",
            "created": "2020-02-11T18:59:50.058Z",
            "x_mitre_system_requirements": [
                "An externally facing login portal is configured."
            ],
            "x_mitre_data_sources": [
                "File monitoring"
            ],
            "x_mitre_detection": "File monitoring may be used to detect changes to files in the Web directory for organization login pages that do not match with authorized updates to the Web server's content.",
            "x_mitre_version": "1.0",
            "x_mitre_is_subtechnique": true,
            "x_mitre_platforms": [
                "Linux",
                "macOS",
                "Windows"
            ]
        }
    ]
}