{
    "type": "bundle",
    "id": "bundle--b985afce-b48e-48fc-8c27-336b03104770",
    "spec_version": "2.0",
    "objects": [
        {
            "external_references": [
                {
                    "source_name": "mitre-attack",
                    "external_id": "T1081",
                    "url": "https://attack.mitre.org/techniques/T1081"
                },
                {
                    "external_id": "CAPEC-639",
                    "source_name": "capec",
                    "url": "https://capec.mitre.org/data/definitions/639.html"
                },
                {
                    "url": "http://carnal0wnage.attackresearch.com/2014/05/mimikatz-against-virtual-machine-memory.html",
                    "description": "CG. (2014, May 20). Mimikatz Against Virtual Machine Memory Part 1. Retrieved November 12, 2014.",
                    "source_name": "CG 2014"
                },
                {
                    "url": "http://blogs.technet.com/b/srd/archive/2014/05/13/ms14-025-an-update-for-group-policy-preferences.aspx",
                    "description": "Security Research and Defense. (2014, May 13). MS14-025: An Update for Group Policy Preferences. Retrieved January 28, 2015.",
                    "source_name": "SRD GPP"
                },
                {
                    "source_name": "Specter Ops - Cloud Credential Storage",
                    "url": "https://posts.specterops.io/head-in-the-clouds-bd038bb69e48",
                    "description": "Maddalena, C.. (2018, September 12). Head in the Clouds. Retrieved October 4, 2019."
                }
            ],
            "name": "Credentials in Files",
            "id": "attack-pattern--ba8e391f-14b5-496f-81f2-2d5ecd646c1c",
            "revoked": true,
            "type": "attack-pattern",
            "modified": "2020-02-04T12:55:03.678Z",
            "created": "2017-05-31T21:31:02.188Z"
        }
    ]
}