{
    "type": "bundle",
    "id": "bundle--e51ebe09-107a-4875-a4b3-ed58d45e941b",
    "spec_version": "2.0",
    "objects": [
        {
            "id": "attack-pattern--215190a9-9f02-4e83-bb5f-e0589965a302",
            "name": "Regsvcs/Regasm",
            "external_references": [
                {
                    "source_name": "mitre-attack",
                    "external_id": "T1121",
                    "url": "https://attack.mitre.org/techniques/T1121"
                },
                {
                    "url": "https://msdn.microsoft.com/en-us/library/04za0hca.aspx",
                    "description": "Microsoft. (n.d.). Regsvcs.exe (.NET Services Installation Tool). Retrieved July 1, 2016.",
                    "source_name": "MSDN Regsvcs"
                },
                {
                    "source_name": "MSDN Regasm",
                    "description": "Microsoft. (n.d.). Regasm.exe (Assembly Registration Tool). Retrieved July 1, 2016.",
                    "url": "https://msdn.microsoft.com/en-us/library/tzat5yw6.aspx"
                },
                {
                    "source_name": "LOLBAS Regsvcs",
                    "url": "https://lolbas-project.github.io/lolbas/Binaries/Regsvcs/",
                    "description": "LOLBAS. (n.d.). Regsvcs.exe. Retrieved July 31, 2019."
                },
                {
                    "description": "LOLBAS. (n.d.). Regasm.exe. Retrieved July 31, 2019.",
                    "url": "https://lolbas-project.github.io/lolbas/Binaries/Regasm/",
                    "source_name": "LOLBAS Regasm"
                }
            ],
            "revoked": true,
            "type": "attack-pattern",
            "modified": "2020-01-31T19:00:30.734Z",
            "created": "2017-05-31T21:31:33.499Z"
        }
    ]
}