{
    "type": "bundle",
    "id": "bundle--2cdab5c4-e507-47e7-9b7c-e79da1f95b77",
    "spec_version": "2.0",
    "objects": [
        {
            "id": "attack-pattern--890c9858-598c-401d-a4d5-c67ebcdd703a",
            "description": "Adversaries can steal user application access tokens as a means of acquiring credentials to access remote systems and resources. This can occur through social engineering and typically requires user action to grant access.\n\nApplication access tokens are used to make authorized API requests on behalf of a user and are commonly used as a way to access resources in cloud-based applications and software-as-a-service (SaaS).(Citation: Auth0 - Why You Should Always Use Access Tokens to Secure APIs Sept 2019) OAuth is one commonly implemented framework that issues tokens to users for access to systems. An application desiring access to cloud-based services or protected APIs can gain entry using OAuth 2.0 through a variety of authorization protocols. An example commonly-used sequence is Microsoft's Authorization Code Grant flow.(Citation: Microsoft Identity Platform Protocols May 2019)(Citation: Microsoft - OAuth Code Authorization flow - June 2019) An OAuth access token enables a third-party application to interact with resources containing user data in the ways requested by the application without obtaining user credentials. \n \nAdversaries can leverage OAuth authorization by constructing a malicious application designed to be granted access to resources with the target user's OAuth token. The adversary will need to complete registration of their application with the authorization server, for example Microsoft Identity Platform using Azure Portal, the Visual Studio IDE, the command-line interface, PowerShell, or REST API calls.(Citation: Microsoft - Azure AD App Registration - May 2019) Then, they can send a link through [Spearphishing Link](https://attack.mitre.org/techniques/T1192) to the target user to entice them to grant access to the application. Once the OAuth access token is granted, the application can gain potentially long-term access to features of the user account through [Application Access Token](https://attack.mitre.org/techniques/T1527).(Citation: Microsoft - Azure AD Identity Tokens - Aug 2019)\n\nAdversaries have been seen targeting Gmail, Microsoft Outlook, and Yahoo Mail users.(Citation: Amnesty OAuth Phishing Attacks, August 2019)(Citation: Trend Micro Pawn Storm OAuth 2017)",
            "name": "Steal Application Access Token",
            "created_by_ref": "identity--c78cb6e5-0c4b-4611-8297-d1b8b55e40b5",
            "object_marking_refs": [
                "marking-definition--fa42a846-8d90-4e51-bc29-71d5b4802168"
            ],
            "external_references": [
                {
                    "url": "https://attack.mitre.org/techniques/T1528",
                    "source_name": "mitre-attack",
                    "external_id": "T1528"
                },
                {
                    "description": "Auth0. (n.d.). Why You Should Always Use Access Tokens to Secure APIs. Retrieved September 12, 2019.",
                    "url": "https://auth0.com/blog/why-should-use-accesstokens-to-secure-an-api/",
                    "source_name": "Auth0 - Why You Should Always Use Access Tokens to Secure APIs Sept 2019"
                },
                {
                    "description": "Microsoft. (n.d.). Retrieved September 12, 2019.",
                    "url": "https://docs.microsoft.com/en-us/azure/active-directory/develop/active-directory-v2-protocols",
                    "source_name": "Microsoft Identity Platform Protocols May 2019"
                },
                {
                    "description": "Microsoft. (n.d.). Microsoft identity platform and OAuth 2.0 authorization code flow. Retrieved September 12, 2019.",
                    "url": "https://docs.microsoft.com/en-us/azure/active-directory/develop/v2-oauth2-auth-code-flow",
                    "source_name": "Microsoft - OAuth Code Authorization flow - June 2019"
                },
                {
                    "description": "Microsoft. (2019, May 8). Quickstart: Register an application with the Microsoft identity platform. Retrieved September 12, 2019.",
                    "url": "https://docs.microsoft.com/en-us/azure/active-directory/develop/quickstart-register-app",
                    "source_name": "Microsoft - Azure AD App Registration - May 2019"
                },
                {
                    "description": "Microsoft. (2019, August 29). Microsoft identity platform access tokens. Retrieved September 12, 2019.",
                    "url": "https://docs.microsoft.com/en-us/azure/active-directory/develop/access-tokens",
                    "source_name": "Microsoft - Azure AD Identity Tokens - Aug 2019"
                },
                {
                    "description": "Amnesty International. (2019, August 16). Evolving Phishing Attacks Targeting Journalists and Human Rights Defenders from the Middle-East and North Africa. Retrieved October 8, 2019.",
                    "url": "https://www.amnesty.org/en/latest/research/2019/08/evolving-phishing-attacks-targeting-journalists-and-human-rights-defenders-from-the-middle-east-and-north-africa/",
                    "source_name": "Amnesty OAuth Phishing Attacks, August 2019"
                },
                {
                    "description": "Hacquebord, F.. (2017, April 25). Pawn Storm Abuses Open Authentication in Advanced Social Engineering Attacks. Retrieved October 4, 2019.",
                    "url": "https://blog.trendmicro.com/trendlabs-security-intelligence/pawn-storm-abuses-open-authentication-advanced-social-engineering-attacks",
                    "source_name": "Trend Micro Pawn Storm OAuth 2017"
                }
            ],
            "type": "attack-pattern",
            "kill_chain_phases": [
                {
                    "kill_chain_name": "mitre-attack",
                    "phase_name": "credential-access"
                }
            ],
            "modified": "2020-07-14T19:16:30.906Z",
            "created": "2019-09-04T15:54:25.684Z",
            "x_mitre_is_subtechnique": false,
            "x_mitre_detection": "Administrators should set up monitoring to trigger automatic alerts when policy criteria are met. For example, using a Cloud Access Security Broker (CASB), admins can create a \u201cHigh severity app permissions\u201d policy that generates alerts if apps request high severity permissions or send permissions requests for too many users.\n\nSecurity analysts can hunt for malicious apps using the tools available in their CASB, identity provider, or resource provider (depending on platform.) For example, they can filter for apps that are authorized by a small number of users, apps requesting high risk permissions, permissions incongruous with the app\u2019s purpose, or apps with old \u201cLast authorized\u201d fields. A specific app can be investigated using an activity log displaying activities the app has performed, although some activities may be mis-logged as being performed by the user. App stores can be useful resources to further investigate suspicious apps.\n\nAdministrators can set up a variety of logs and leverage audit tools to monitor actions that can be conducted as a result of OAuth 2.0 access. For instance, audit reports enable admins to identify privilege escalation actions such as role creations or policy modifications, which could be actions performed after initial access.",
            "x_mitre_platforms": [
                "SaaS",
                "Office 365",
                "Azure AD"
            ],
            "x_mitre_permissions_required": [
                "User"
            ],
            "x_mitre_version": "1.0",
            "x_mitre_contributors": [
                "Shailesh Tiwary (Indian Army)",
                "Mark Wee",
                "Jeff Sakowicz, Microsoft Identity Developer Platform Services (IDPM Services)",
                "Saisha Agrawal, Microsoft Threat Intelligent Center (MSTIC)"
            ],
            "x_mitre_data_sources": [
                "Azure activity logs",
                "OAuth audit logs"
            ]
        }
    ]
}