{
    "type": "bundle",
    "id": "bundle--727c5431-b7cc-4923-b4f2-26fd179ab87a",
    "spec_version": "2.0",
    "objects": [
        {
            "id": "attack-pattern--2b742742-28c3-4e1b-bab7-8350d6300fa7",
            "description": "Adversaries may send spearphishing emails with a malicious link in an attempt to gain access to victim systems. Spearphishing with a link is a specific variant of spearphishing. It is different from other forms of spearphishing in that it employs the use of links to download malware contained in email, instead of attaching malicious files to the email itself, to avoid defenses that may inspect email attachments. \n\nAll forms of spearphishing are electronically delivered social engineering targeted at a specific individual, company, or industry. In this case, the malicious emails contain links. Generally, the links will be accompanied by social engineering text and require the user to actively click or copy and paste a URL into a browser, leveraging [User Execution](https://attack.mitre.org/techniques/T1204). The visited website may compromise the web browser using an exploit, or the user will be prompted to download applications, documents, zip files, or even executables depending on the pretext for the email in the first place. Adversaries may also include links that are intended to interact directly with an email reader, including embedded images intended to exploit the end system directly or verify the receipt of an email (i.e. web bugs/web beacons). Links may also direct users to malicious applications  designed to [Steal Application Access Token](https://attack.mitre.org/techniques/T1528)s, like OAuth tokens, in order to gain access to protected applications and information.(Citation: Trend Micro Pawn Storm OAuth 2017)",
            "name": "Spearphishing Link",
            "created_by_ref": "identity--c78cb6e5-0c4b-4611-8297-d1b8b55e40b5",
            "object_marking_refs": [
                "marking-definition--fa42a846-8d90-4e51-bc29-71d5b4802168"
            ],
            "external_references": [
                {
                    "source_name": "mitre-attack",
                    "external_id": "T1566.002",
                    "url": "https://attack.mitre.org/techniques/T1566/002"
                },
                {
                    "external_id": "CAPEC-163",
                    "source_name": "capec",
                    "url": "https://capec.mitre.org/data/definitions/163.html"
                },
                {
                    "source_name": "Trend Micro Pawn Storm OAuth 2017",
                    "url": "https://blog.trendmicro.com/trendlabs-security-intelligence/pawn-storm-abuses-open-authentication-advanced-social-engineering-attacks",
                    "description": "Hacquebord, F.. (2017, April 25). Pawn Storm Abuses Open Authentication in Advanced Social Engineering Attacks. Retrieved October 4, 2019."
                }
            ],
            "type": "attack-pattern",
            "kill_chain_phases": [
                {
                    "kill_chain_name": "mitre-attack",
                    "phase_name": "initial-access"
                }
            ],
            "modified": "2020-10-18T01:53:39.818Z",
            "created": "2020-03-02T19:15:44.182Z",
            "x_mitre_platforms": [
                "Linux",
                "macOS",
                "Windows",
                "Office 365",
                "SaaS"
            ],
            "x_mitre_detection": "URL inspection within email (including expanding shortened links) can help detect links leading to known malicious sites. Detonation chambers can be used to detect these links and either automatically go to these sites to determine if they're potentially malicious, or wait and capture the content if a user visits the link.\n\nBecause this technique usually involves user interaction on the endpoint, many of the possible detections take place once [User Execution](https://attack.mitre.org/techniques/T1204) occurs.",
            "x_mitre_is_subtechnique": true,
            "x_mitre_version": "2.0",
            "x_mitre_data_sources": [
                "Packet capture",
                "Web proxy",
                "Email gateway",
                "Detonation chamber",
                "SSL/TLS inspection",
                "DNS records",
                "Mail server"
            ],
            "x_mitre_contributors": [
                "Shailesh Tiwary (Indian Army)",
                "Mark Wee",
                "Jeff Sakowicz, Microsoft Identity Developer Platform Services (IDPM Services)",
                "Saisha Agrawal, Microsoft Threat Intelligent Center (MSTIC)"
            ]
        }
    ]
}