{
    "type": "bundle",
    "id": "bundle--d4de162d-06be-464f-9156-7e0786db47e1",
    "spec_version": "2.0",
    "objects": [
        {
            "id": "attack-pattern--2715c335-1bf2-4efe-9f18-0691317ff83b",
            "name": "Securityd Memory",
            "external_references": [
                {
                    "source_name": "mitre-attack",
                    "external_id": "T1167",
                    "url": "https://attack.mitre.org/techniques/T1167"
                },
                {
                    "url": "http://juusosalonen.com/post/30923743427/breaking-into-the-os-x-keychain",
                    "description": "Juuso Salonen. (2012, September 5). Breaking into the OS X keychain. Retrieved July 15, 2017.",
                    "source_name": "OS X Keychain"
                },
                {
                    "url": "http://www.slideshare.net/StephanBorosh/external-to-da-the-os-x-way",
                    "description": "Alex Rymdeko-Harvey, Steve Borosh. (2016, May 14). External to DA, the OS X Way. Retrieved July 3, 2017.",
                    "source_name": "External to DA, the OS X Way"
                },
                {
                    "url": "https://www.welivesecurity.com/2016/07/06/new-osxkeydnap-malware-hungry-credentials/",
                    "description": "Marc-Etienne M.Leveille. (2016, July 6). New OSX/Keydnap malware is hungry for credentials. Retrieved July 3, 2017.",
                    "source_name": "OSX Keydnap malware"
                }
            ],
            "revoked": true,
            "type": "attack-pattern",
            "modified": "2020-02-12T18:56:59.153Z",
            "created": "2017-12-14T16:46:06.044Z"
        }
    ]
}