{
    "type": "bundle",
    "id": "bundle--50e71401-ab11-4fdf-a304-3dba540d0a41",
    "spec_version": "2.0",
    "objects": [
        {
            "id": "attack-pattern--30973a08-aed9-4edf-8604-9084ce1b5c4f",
            "created_by_ref": "identity--c78cb6e5-0c4b-4611-8297-d1b8b55e40b5",
            "name": "Clipboard Data",
            "description": "Adversaries may collect data stored in the clipboard from users copying information within or between applications. \n\nIn Windows, Applications can access clipboard data by using the Windows API.(Citation: MSDN Clipboard) OSX provides a native command, <code>pbpaste</code>, to grab clipboard contents.(Citation: Operating with EmPyre)",
            "external_references": [
                {
                    "source_name": "mitre-attack",
                    "external_id": "T1115",
                    "url": "https://attack.mitre.org/techniques/T1115"
                },
                {
                    "external_id": "CAPEC-637",
                    "source_name": "capec",
                    "url": "https://capec.mitre.org/data/definitions/637.html"
                },
                {
                    "url": "https://msdn.microsoft.com/en-us/library/ms649012",
                    "description": "Microsoft. (n.d.). About the Clipboard. Retrieved March 29, 2016.",
                    "source_name": "MSDN Clipboard"
                },
                {
                    "url": "https://medium.com/rvrsh3ll/operating-with-empyre-ea764eda3363",
                    "description": "rvrsh3ll. (2016, May 18). Operating with EmPyre. Retrieved July 12, 2017.",
                    "source_name": "Operating with EmPyre"
                }
            ],
            "object_marking_refs": [
                "marking-definition--fa42a846-8d90-4e51-bc29-71d5b4802168"
            ],
            "type": "attack-pattern",
            "kill_chain_phases": [
                {
                    "kill_chain_name": "mitre-attack",
                    "phase_name": "collection"
                }
            ],
            "modified": "2020-04-23T18:35:58.230Z",
            "created": "2017-05-31T21:31:25.967Z",
            "x_mitre_is_subtechnique": false,
            "x_mitre_platforms": [
                "Linux",
                "Windows",
                "macOS"
            ],
            "x_mitre_detection": "Access to the clipboard is a legitimate function of many applications on an operating system. If an organization chooses to monitor for this behavior, then the data will likely need to be correlated against other suspicious or non-user-driven activity.",
            "x_mitre_data_sources": [
                "API monitoring"
            ],
            "x_mitre_version": "1.1"
        }
    ]
}