{
    "type": "bundle",
    "id": "bundle--a7874571-cd7d-4743-9c4b-e9a0cea6d4df",
    "spec_version": "2.0",
    "objects": [
        {
            "object_marking_refs": [
                "marking-definition--fa42a846-8d90-4e51-bc29-71d5b4802168"
            ],
            "external_references": [
                {
                    "source_name": "mitre-attack",
                    "external_id": "T1027",
                    "url": "https://attack.mitre.org/techniques/T1027"
                },
                {
                    "external_id": "CAPEC-267",
                    "source_name": "capec",
                    "url": "https://capec.mitre.org/data/definitions/267.html"
                },
                {
                    "url": "https://www.volexity.com/blog/2016/11/09/powerduke-post-election-spear-phishing-campaigns-targeting-think-tanks-and-ngos/",
                    "description": "Adair, S.. (2016, November 9). PowerDuke: Widespread Post-Election Spear Phishing Campaigns Targeting Think Tanks and NGOs. Retrieved January 11, 2017.",
                    "source_name": "Volexity PowerDuke November 2016"
                },
                {
                    "url": "https://www.welivesecurity.com/2013/04/26/linuxcdorked-new-apache-backdoor-in-the-wild-serves-blackhole/",
                    "description": "Pierre-Marc Bureau. (2013, April 26). Linux/Cdorked.A: New Apache backdoor being used in the wild to serve Blackhole. Retrieved September 10, 2017.",
                    "source_name": "Linux/Cdorked.A We Live Security Analysis"
                },
                {
                    "url": "https://www.carbonblack.com/2016/09/23/security-advisory-variants-well-known-adware-families-discovered-include-sophisticated-obfuscation-techniques-previously-associated-nation-state-attacks/",
                    "description": "Tedesco, B. (2016, September 23). Security Alert Summary. Retrieved February 12, 2018.",
                    "source_name": "Carbon Black Obfuscation Sept 2016"
                },
                {
                    "url": "https://www.fireeye.com/blog/threat-research/2017/06/obfuscation-in-the-wild.html",
                    "description": "Bohannon, D. & Carr N. (2017, June 30). Obfuscation in the Wild: Targeted Attackers Lead the Way in Evasion Techniques. Retrieved February 12, 2018.",
                    "source_name": "FireEye Obfuscation June 2017"
                },
                {
                    "url": "https://www.fireeye.com/content/dam/fireeye-www/blog/pdfs/revoke-obfuscation-report.pdf",
                    "description": "Bohannon, D. & Holmes, L. (2017, July 27). Revoke-Obfuscation: PowerShell Obfuscation Detection Using Science. Retrieved February 12, 2018.",
                    "source_name": "FireEye Revoke-Obfuscation July 2017"
                },
                {
                    "url": "https://researchcenter.paloaltonetworks.com/2017/03/unit42-pulling-back-the-curtains-on-encodedcommand-powershell-attacks/",
                    "description": "White, J. (2017, March 10). Pulling Back the Curtains on EncodedCommand PowerShell Attacks. Retrieved February 12, 2018.",
                    "source_name": "PaloAlto EncodedCommand March 2017"
                },
                {
                    "url": "https://github.com/danielbohannon/Revoke-Obfuscation",
                    "description": "Bohannon, D. (2017, July 27). Revoke-Obfuscation. Retrieved February 12, 2018.",
                    "source_name": "GitHub Revoke-Obfuscation"
                },
                {
                    "url": "https://github.com/itsreallynick/office-crackros",
                    "description": "Carr, N. (2016, August 14). OfficeCrackros. Retrieved February 12, 2018.",
                    "source_name": "GitHub Office-Crackros Aug 2016"
                }
            ],
            "description": "Adversaries may attempt to make an executable or file difficult to discover or analyze by encrypting, encoding, or otherwise obfuscating its contents on the system or in transit. This is common behavior that can be used across different platforms and the network to evade defenses. \n\nPayloads may be compressed, archived, or encrypted in order to avoid detection. These payloads may be used during Initial Access or later to mitigate detection. Sometimes a user's action may be required to open and [Deobfuscate/Decode Files or Information](https://attack.mitre.org/techniques/T1140) for [User Execution](https://attack.mitre.org/techniques/T1204). The user may also be required to input a password to open a password protected compressed/encrypted file that was provided by the adversary. (Citation: Volexity PowerDuke November 2016) Adversaries may also used compressed or archived scripts, such as JavaScript. \n\nPortions of files can also be encoded to hide the plain-text strings that would otherwise help defenders with discovery. (Citation: Linux/Cdorked.A We Live Security Analysis) Payloads may also be split into separate, seemingly benign files that only reveal malicious functionality when reassembled. (Citation: Carbon Black Obfuscation Sept 2016)\n\nAdversaries may also obfuscate commands executed from payloads or directly via a [Command and Scripting Interpreter](https://attack.mitre.org/techniques/T1059). Environment variables, aliases, characters, and other platform/language specific semantics can be used to evade signature based detections and application control mechanisms. (Citation: FireEye Obfuscation June 2017) (Citation: FireEye Revoke-Obfuscation July 2017)(Citation: PaloAlto EncodedCommand March 2017) ",
            "name": "Obfuscated Files or Information",
            "created_by_ref": "identity--c78cb6e5-0c4b-4611-8297-d1b8b55e40b5",
            "id": "attack-pattern--b3d682b6-98f2-4fb0-aa3b-b4df007ca70a",
            "type": "attack-pattern",
            "kill_chain_phases": [
                {
                    "kill_chain_name": "mitre-attack",
                    "phase_name": "defense-evasion"
                }
            ],
            "modified": "2020-09-16T19:24:20.601Z",
            "created": "2017-05-31T21:30:32.662Z",
            "x_mitre_is_subtechnique": false,
            "x_mitre_version": "1.1",
            "x_mitre_contributors": [
                "Red Canary",
                "Christiaan Beek, @ChristiaanBeek"
            ],
            "x_mitre_data_sources": [
                "Network protocol analysis",
                "Process use of network",
                "File monitoring",
                "Malware reverse engineering",
                "Binary file metadata",
                "Process command-line parameters",
                "Environment variable",
                "Process monitoring",
                "Windows event logs",
                "Network intrusion detection system",
                "Email gateway",
                "SSL/TLS inspection"
            ],
            "x_mitre_defense_bypassed": [
                "Host forensic analysis",
                "Signature-based detection",
                "Host intrusion prevention systems",
                "Application control",
                "Log analysis",
                "Application control by file name or path"
            ],
            "x_mitre_detection": "Detection of file obfuscation is difficult unless artifacts are left behind by the obfuscation process that are uniquely detectable with a signature. If detection of the obfuscation itself is not possible, it may be possible to detect the malicious activity that caused the obfuscated file (for example, the method that was used to write, read, or modify the file on the file system). \n\nFlag and analyze commands containing indicators of obfuscation and known suspicious syntax such as uninterpreted escape characters like '''^''' and '''\"'''. Windows' Sysmon and Event ID 4688 displays command-line arguments for processes. Deobfuscation tools can be used to detect these indicators in files/payloads. (Citation: GitHub Revoke-Obfuscation) (Citation: FireEye Revoke-Obfuscation July 2017) (Citation: GitHub Office-Crackros Aug 2016) \n\nObfuscation used in payloads for Initial Access can be detected at the network. Use network intrusion detection systems and email gateway filtering to identify compressed and encrypted attachments and scripts. Some email attachment detonation systems can open compressed and encrypted attachments. Payloads delivered over an encrypted connection from a website require encrypted network traffic inspection. \n\nThe first detection of a malicious tool may trigger an anti-virus or other security tool alert. Similar events may also occur at the boundary through network IDS, email scanning appliance, etc. The initial detection should be treated as an indication of a potentially more invasive intrusion. The alerting system should be thoroughly investigated beyond that initial alert for activity that was not detected. Adversaries may continue with an operation, assuming that individual events like an anti-virus detect will not be investigated or that an analyst will not be able to conclusively link that event to other activity occurring on the network. ",
            "x_mitre_platforms": [
                "Linux",
                "macOS",
                "Windows"
            ]
        }
    ]
}