{
    "type": "bundle",
    "id": "bundle--055c0d3a-f799-47ee-b7c8-6f56e383ea89",
    "spec_version": "2.0",
    "objects": [
        {
            "created": "2020-02-21T20:32:20.810Z",
            "modified": "2020-03-29T21:52:43.151Z",
            "kill_chain_phases": [
                {
                    "kill_chain_name": "mitre-attack",
                    "phase_name": "defense-evasion"
                }
            ],
            "type": "attack-pattern",
            "id": "attack-pattern--ac08589e-ee59-4935-8667-d845e38fe579",
            "description": "Adversaries may disable security tools to avoid possible detection of their tools and activities. This can take the form of killing security software or event logging processes, deleting Registry keys so that tools do not start at run time, or other methods to interfere with security tools scanning or reporting information.",
            "name": "Disable or Modify Tools",
            "created_by_ref": "identity--c78cb6e5-0c4b-4611-8297-d1b8b55e40b5",
            "object_marking_refs": [
                "marking-definition--fa42a846-8d90-4e51-bc29-71d5b4802168"
            ],
            "external_references": [
                {
                    "source_name": "mitre-attack",
                    "external_id": "T1562.001",
                    "url": "https://attack.mitre.org/techniques/T1562/001"
                },
                {
                    "external_id": "CAPEC-578",
                    "source_name": "capec",
                    "url": "https://capec.mitre.org/data/definitions/578.html"
                }
            ],
            "x_mitre_platforms": [
                "Windows",
                "macOS",
                "Linux"
            ],
            "x_mitre_data_sources": [
                "Process command-line parameters",
                "Windows Registry",
                "Services",
                "File monitoring"
            ],
            "x_mitre_detection": "Monitor processes and command-line arguments to see if security tools are killed or stop running. Monitor Registry edits for modifications to services and startup programs that correspond to security tools. Lack of log events may be suspicious.",
            "x_mitre_defense_bypassed": [
                "Anti-virus",
                "Log analysis",
                "Signature-based detection",
                "Host intrusion prevention systems",
                "File monitoring"
            ],
            "x_mitre_permissions_required": [
                "User",
                "Administrator"
            ],
            "x_mitre_is_subtechnique": true,
            "x_mitre_version": "1.0"
        }
    ]
}