{
    "type": "bundle",
    "id": "bundle--485290a6-6b81-422b-8fb5-f730012d1c6a",
    "spec_version": "2.0",
    "objects": [
        {
            "external_references": [
                {
                    "source_name": "mitre-attack",
                    "external_id": "T1586.002",
                    "url": "https://attack.mitre.org/techniques/T1586/002"
                },
                {
                    "source_name": "AnonHBGary",
                    "description": "Bright, P. (2011, February 15). Anonymous speaks: the inside story of the HBGary hack. Retrieved March 9, 2017.",
                    "url": "https://arstechnica.com/tech-policy/2011/02/anonymous-speaks-the-inside-story-of-the-hbgary-hack/"
                }
            ],
            "object_marking_refs": [
                "marking-definition--fa42a846-8d90-4e51-bc29-71d5b4802168"
            ],
            "created_by_ref": "identity--c78cb6e5-0c4b-4611-8297-d1b8b55e40b5",
            "name": "Email Accounts",
            "description": "Before compromising a victim, adversaries may compromise email accounts that can be used during targeting. Adversaries can use compromised email accounts to further their operations, such as leveraging them to conduct [Phishing for Information](https://attack.mitre.org/techniques/T1598) or [Phishing](https://attack.mitre.org/techniques/T1566). Utilizing an existing persona with a compromised email account may engender a level of trust in a potential victim if they have a relationship, or knowledge of, the compromised persona. Compromised email accounts can also be used in the acquisition of infrastructure (ex: [Domains](https://attack.mitre.org/techniques/T1583/001)).\n\nA variety of methods exist for compromising email accounts, such as gathering credentials via [Phishing for Information](https://attack.mitre.org/techniques/T1598), purchasing credentials from third-party sites, or by brute forcing credentials (ex: password reuse from breach credential dumps).(Citation: AnonHBGary) Prior to compromising email accounts, adversaries may conduct Reconnaissance to inform decisions about which accounts to compromise to further their operation.\n\nAdversaries can use a compromised email account to hijack existing email threads with targets of interest.",
            "id": "attack-pattern--3dc8c101-d4db-4f4d-8150-1b5a76ca5f1b",
            "type": "attack-pattern",
            "kill_chain_phases": [
                {
                    "kill_chain_name": "mitre-attack",
                    "phase_name": "resource-development"
                }
            ],
            "modified": "2020-10-20T16:40:58.761Z",
            "created": "2020-10-01T01:20:53.104Z",
            "x_mitre_detection": "Much of this activity will take place outside the visibility of the target organization, making detection of this behavior difficult. Detection efforts may be focused on related stages of the adversary lifecycle, such as during Initial Access (ex: [Phishing](https://attack.mitre.org/techniques/T1566)).",
            "x_mitre_version": "1.0",
            "x_mitre_is_subtechnique": true,
            "x_mitre_platforms": [
                "PRE"
            ]
        }
    ]
}