{
    "type": "bundle",
    "id": "bundle--08f120aa-a914-45de-a1ca-bf64611d90c6",
    "spec_version": "2.0",
    "objects": [
        {
            "id": "attack-pattern--b39d03cb-7b98-41c4-a878-c40c1a913dc0",
            "name": "Kerberoasting",
            "external_references": [
                {
                    "source_name": "mitre-attack",
                    "external_id": "T1208",
                    "url": "https://attack.mitre.org/techniques/T1208"
                },
                {
                    "url": "https://blogs.technet.microsoft.com/motiba/2018/02/23/detecting-kerberoasting-activity-using-azure-security-center/",
                    "description": "Bani, M. (2018, February 23). Detecting Kerberoasting activity using Azure Security Center. Retrieved March 23, 2018.",
                    "source_name": "Microsoft Detecting Kerberoasting Feb 2018"
                },
                {
                    "url": "https://msdn.microsoft.com/library/ms677949.aspx",
                    "description": "Microsoft. (n.d.). Service Principal Names. Retrieved March 22, 2018.",
                    "source_name": "Microsoft SPN"
                },
                {
                    "url": "https://social.technet.microsoft.com/wiki/contents/articles/717.service-principal-names-spns-setspn-syntax-setspn-exe.aspx",
                    "description": "Microsoft. (2010, April 13). Service Principal Names (SPNs) SetSPN Syntax (Setspn.exe). Retrieved March 22, 2018.",
                    "source_name": "Microsoft SetSPN"
                },
                {
                    "description": "Medin, T. (2014, November). Attacking Kerberos - Kicking the Guard Dog of Hades. Retrieved March 22, 2018.",
                    "source_name": "SANS Attacking Kerberos Nov 2014",
                    "url": "https://redsiege.com/kerberoast-slides"
                },
                {
                    "url": "https://www.harmj0y.net/blog/powershell/kerberoasting-without-mimikatz/",
                    "description": "Schroeder, W. (2016, November 1). Kerberoasting Without Mimikatz. Retrieved March 23, 2018.",
                    "source_name": "Harmj0y Kerberoast Nov 2016"
                },
                {
                    "url": "https://github.com/EmpireProject/Empire/blob/master/data/module_source/credentials/Invoke-Kerberoast.ps1",
                    "description": "EmpireProject. (2016, October 31). Invoke-Kerberoast.ps1. Retrieved March 22, 2018.",
                    "source_name": "Empire InvokeKerberoast Oct 2016"
                },
                {
                    "url": "https://adsecurity.org/?p=2293",
                    "description": "Metcalf, S. (2015, December 31). Cracking Kerberos TGS Tickets Using Kerberoast \u2013 Exploiting Kerberos to Compromise the Active Directory Domain. Retrieved March 22, 2018.",
                    "source_name": "AdSecurity Cracking Kerberos Dec 2015"
                }
            ],
            "revoked": true,
            "type": "attack-pattern",
            "modified": "2020-10-20T19:30:10.297Z",
            "created": "2018-04-18T17:59:24.739Z"
        }
    ]
}