{
    "type": "bundle",
    "id": "bundle--4abac801-6f74-41a0-aaf1-ebb27bfe055f",
    "spec_version": "2.0",
    "objects": [
        {
            "external_references": [
                {
                    "source_name": "mitre-attack",
                    "external_id": "T1547.001",
                    "url": "https://attack.mitre.org/techniques/T1547/001"
                },
                {
                    "external_id": "CAPEC-270",
                    "source_name": "capec",
                    "url": "https://capec.mitre.org/data/definitions/270.html"
                },
                {
                    "url": "http://msdn.microsoft.com/en-us/library/aa376977",
                    "description": "Microsoft. (n.d.). Run and RunOnce Registry Keys. Retrieved November 12, 2014.",
                    "source_name": "Microsoft Run Key"
                },
                {
                    "source_name": "Microsoft Wow6432Node 2018",
                    "url": "https://docs.microsoft.com/en-us/windows/win32/sysinfo/32-bit-and-64-bit-application-data-in-the-registry",
                    "description": "Microsoft. (2018, May 31). 32-bit and 64-bit Application Data in the Registry. Retrieved August 3, 2020."
                },
                {
                    "source_name": "Malwarebytes Wow6432Node 2016",
                    "url": "https://blog.malwarebytes.com/cybercrime/2013/10/hiding-in-plain-sight/",
                    "description": "Arntz, P. (2016, March 30). Hiding in Plain Sight. Retrieved August 3, 2020."
                },
                {
                    "url": "https://support.microsoft.com/help/310593/description-of-the-runonceex-registry-key",
                    "description": "Microsoft. (2018, August 20). Description of the RunOnceEx Registry Key. Retrieved June 29, 2018.",
                    "source_name": "Microsoft RunOnceEx APR 2018"
                },
                {
                    "url": "https://oddvar.moe/2018/03/21/persistence-using-runonceex-hidden-from-autoruns-exe/",
                    "description": "Moe, O. (2018, March 21). Persistence using RunOnceEx - Hidden from Autoruns.exe. Retrieved June 29, 2018.",
                    "source_name": "Oddvar Moe RunOnceEx Mar 2018"
                },
                {
                    "url": "https://technet.microsoft.com/en-us/sysinternals/bb963902",
                    "description": "Russinovich, M. (2016, January 4). Autoruns for Windows v13.51. Retrieved June 6, 2016.",
                    "source_name": "TechNet Autoruns"
                }
            ],
            "object_marking_refs": [
                "marking-definition--fa42a846-8d90-4e51-bc29-71d5b4802168"
            ],
            "created_by_ref": "identity--c78cb6e5-0c4b-4611-8297-d1b8b55e40b5",
            "name": "Registry Run Keys / Startup Folder",
            "description": "Adversaries may achieve persistence by adding a program to a startup folder or referencing it with a Registry run key. Adding an entry to the \"run keys\" in the Registry or startup folder will cause the program referenced to be executed when a user logs in. (Citation: Microsoft Run Key) These programs will be executed under the context of the user and will have the account's associated permissions level.\n\nPlacing a program within a startup folder will also cause that program to execute when a user logs in. There is a startup folder location for individual user accounts as well as a system-wide startup folder that will be checked regardless of which user account logs in. The startup folder path for the current user is <code>C:\\Users\\[Username]\\AppData\\Roaming\\Microsoft\\Windows\\Start Menu\\Programs\\Startup</code>. The startup folder path for all users is <code>C:\\ProgramData\\Microsoft\\Windows\\Start Menu\\Programs\\StartUp</code>.\n\nThe following run keys are created by default on Windows systems:\n\n* <code>HKEY_CURRENT_USER\\Software\\Microsoft\\Windows\\CurrentVersion\\Run</code>\n* <code>HKEY_CURRENT_USER\\Software\\Microsoft\\Windows\\CurrentVersion\\RunOnce</code>\n* <code>HKEY_LOCAL_MACHINE\\Software\\Microsoft\\Windows\\CurrentVersion\\Run</code>\n* <code>HKEY_LOCAL_MACHINE\\Software\\Microsoft\\Windows\\CurrentVersion\\RunOnce</code>\n\nRun keys may exist under multiple hives.(Citation: Microsoft Wow6432Node 2018)(Citation: Malwarebytes Wow6432Node 2016) The <code>HKEY_LOCAL_MACHINE\\Software\\Microsoft\\Windows\\CurrentVersion\\RunOnceEx</code> is also available but is not created by default on Windows Vista and newer. Registry run key entries can reference programs directly or list them as a dependency. (Citation: Microsoft RunOnceEx APR 2018) For example, it is possible to load a DLL at logon using a \"Depend\" key with RunOnceEx: <code>reg add HKLM\\SOFTWARE\\Microsoft\\Windows\\CurrentVersion\\RunOnceEx\\0001\\Depend /v 1 /d \"C:\\temp\\evil[.]dll\"</code> (Citation: Oddvar Moe RunOnceEx Mar 2018)\n\nThe following Registry keys can be used to set startup folder items for persistence:\n\n* <code>HKEY_CURRENT_USER\\Software\\Microsoft\\Windows\\CurrentVersion\\Explorer\\User Shell Folders</code>\n* <code>HKEY_CURRENT_USER\\Software\\Microsoft\\Windows\\CurrentVersion\\Explorer\\Shell Folders</code>\n* <code>HKEY_LOCAL_MACHINE\\SOFTWARE\\Microsoft\\Windows\\CurrentVersion\\Explorer\\Shell Folders</code>\n* <code>HKEY_LOCAL_MACHINE\\SOFTWARE\\Microsoft\\Windows\\CurrentVersion\\Explorer\\User Shell Folders</code>\n\nThe following Registry keys can control automatic startup of services during boot:\n\n* <code>HKEY_LOCAL_MACHINE\\Software\\Microsoft\\Windows\\CurrentVersion\\RunServicesOnce</code>\n* <code>HKEY_CURRENT_USER\\Software\\Microsoft\\Windows\\CurrentVersion\\RunServicesOnce</code>\n* <code>HKEY_LOCAL_MACHINE\\Software\\Microsoft\\Windows\\CurrentVersion\\RunServices</code>\n* <code>HKEY_CURRENT_USER\\Software\\Microsoft\\Windows\\CurrentVersion\\RunServices</code>\n\nUsing policy settings to specify startup programs creates corresponding values in either of two Registry keys:\n\n* <code>HKEY_LOCAL_MACHINE\\Software\\Microsoft\\Windows\\CurrentVersion\\Policies\\Explorer\\Run</code>\n* <code>HKEY_CURRENT_USER\\Software\\Microsoft\\Windows\\CurrentVersion\\Policies\\Explorer\\Run</code>\n\nThe Winlogon key controls actions that occur when a user logs on to a computer running Windows 7. Most of these actions are under the control of the operating system, but you can also add custom actions here. The <code>HKEY_LOCAL_MACHINE\\Software\\Microsoft\\Windows NT\\CurrentVersion\\Winlogon\\Userinit</code> and <code>HKEY_LOCAL_MACHINE\\Software\\Microsoft\\Windows NT\\CurrentVersion\\Winlogon\\Shell</code> subkeys can automatically launch programs.\n\nPrograms listed in the load value of the registry key <code>HKEY_CURRENT_USER\\Software\\Microsoft\\Windows NT\\CurrentVersion\\Windows</code> run when any user logs on.\n\nBy default, the multistring <code>BootExecute</code> value of the registry key <code>HKEY_LOCAL_MACHINE\\System\\CurrentControlSet\\Control\\Session Manager</code> is set to <code>autocheck autochk *</code>. This value causes Windows, at startup, to check the file-system integrity of the hard disks if the system has been shut down abnormally. Adversaries can add other programs or processes to this registry value which will automatically launch at boot.\n\nAdversaries can use these configuration locations to execute malware, such as remote access tools, to maintain persistence through system reboots. Adversaries may also use [Masquerading](https://attack.mitre.org/techniques/T1036) to make the Registry entries look as if they are associated with legitimate programs.",
            "id": "attack-pattern--9efb1ea7-c37b-4595-9640-b7680cd84279",
            "type": "attack-pattern",
            "kill_chain_phases": [
                {
                    "kill_chain_name": "mitre-attack",
                    "phase_name": "persistence"
                },
                {
                    "kill_chain_name": "mitre-attack",
                    "phase_name": "privilege-escalation"
                }
            ],
            "modified": "2020-08-03T16:30:26.918Z",
            "created": "2020-01-23T22:02:48.566Z",
            "x_mitre_version": "1.1",
            "x_mitre_is_subtechnique": true,
            "x_mitre_permissions_required": [
                "Administrator",
                "User"
            ],
            "x_mitre_detection": "Monitor Registry for changes to run keys that do not correlate with known software, patch cycles, etc. Monitor the start folder for additions or changes. Tools such as Sysinternals Autoruns may also be used to detect system changes that could be attempts at persistence, including listing the run keys' Registry locations and startup folders. (Citation: TechNet Autoruns) Suspicious program execution as startup programs may show up as outlier processes that have not been seen before when compared against historical data.\n\nChanges to these locations typically happen under normal conditions when legitimate software is installed. To increase confidence of malicious activity, data and events should not be viewed in isolation, but as part of a chain of behavior that could lead to other activities, such as network connections made for Command and Control, learning details about the environment through Discovery, and Lateral Movement.",
            "x_mitre_data_sources": [
                "Windows Registry",
                "File monitoring"
            ],
            "x_mitre_contributors": [
                "Oddvar Moe, @oddvarmoe"
            ],
            "x_mitre_platforms": [
                "Windows"
            ]
        }
    ]
}