{
    "type": "bundle",
    "id": "bundle--821d9e67-6e64-407f-a381-9112cdfe3802",
    "spec_version": "2.0",
    "objects": [
        {
            "external_references": [
                {
                    "source_name": "mitre-attack",
                    "external_id": "T1525",
                    "url": "https://attack.mitre.org/techniques/T1525"
                },
                {
                    "source_name": "Rhino Labs Cloud Image Backdoor Technique Sept 2019",
                    "url": "https://rhinosecuritylabs.com/aws/cloud-container-attack-tool/",
                    "description": "Rhino Labs. (2019, August). Exploiting AWS ECR and ECS with the Cloud Container Attack Tool (CCAT). Retrieved September 12, 2019."
                },
                {
                    "source_name": "Rhino Labs Cloud Backdoor September 2019",
                    "url": "https://github.com/RhinoSecurityLabs/ccat",
                    "description": "Rhino Labs. (2019, September). Cloud Container Attack Tool (CCAT). Retrieved September 12, 2019."
                },
                {
                    "source_name": "ATT Cybersecurity Cryptocurrency Attacks on Cloud",
                    "url": "https://www.alienvault.com/blogs/labs-research/making-it-rain-cryptocurrency-mining-attacks-in-the-cloud",
                    "description": "Doman, C. & Hegel, T.. (2019, March 14). Making it Rain - Cryptocurrency Mining Attacks in the Cloud. Retrieved October 3, 2019."
                }
            ],
            "object_marking_refs": [
                "marking-definition--fa42a846-8d90-4e51-bc29-71d5b4802168"
            ],
            "created_by_ref": "identity--c78cb6e5-0c4b-4611-8297-d1b8b55e40b5",
            "name": "Implant Container Image",
            "description": "Adversaries may implant cloud container images with malicious code to establish persistence. Amazon Web Service (AWS) Amazon Machine Images (AMI), Google Cloud Platform (GCP) Images, and Azure Images as well as popular container runtimes such as Docker can be implanted or backdoored. Depending on how the infrastructure is provisioned, this could provide persistent access if the infrastructure provisioning tool is instructed to always use the latest image.(Citation: Rhino Labs Cloud Image Backdoor Technique Sept 2019)\n\nA tool has been developed to facilitate planting backdoors in cloud container images.(Citation: Rhino Labs Cloud Backdoor September 2019) If an attacker has access to a compromised AWS instance, and permissions to list the available container images, they may implant a backdoor such as a [Web Shell](https://attack.mitre.org/techniques/T1505/003).(Citation: Rhino Labs Cloud Image Backdoor Technique Sept 2019) Adversaries may also implant Docker images that may be inadvertently used in cloud deployments, which has been reported in some instances of cryptomining botnets.(Citation: ATT Cybersecurity Cryptocurrency Attacks on Cloud) ",
            "id": "attack-pattern--4fd8a28b-4b3a-4cd6-a8cf-85ba5f824a7f",
            "type": "attack-pattern",
            "kill_chain_phases": [
                {
                    "kill_chain_name": "mitre-attack",
                    "phase_name": "persistence"
                }
            ],
            "modified": "2020-03-25T22:47:34.137Z",
            "created": "2019-09-04T12:04:03.552Z",
            "x_mitre_is_subtechnique": false,
            "x_mitre_data_sources": [
                "File monitoring",
                "Asset management"
            ],
            "x_mitre_detection": "Monitor interactions with images and containers by users to identify ones that are added or modified anomalously.",
            "x_mitre_permissions_required": [
                "User"
            ],
            "x_mitre_version": "1.0",
            "x_mitre_contributors": [
                "Praetorian"
            ],
            "x_mitre_platforms": [
                "GCP",
                "Azure",
                "AWS"
            ]
        }
    ]
}