{
    "type": "bundle",
    "id": "bundle--df7d3803-6bfd-4c93-8658-966721260275",
    "spec_version": "2.0",
    "objects": [
        {
            "created": "2017-05-31T21:31:13.915Z",
            "modified": "2020-03-26T23:26:10.297Z",
            "kill_chain_phases": [
                {
                    "kill_chain_name": "mitre-attack",
                    "phase_name": "command-and-control"
                }
            ],
            "type": "attack-pattern",
            "id": "attack-pattern--830c9528-df21-472c-8c14-a036bf17d665",
            "created_by_ref": "identity--c78cb6e5-0c4b-4611-8297-d1b8b55e40b5",
            "name": "Web Service",
            "description": "Adversaries may use an existing, legitimate external Web service as a means for relaying data to/from a compromised system. Popular websites and social media acting as a mechanism for C2 may give a significant amount of cover due to the likelihood that hosts within a network are already communicating with them prior to a compromise. Using common services, such as those offered by Google or Twitter, makes it easier for adversaries to hide in expected noise. Web service providers commonly use SSL/TLS encryption, giving adversaries an added level of protection.\n\nUse of Web services may also protect back-end C2 infrastructure from discovery through malware binary analysis while also enabling operational resiliency (since this infrastructure may be dynamically changed).",
            "external_references": [
                {
                    "source_name": "mitre-attack",
                    "external_id": "T1102",
                    "url": "https://attack.mitre.org/techniques/T1102"
                },
                {
                    "url": "https://arxiv.org/ftp/arxiv/papers/1408/1408.1136.pdf",
                    "description": "Gardiner, J.,  Cova, M., Nagaraja, S. (2014, February). Command & Control Understanding, Denying and Detecting. Retrieved April 20, 2016.",
                    "source_name": "University of Birmingham C2"
                }
            ],
            "object_marking_refs": [
                "marking-definition--fa42a846-8d90-4e51-bc29-71d5b4802168"
            ],
            "x_mitre_platforms": [
                "Linux",
                "macOS",
                "Windows"
            ],
            "x_mitre_permissions_required": [
                "User"
            ],
            "x_mitre_detection": "Host data that can relate unknown or suspicious process activity using a network connection is important to supplement any existing indicators of compromise based on malware command and control signatures and infrastructure or the presence of strong encryption. Packet capture analysis will require SSL/TLS inspection if data is encrypted. Analyze network data for uncommon data flows (e.g., a client sending significantly more data than it receives from a server). User behavior monitoring may help to detect abnormal patterns of activity.(Citation: University of Birmingham C2)",
            "x_mitre_data_sources": [
                "Host network interface",
                "Netflow/Enclave netflow",
                "Network protocol analysis",
                "Packet capture",
                "SSL/TLS inspection"
            ],
            "x_mitre_contributors": [
                "Anastasios Pingios"
            ],
            "x_mitre_version": "1.1",
            "x_mitre_is_subtechnique": false
        }
    ]
}