{
    "type": "bundle",
    "id": "bundle--d4b2f443-8369-4d8e-acf0-b3486c4f64f6",
    "spec_version": "2.0",
    "objects": [
        {
            "created": "2017-05-31T21:30:20.537Z",
            "modified": "2020-05-26T19:21:25.974Z",
            "kill_chain_phases": [
                {
                    "kill_chain_name": "mitre-attack",
                    "phase_name": "collection"
                }
            ],
            "type": "attack-pattern",
            "object_marking_refs": [
                "marking-definition--fa42a846-8d90-4e51-bc29-71d5b4802168"
            ],
            "external_references": [
                {
                    "source_name": "mitre-attack",
                    "url": "https://attack.mitre.org/techniques/T1005",
                    "external_id": "T1005"
                }
            ],
            "description": "Adversaries may search local system sources, such as file systems or local databases, to find files of interest and sensitive data prior to Exfiltration.\n\nAdversaries may do this using a [Command and Scripting Interpreter](https://attack.mitre.org/techniques/T1059), such as [cmd](https://attack.mitre.org/software/S0106), which has functionality to interact with the file system to gather information. Some adversaries may also use [Automated Collection](https://attack.mitre.org/techniques/T1119) on the local system.\n",
            "name": "Data from Local System",
            "created_by_ref": "identity--c78cb6e5-0c4b-4611-8297-d1b8b55e40b5",
            "id": "attack-pattern--3c4a2599-71ee-4405-ba1e-0e28414b4bc5",
            "x_mitre_version": "1.2",
            "x_mitre_data_sources": [
                "File monitoring",
                "Process monitoring",
                "Process command-line parameters"
            ],
            "x_mitre_detection": "Monitor processes and command-line arguments for actions that could be taken to collect files from a system. Remote access tools with built-in features may interact directly with the Windows API to gather data. Data may also be acquired through Windows system management tools such as [Windows Management Instrumentation](https://attack.mitre.org/techniques/T1047) and [PowerShell](https://attack.mitre.org/techniques/T1059/001).",
            "x_mitre_system_requirements": [
                "Privileges to access certain files and directories"
            ],
            "x_mitre_platforms": [
                "Linux",
                "macOS",
                "Windows"
            ],
            "x_mitre_is_subtechnique": false
        }
    ]
}