{
    "type": "bundle",
    "id": "bundle--ea48fa93-98b3-47b5-8bf4-7e8e83d59b1d",
    "spec_version": "2.0",
    "objects": [
        {
            "id": "attack-pattern--72b5ef57-325c-411b-93ca-a3ca6fa17e31",
            "name": "SIP and Trust Provider Hijacking",
            "external_references": [
                {
                    "source_name": "mitre-attack",
                    "external_id": "T1198",
                    "url": "https://attack.mitre.org/techniques/T1198"
                },
                {
                    "url": "https://msdn.microsoft.com/library/ms537359.aspx",
                    "description": "Microsoft. (n.d.). Authenticode. Retrieved January 31, 2018.",
                    "source_name": "Microsoft Authenticode"
                },
                {
                    "url": "https://msdn.microsoft.com/library/windows/desktop/aa388208.aspx",
                    "description": "Microsoft. (n.d.). WinVerifyTrust function. Retrieved January 31, 2018.",
                    "source_name": "Microsoft WinVerifyTrust"
                },
                {
                    "url": "https://specterops.io/assets/resources/SpecterOps_Subverting_Trust_in_Windows.pdf",
                    "description": "Graeber, M. (2017, September). Subverting Trust in Windows. Retrieved January 31, 2018.",
                    "source_name": "SpectorOps Subverting Trust Sept 2017"
                },
                {
                    "url": "https://blogs.technet.microsoft.com/eduardonavarro/2008/07/11/sips-subject-interface-package-and-authenticode/",
                    "description": "Navarro, E. (2008, July 11). SIP\u2019s (Subject Interface Package) and Authenticode. Retrieved January 31, 2018.",
                    "source_name": "EduardosBlog SIPs July 2008"
                },
                {
                    "url": "https://docs.microsoft.com/windows-hardware/drivers/install/catalog-files",
                    "description": "Hudek, T. (2017, April 20). Catalog Files and Digital Signatures. Retrieved January 31, 2018.",
                    "source_name": "Microsoft Catalog Files and Signatures April 2017"
                },
                {
                    "url": "https://github.com/mattifestation/PoCSubjectInterfacePackage",
                    "description": "Graeber, M. (2017, September 14). PoCSubjectInterfacePackage. Retrieved January 31, 2018.",
                    "source_name": "GitHub SIP POC Sept 2017"
                },
                {
                    "url": "http://www.entrust.net/knowledge-base/technote.cfm?tn=8165",
                    "description": "Entrust Datacard. (2017, August 16). How do I enable CAPI 2.0 logging in Windows Vista, Windows 7 and Windows 2008 Server?. Retrieved January 31, 2018.",
                    "source_name": "Entrust Enable CAPI2 Aug 2017"
                },
                {
                    "url": "https://docs.microsoft.com/previous-versions/windows/it-pro/windows-server-2012-R2-and-2012/dn311461(v=ws.11)",
                    "description": "Microsoft. (2016, August 31). Registry (Global Object Access Auditing). Retrieved January 31, 2018.",
                    "source_name": "Microsoft Registry Auditing Aug 2016"
                },
                {
                    "url": "https://docs.microsoft.com/previous-versions/windows/it-pro/windows-server-2008-R2-and-2008/dd941614(v=ws.10)",
                    "description": "Microsoft. (2012, July 2). Audit Registry. Retrieved January 31, 2018.",
                    "source_name": "Microsoft Audit Registry July 2012"
                }
            ],
            "revoked": true,
            "type": "attack-pattern",
            "modified": "2020-02-05T19:35:58.954Z",
            "created": "2018-04-18T17:59:24.739Z"
        }
    ]
}