{
    "type": "bundle",
    "id": "bundle--819c4f70-0e5e-4382-9234-727774b5e759",
    "spec_version": "2.0",
    "objects": [
        {
            "external_references": [
                {
                    "source_name": "mitre-attack",
                    "external_id": "T1152",
                    "url": "https://attack.mitre.org/techniques/T1152"
                },
                {
                    "url": "https://researchcenter.paloaltonetworks.com/2016/09/unit42-sofacys-komplex-os-x-trojan/",
                    "description": "Dani Creus, Tyler Halfpop, Robert Falcone. (2016, September 26). Sofacy's 'Komplex' OS X Trojan. Retrieved July 8, 2017.",
                    "source_name": "Sofacy Komplex Trojan"
                }
            ],
            "name": "Launchctl",
            "id": "attack-pattern--53bfc8bf-8f76-4cd7-8958-49a884ddb3ee",
            "revoked": true,
            "type": "attack-pattern",
            "modified": "2020-03-10T18:31:00.336Z",
            "created": "2017-12-14T16:46:06.044Z"
        }
    ]
}