{
    "type": "bundle",
    "id": "bundle--f61ca2ec-b6a2-47f8-9757-6f0338e1ed48",
    "spec_version": "2.0",
    "objects": [
        {
            "external_references": [
                {
                    "source_name": "mitre-attack",
                    "external_id": "T1213.001",
                    "url": "https://attack.mitre.org/techniques/T1213/001"
                },
                {
                    "url": "https://confluence.atlassian.com/confkb/how-to-enable-user-access-logging-182943.html",
                    "description": "Atlassian. (2018, January 9). How to Enable User Access Logging. Retrieved April 4, 2018.",
                    "source_name": "Atlassian Confluence Logging"
                }
            ],
            "object_marking_refs": [
                "marking-definition--fa42a846-8d90-4e51-bc29-71d5b4802168"
            ],
            "created_by_ref": "identity--c78cb6e5-0c4b-4611-8297-d1b8b55e40b5",
            "name": "Confluence",
            "description": "\nAdversaries may leverage Confluence repositories to mine valuable information. Often found in development environments alongside Atlassian JIRA, Confluence is generally used to store development-related documentation, however, in general may contain more diverse categories of useful information, such as:\n\n* Policies, procedures, and standards\n* Physical / logical network diagrams\n* System architecture diagrams\n* Technical system documentation\n* Testing / development credentials\n* Work / project schedules\n* Source code snippets\n* Links to network shares and other internal resources\n",
            "id": "attack-pattern--7ad38ef1-381a-406d-872a-38b136eb5ecc",
            "type": "attack-pattern",
            "kill_chain_phases": [
                {
                    "kill_chain_name": "mitre-attack",
                    "phase_name": "collection"
                }
            ],
            "modified": "2020-03-24T16:42:09.222Z",
            "created": "2020-02-14T13:09:51.004Z",
            "x_mitre_version": "1.0",
            "x_mitre_is_subtechnique": true,
            "x_mitre_permissions_required": [
                "User"
            ],
            "x_mitre_detection": "Monitor access to Confluence repositories performed by privileged users (for example, Active Directory Domain, Enterprise, or Schema Administrators) as these types of accounts should not generally used to access information repositories. If the capability exists, it may be of value to monitor and alert on users that are retrieving and viewing a large number of documents and pages; this behavior may be indicative of programmatic means being used to retrieve all data within the repository. In environments with high-maturity, it may be possible to leverage User-Behavioral Analytics (UBA) platforms to detect and alert on user based anomalies.\n\nUser access logging within Atlassian's Confluence can be configured to report access to certain pages and documents through AccessLogFilter. (Citation: Atlassian Confluence Logging) Additional log storage and analysis infrastructure will likely be required for more robust detection capabilities.",
            "x_mitre_data_sources": [
                "Third-party application logs",
                "Authentication logs"
            ],
            "x_mitre_platforms": [
                "SaaS"
            ]
        }
    ]
}