{
    "type": "bundle",
    "id": "bundle--ad65b197-8926-41e4-82bd-6455eb0fff3a",
    "spec_version": "2.0",
    "objects": [
        {
            "created": "2020-03-13T21:13:10.467Z",
            "modified": "2020-05-26T19:23:54.854Z",
            "kill_chain_phases": [
                {
                    "kill_chain_name": "mitre-attack",
                    "phase_name": "collection"
                }
            ],
            "type": "attack-pattern",
            "id": "attack-pattern--1c34f7aa-9341-4a48-bfab-af22e51aca6c",
            "description": "Adversaries may stage collected data in a central location or directory on the local system prior to Exfiltration. Data may be kept in separate files or combined into one file through techniques such as [Archive Collected Data](https://attack.mitre.org/techniques/T1560). Interactive command shells may be used, and common functionality within [cmd](https://attack.mitre.org/software/S0106) and bash may be used to copy data into a staging location.",
            "name": "Local Data Staging",
            "created_by_ref": "identity--c78cb6e5-0c4b-4611-8297-d1b8b55e40b5",
            "object_marking_refs": [
                "marking-definition--fa42a846-8d90-4e51-bc29-71d5b4802168"
            ],
            "external_references": [
                {
                    "source_name": "mitre-attack",
                    "external_id": "T1074.001",
                    "url": "https://attack.mitre.org/techniques/T1074/001"
                }
            ],
            "x_mitre_platforms": [
                "Linux",
                "macOS",
                "Windows"
            ],
            "x_mitre_data_sources": [
                "Process command-line parameters",
                "Process monitoring",
                "File monitoring"
            ],
            "x_mitre_detection": "Processes that appear to be reading files from disparate locations and writing them to the same directory or file may be an indication of data being staged, especially if they are suspected of performing encryption or compression on the files, such as 7zip, RAR, ZIP, or zlib. Monitor publicly writeable directories, central locations, and commonly used staging directories (recycle bin, temp folders, etc.) to regularly check for compressed or encrypted data that may be indicative of staging.\n\nMonitor processes and command-line arguments for actions that could be taken to collect and combine files. Remote access tools with built-in features may interact directly with the Windows API to gather and copy to a location. Data may also be acquired and staged through Windows system management tools such as [Windows Management Instrumentation](https://attack.mitre.org/techniques/T1047) and [PowerShell](https://attack.mitre.org/techniques/T1059/001).",
            "x_mitre_is_subtechnique": true,
            "x_mitre_version": "1.0"
        }
    ]
}