{
    "type": "bundle",
    "id": "bundle--f09c9d71-b342-4045-9ee2-59fb898ae002",
    "spec_version": "2.0",
    "objects": [
        {
            "external_references": [
                {
                    "source_name": "mitre-attack",
                    "external_id": "T1483",
                    "url": "https://attack.mitre.org/techniques/T1483"
                },
                {
                    "source_name": "Cybereason Dissecting DGAs",
                    "url": "http://go.cybereason.com/rs/996-YZT-709/images/Cybereason-Lab-Analysis-Dissecting-DGAs-Eight-Real-World-DGA-Variants.pdf",
                    "description": "Sternfeld, U. (2016). Dissecting Domain Generation Algorithms: Eight Real World DGA Variants. Retrieved February 18, 2019."
                },
                {
                    "source_name": "Cisco Umbrella DGA",
                    "url": "https://umbrella.cisco.com/blog/2016/10/10/domain-generation-algorithms-effective/",
                    "description": "Scarfo, A. (2016, October 10). Domain Generation Algorithms \u2013 Why so effective?. Retrieved February 18, 2019."
                },
                {
                    "source_name": "Unit 42 DGA Feb 2019",
                    "url": "https://unit42.paloaltonetworks.com/threat-brief-understanding-domain-generation-algorithms-dga/",
                    "description": "Unit 42. (2019, February 7). Threat Brief: Understanding Domain Generation Algorithms (DGA). Retrieved February 19, 2019."
                },
                {
                    "url": "http://blog.talosintelligence.com/2017/09/avast-distributes-malware.html",
                    "description": "Brumaghin, E. et al. (2017, September 18). CCleanup: A Vast Number of Machines at Risk. Retrieved March 9, 2018.",
                    "source_name": "Talos CCleanup 2017"
                },
                {
                    "source_name": "Akamai DGA Mitigation",
                    "url": "https://blogs.akamai.com/2018/01/a-death-match-of-domain-generation-algorithms.html",
                    "description": "Liu, H. and Yuzifovich, Y. (2018, January 9). A Death Match of Domain Generation Algorithms. Retrieved February 18, 2019."
                },
                {
                    "url": "https://www.fireeye.com/blog/threat-research/2017/03/dissecting_one_ofap.html",
                    "description": "Dunwoody, M.. (2017, April 3). Dissecting One of APT29\u2019s Fileless WMI and PowerShell Backdoors (POSHSPY). Retrieved April 5, 2017.",
                    "source_name": "FireEye POSHSPY April 2017"
                },
                {
                    "source_name": "ESET Sednit 2017 Activity",
                    "url": "https://www.welivesecurity.com/2017/12/21/sednit-update-fancy-bear-spent-year/",
                    "description": "ESET. (2017, December 21). Sednit update: How Fancy Bear Spent the Year. Retrieved February 18, 2019."
                },
                {
                    "source_name": "Data Driven Security DGA",
                    "url": "https://datadrivensecurity.info/blog/posts/2014/Oct/dga-part2/",
                    "description": "Jacobs, J. (2014, October 2). Building a DGA Classifier: Part 2, Feature Engineering. Retrieved February 18, 2019."
                },
                {
                    "source_name": "Pace University Detecting DGA May 2017",
                    "url": "http://csis.pace.edu/~ctappert/srd2017/2017PDF/d4.pdf",
                    "description": "Chen, L., Wang, T.. (2017, May 5). Detecting Algorithmically Generated Domains Using Data Visualization and N-Grams Methods . Retrieved April 26, 2019."
                },
                {
                    "source_name": "Endgame Predicting DGA",
                    "url": "https://arxiv.org/pdf/1611.00791.pdf",
                    "description": "Ahuja, A., Anderson, H., Grant, D., Woodbridge, J.. (2016, November 2). Predicting Domain Generation Algorithms with Long Short-Term Memory Networks. Retrieved April 26, 2019."
                }
            ],
            "name": "Domain Generation Algorithms",
            "id": "attack-pattern--54456690-84de-4538-9101-643e26437e09",
            "revoked": true,
            "type": "attack-pattern",
            "modified": "2020-03-20T19:51:55.085Z",
            "created": "2019-02-18T17:22:57.831Z"
        }
    ]
}