{
    "type": "bundle",
    "id": "bundle--3b2c0f32-762e-4873-b58f-e5d4c06a7c3e",
    "spec_version": "2.0",
    "objects": [
        {
            "external_references": [
                {
                    "source_name": "mitre-attack",
                    "external_id": "T1044",
                    "url": "https://attack.mitre.org/techniques/T1044"
                },
                {
                    "external_id": "CAPEC-17",
                    "source_name": "capec",
                    "url": "https://capec.mitre.org/data/definitions/17.html"
                },
                {
                    "url": "https://www.mozilla.org/en-US/security/advisories/mfsa2012-98/",
                    "description": "Kugler, R. (2012, November 20). Mozilla Foundation Security Advisory 2012-98. Retrieved March 10, 2017.",
                    "source_name": "Mozilla Firefox Installer DLL Hijack"
                },
                {
                    "url": "http://seclists.org/fulldisclosure/2015/Dec/34",
                    "description": "Kanthak, S. (2015, December 8). Executable installers are vulnerable^WEVIL (case 7): 7z*.exe\tallows remote code execution with escalation of privilege. Retrieved March 10, 2017.",
                    "source_name": "Seclists Kanthak 7zip Installer"
                }
            ],
            "name": "File System Permissions Weakness",
            "id": "attack-pattern--0ca7beef-9bbc-4e35-97cf-437384ddce6a",
            "revoked": true,
            "type": "attack-pattern",
            "modified": "2020-03-19T15:11:39.627Z",
            "created": "2017-05-31T21:30:43.063Z"
        }
    ]
}