{
    "type": "bundle",
    "id": "bundle--62765a87-b7a7-4e27-86a6-062cf3f30fdb",
    "spec_version": "2.0",
    "objects": [
        {
            "revoked": true,
            "external_references": [
                {
                    "source_name": "mitre-attack",
                    "external_id": "T1150",
                    "url": "https://attack.mitre.org/techniques/T1150"
                },
                {
                    "url": "https://researchcenter.paloaltonetworks.com/2016/09/unit42-sofacys-komplex-os-x-trojan/",
                    "description": "Dani Creus, Tyler Halfpop, Robert Falcone. (2016, September 26). Sofacy's 'Komplex' OS X Trojan. Retrieved July 8, 2017.",
                    "source_name": "Sofacy Komplex Trojan"
                }
            ],
            "name": "Plist Modification",
            "id": "attack-pattern--06780952-177c-4247-b978-79c357fb311f",
            "type": "attack-pattern",
            "modified": "2020-03-17T13:03:25.670Z",
            "created": "2017-12-14T16:46:06.044Z"
        }
    ]
}