{
    "type": "bundle",
    "id": "bundle--7a460487-668d-482d-8fa3-32ce781588f7",
    "spec_version": "2.0",
    "objects": [
        {
            "id": "attack-pattern--56fca983-1cf1-4fd1-bda0-5e170a37ab59",
            "name": "File Deletion",
            "external_references": [
                {
                    "source_name": "mitre-attack",
                    "external_id": "T1107",
                    "url": "https://attack.mitre.org/techniques/T1107"
                },
                {
                    "url": "http://blog.trendmicro.com/trendlabs-security-intelligence/in-depth-look-apt-attack-tools-of-the-trade/",
                    "description": "Wilhoit, K. (2013, March 4). In-Depth Look: APT Attack Tools of the Trade. Retrieved December 2, 2015.",
                    "source_name": "Trend Micro APT Attack Tools"
                }
            ],
            "revoked": true,
            "type": "attack-pattern",
            "modified": "2020-01-31T12:36:39.086Z",
            "created": "2017-05-31T21:31:17.915Z"
        }
    ]
}