{
    "type": "bundle",
    "id": "bundle--7a5a37b3-f66e-4ec5-9da1-98c1e8aba144",
    "spec_version": "2.0",
    "objects": [
        {
            "external_references": [
                {
                    "source_name": "mitre-attack",
                    "external_id": "T1572",
                    "url": "https://attack.mitre.org/techniques/T1572"
                },
                {
                    "source_name": "SSH Tunneling",
                    "url": "https://www.ssh.com/ssh/tunneling",
                    "description": "SSH.COM. (n.d.). SSH tunnel. Retrieved March 15, 2020."
                },
                {
                    "source_name": "BleepingComp Godlua JUL19",
                    "url": "https://www.bleepingcomputer.com/news/security/new-godlua-malware-evades-traffic-monitoring-via-dns-over-https/",
                    "description": "Gatlan, S. (2019, July 3). New Godlua Malware Evades Traffic Monitoring via DNS over HTTPS. Retrieved March 15, 2020."
                },
                {
                    "url": "https://arxiv.org/ftp/arxiv/papers/1408/1408.1136.pdf",
                    "description": "Gardiner, J.,  Cova, M., Nagaraja, S. (2014, February). Command & Control Understanding, Denying and Detecting. Retrieved April 20, 2016.",
                    "source_name": "University of Birmingham C2"
                }
            ],
            "object_marking_refs": [
                "marking-definition--fa42a846-8d90-4e51-bc29-71d5b4802168"
            ],
            "created_by_ref": "identity--c78cb6e5-0c4b-4611-8297-d1b8b55e40b5",
            "name": "Protocol Tunneling",
            "description": "Adversaries may tunnel network communications to and from a victim system within a separate protocol to avoid detection/network filtering and/or enable access to otherwise unreachable systems. Tunneling involves explicitly encapsulating a protocol within another. This behavior may conceal malicious traffic by blending in with existing traffic and/or provide an outer layer of encryption (similar to a VPN). Tunneling could also enable routing of network packets that would otherwise not reach their intended destination, such as SMB, RDP, or other traffic that would be filtered by network appliances or not routed over the Internet. \n\nThere are various means to encapsulate a protocol within another protocol. For example, adversaries may perform SSH tunneling (also known as SSH port forwarding), which involves forwarding arbitrary data over an encrypted SSH tunnel.(Citation: SSH Tunneling) \n\n[Protocol Tunneling](https://attack.mitre.org/techniques/T1572) may also be abused by adversaries during [Dynamic Resolution](https://attack.mitre.org/techniques/T1568). Known as DNS over HTTPS (DoH), queries to resolve C2 infrastructure may be encapsulated within encrypted HTTPS packets.(Citation: BleepingComp Godlua JUL19) \n\nAdversaries may also leverage [Protocol Tunneling](https://attack.mitre.org/techniques/T1572) in conjunction with [Proxy](https://attack.mitre.org/techniques/T1090) and/or [Protocol Impersonation](https://attack.mitre.org/techniques/T1001/003) to further conceal C2 communications and infrastructure. ",
            "id": "attack-pattern--4fe28b27-b13c-453e-a386-c2ef362a573b",
            "type": "attack-pattern",
            "kill_chain_phases": [
                {
                    "kill_chain_name": "mitre-attack",
                    "phase_name": "command-and-control"
                }
            ],
            "modified": "2020-03-27T17:15:35.372Z",
            "created": "2020-03-15T16:03:39.082Z",
            "x_mitre_version": "1.0",
            "x_mitre_is_subtechnique": false,
            "x_mitre_detection": "Monitoring for systems listening and/or establishing external connections using ports/protocols commonly associated with tunneling, such as SSH (port 22). Also monitor for processes commonly associated with tunneling, such as Plink and the OpenSSH client. \n\nAnalyze network data for uncommon data flows (e.g., a client sending significantly more data than it receives from a server). Processes utilizing the network that do not normally have network communication or have never been seen before are suspicious. Analyze packet contents to detect application layer protocols that do not follow the expected protocol standards regarding syntax, structure, or any other variable adversaries could leverage to conceal data.(Citation: University of Birmingham C2)",
            "x_mitre_data_sources": [
                "Network protocol analysis",
                "Process monitoring",
                "Process use of network",
                "Netflow/Enclave netflow",
                "Packet capture"
            ],
            "x_mitre_platforms": [
                "Linux",
                "macOS",
                "Windows"
            ]
        }
    ]
}