{
    "type": "bundle",
    "id": "bundle--1fddb410-6182-4835-a075-d4d94c102d76",
    "spec_version": "2.0",
    "objects": [
        {
            "external_references": [
                {
                    "source_name": "mitre-attack",
                    "external_id": "T1098.003",
                    "url": "https://attack.mitre.org/techniques/T1098/003"
                },
                {
                    "source_name": "Microsoft Support O365 Add Another Admin, October 2019",
                    "url": "https://support.office.com/en-us/article/add-another-admin-f693489f-9f55-4bd0-a637-a81ce93de22d",
                    "description": "Microsoft. (n.d.). Add Another Admin. Retrieved October 18, 2019."
                },
                {
                    "source_name": "Microsoft O365 Admin Roles",
                    "url": "https://docs.microsoft.com/en-us/office365/admin/add-users/about-admin-roles?view=o365-worldwide",
                    "description": "Ako-Adjei, K., Dickhaus, M., Baumgartner, P., Faigel, D., et. al.. (2019, October 8). About admin roles. Retrieved October 18, 2019."
                }
            ],
            "object_marking_refs": [
                "marking-definition--fa42a846-8d90-4e51-bc29-71d5b4802168"
            ],
            "created_by_ref": "identity--c78cb6e5-0c4b-4611-8297-d1b8b55e40b5",
            "name": "Add Office 365 Global Administrator Role",
            "description": "An adversary may add the Global Administrator role to an adversary-controlled account to maintain persistent access to an Office 365 tenant.(Citation: Microsoft Support O365 Add Another Admin, October 2019)(Citation: Microsoft O365 Admin Roles) With sufficient permissions, a compromised account can gain almost unlimited access to data and settings (including the ability to reset the passwords of other admins) via the global admin role.(Citation: Microsoft O365 Admin Roles) \n\nThis account modification may immediately follow [Create Account](https://attack.mitre.org/techniques/T1136) or other malicious account activity.",
            "id": "attack-pattern--2dbbdcd5-92cf-44c0-aea2-fe24783a6bc3",
            "type": "attack-pattern",
            "kill_chain_phases": [
                {
                    "kill_chain_name": "mitre-attack",
                    "phase_name": "persistence"
                }
            ],
            "modified": "2020-03-24T12:40:02.331Z",
            "created": "2020-01-19T16:59:45.362Z",
            "x_mitre_version": "1.0",
            "x_mitre_is_subtechnique": true,
            "x_mitre_permissions_required": [
                "Administrator"
            ],
            "x_mitre_detection": "Collect usage logs from cloud administrator accounts to identify unusual activity in the assignment of roles to those accounts. Monitor for accounts assigned to admin roles that go over a certain threshold of known admins. ",
            "x_mitre_data_sources": [
                "Office 365 audit logs"
            ],
            "x_mitre_contributors": [
                "Microsoft Threat Intelligence Center (MSTIC)"
            ],
            "x_mitre_platforms": [
                "Office 365"
            ]
        }
    ]
}