{
    "type": "bundle",
    "id": "bundle--92c34e51-0449-4a57-9de0-3d9e6c2b0a7a",
    "spec_version": "2.0",
    "objects": [
        {
            "external_references": [
                {
                    "source_name": "mitre-attack",
                    "external_id": "T1558.004",
                    "url": "https://attack.mitre.org/techniques/T1558/004"
                },
                {
                    "source_name": "Harmj0y Roasting AS-REPs Jan 2017",
                    "url": "http://www.harmj0y.net/blog/activedirectory/roasting-as-reps/",
                    "description": "HarmJ0y. (2017, January 17). Roasting AS-REPs. Retrieved August 24, 2020."
                },
                {
                    "source_name": "Microsoft Kerberos Preauth 2014",
                    "url": "https://social.technet.microsoft.com/wiki/contents/articles/23559.kerberos-pre-authentication-why-it-should-not-be-disabled.aspx",
                    "description": "Sanyal, M.. (2014, March 18). Kerberos Pre-Authentication: Why It Should Not Be Disabled. Retrieved August 25, 2020."
                },
                {
                    "source_name": "Stealthbits Cracking AS-REP Roasting Jun 2019",
                    "url": "https://blog.stealthbits.com/cracking-active-directory-passwords-with-as-rep-roasting/",
                    "description": "Jeff Warren. (2019, June 27). Cracking Active Directory Passwords with AS-REP Roasting. Retrieved August 24, 2020."
                },
                {
                    "description": "Medin, T. (2014, November). Attacking Kerberos - Kicking the Guard Dog of Hades. Retrieved March 22, 2018.",
                    "source_name": "SANS Attacking Kerberos Nov 2014",
                    "url": "https://redsiege.com/kerberoast-slides"
                },
                {
                    "url": "https://adsecurity.org/?p=2293",
                    "description": "Metcalf, S. (2015, December 31). Cracking Kerberos TGS Tickets Using Kerberoast \u2013 Exploiting Kerberos to Compromise the Active Directory Domain. Retrieved March 22, 2018.",
                    "source_name": "AdSecurity Cracking Kerberos Dec 2015"
                },
                {
                    "url": "https://blogs.technet.microsoft.com/motiba/2018/02/23/detecting-kerberoasting-activity-using-azure-security-center/",
                    "description": "Bani, M. (2018, February 23). Detecting Kerberoasting activity using Azure Security Center. Retrieved March 23, 2018.",
                    "source_name": "Microsoft Detecting Kerberoasting Feb 2018"
                },
                {
                    "source_name": "Microsoft 4768 TGT 2017",
                    "url": "https://docs.microsoft.com/en-us/windows/security/threat-protection/auditing/event-4768",
                    "description": "Microsoft. (2017, April 19). 4768(S, F): A Kerberos authentication ticket (TGT) was requested. Retrieved August 24, 2020."
                }
            ],
            "object_marking_refs": [
                "marking-definition--fa42a846-8d90-4e51-bc29-71d5b4802168"
            ],
            "created_by_ref": "identity--c78cb6e5-0c4b-4611-8297-d1b8b55e40b5",
            "name": "AS-REP Roasting",
            "description": "Adversaries may reveal credentials of accounts that have disabled Kerberos preauthentication by [Password Cracking](https://attack.mitre.org/techniques/T1110/002) Kerberos messages.(Citation: Harmj0y Roasting AS-REPs Jan 2017) \n\nPreauthentication offers protection against offline [Password Cracking](https://attack.mitre.org/techniques/T1110/002). When enabled, a user requesting access to a resource initiates communication with the Domain Controller (DC) by sending an Authentication Server Request (AS-REQ) message with a timestamp that is encrypted with the hash of their password. If and only if the DC is able to successfully decrypt the timestamp with the hash of the user\u2019s password, it will then send an Authentication Server Response (AS-REP) message that contains the Ticket Granting Ticket (TGT) to the user. Part of the AS-REP message is signed with the user\u2019s password.(Citation: Microsoft Kerberos Preauth 2014)\n\nFor each account found without preauthentication, an adversary may send an AS-REQ message without the encrypted timestamp and receive an AS-REP message with TGT data which may be encrypted with an insecure algorithm such as RC4. The recovered encrypted data may be vulnerable to offline [Password Cracking](https://attack.mitre.org/techniques/T1110/002) attacks similarly to [Kerberoasting](https://attack.mitre.org/techniques/T1558/003) and expose plaintext credentials. (Citation: Harmj0y Roasting AS-REPs Jan 2017)(Citation: Stealthbits Cracking AS-REP Roasting Jun 2019) \n\nAn account registered to a domain, with or without special privileges, can be abused to list all domain accounts that have preauthentication disabled by utilizing Windows tools like [PowerShell](https://attack.mitre.org/techniques/T1059/001) with an LDAP filter. Alternatively, the adversary may send an AS-REQ message for each user. If the DC responds without errors, the account does not require preauthentication and the AS-REP message will already contain the encrypted data. (Citation: Harmj0y Roasting AS-REPs Jan 2017)(Citation: Stealthbits Cracking AS-REP Roasting Jun 2019)\n\nCracked hashes may enable [Persistence](https://attack.mitre.org/tactics/TA0003), [Privilege Escalation](https://attack.mitre.org/tactics/TA0004), and [Lateral Movement](https://attack.mitre.org/tactics/TA0008) via access to [Valid Accounts](https://attack.mitre.org/techniques/T1078).(Citation: SANS Attacking Kerberos Nov 2014)",
            "id": "attack-pattern--3986e7fd-a8e9-4ecb-bfc6-55920855912b",
            "type": "attack-pattern",
            "kill_chain_phases": [
                {
                    "kill_chain_name": "mitre-attack",
                    "phase_name": "credential-access"
                }
            ],
            "modified": "2020-10-20T19:30:11.783Z",
            "created": "2020-08-24T13:43:00.028Z",
            "x_mitre_version": "1.0",
            "x_mitre_is_subtechnique": true,
            "x_mitre_system_requirements": [
                "Valid domain account"
            ],
            "x_mitre_permissions_required": [
                "User"
            ],
            "x_mitre_detection": "Enable Audit Kerberos Service Ticket Operations to log Kerberos TGS service ticket requests. Particularly investigate irregular patterns of activity (ex: accounts making numerous requests, Event ID 4768 and 4769, within a small time frame, especially if they also request RC4 encryption [Type 0x17], pre-authentication not required [Type: 0x0]).(Citation: AdSecurity Cracking Kerberos Dec 2015)(Citation: Microsoft Detecting Kerberoasting Feb 2018)(Citation: Microsoft 4768 TGT 2017)",
            "x_mitre_data_sources": [
                "Windows event logs",
                "Authentication logs"
            ],
            "x_mitre_contributors": [
                "James Dunn, @jamdunnDFW, EY",
                "Swapnil Kumbhar",
                "Jacques Pluviose, @Jacqueswildy_IT",
                "Dan Nutting, @KerberToast"
            ],
            "x_mitre_platforms": [
                "Windows"
            ]
        }
    ]
}