{
    "type": "bundle",
    "id": "bundle--c23579ef-e873-425d-93dd-c86cc010a412",
    "spec_version": "2.0",
    "objects": [
        {
            "external_references": [
                {
                    "source_name": "mitre-attack",
                    "external_id": "T1499.002",
                    "url": "https://attack.mitre.org/techniques/T1499/002"
                },
                {
                    "external_id": "CAPEC-488",
                    "source_name": "capec",
                    "url": "https://capec.mitre.org/data/definitions/488.html"
                },
                {
                    "external_id": "CAPEC-489",
                    "source_name": "capec",
                    "url": "https://capec.mitre.org/data/definitions/489.html"
                },
                {
                    "external_id": "CAPEC-528",
                    "source_name": "capec",
                    "url": "https://capec.mitre.org/data/definitions/528.html"
                },
                {
                    "source_name": "Arbor AnnualDoSreport Jan 2018",
                    "url": "https://pages.arbornetworks.com/rs/082-KNA-087/images/13th_Worldwide_Infrastructure_Security_Report.pdf",
                    "description": "Philippe Alcoy, Steinthor Bjarnason, Paul Bowen, C.F. Chui, Kirill Kasavchnko, and Gary Sockrider of Netscout Arbor. (2018, January). Insight into the Global Threat Landscape - Netscout Arbor's 13th Annual Worldwide Infrastructure Security Report. Retrieved April 22, 2019."
                },
                {
                    "source_name": "Cloudflare HTTPflood",
                    "url": "https://www.cloudflare.com/learning/ddos/http-flood-ddos-attack/",
                    "description": "Cloudflare. (n.d.). What is an HTTP flood DDoS attack?. Retrieved April 22, 2019."
                },
                {
                    "source_name": "Arbor SSLDoS April 2012",
                    "url": "https://www.netscout.com/blog/asert/ddos-attacks-ssl-something-old-something-new",
                    "description": "ASERT Team, Netscout Arbor. (2012, April 24). DDoS Attacks on SSL: Something Old, Something New. Retrieved April 22, 2019."
                },
                {
                    "source_name": "Cisco DoSdetectNetflow",
                    "url": "https://www.cisco.com/c/en/us/td/docs/ios-xml/ios/netflow/configuration/15-mt/nf-15-mt-book/nf-detct-analy-thrts.pdf",
                    "description": "Cisco. (n.d.). Detecting and Analyzing Network Threats With NetFlow. Retrieved April 25, 2019."
                }
            ],
            "object_marking_refs": [
                "marking-definition--fa42a846-8d90-4e51-bc29-71d5b4802168"
            ],
            "created_by_ref": "identity--c78cb6e5-0c4b-4611-8297-d1b8b55e40b5",
            "name": "Service Exhaustion Flood",
            "description": "Adversaries may target the different network services provided by systems to conduct a DoS. Adversaries often target DNS and web services, however others have been targeted as well.(Citation: Arbor AnnualDoSreport Jan 2018) Web server software can be attacked through a variety of means, some of which apply generally while others are specific to the software being used to provide the service.\n\nOne example of this type of attack is known as a simple HTTP flood, where an adversary sends a large number of HTTP requests to a web server to overwhelm it and/or an application that runs on top of it. This flood relies on raw volume to accomplish the objective, exhausting any of the various resources required by the victim software to provide the service.(Citation: Cloudflare HTTPflood)\n\nAnother variation, known as a SSL renegotiation attack, takes advantage of a protocol feature in SSL/TLS. The SSL/TLS protocol suite includes mechanisms for the client and server to agree on an encryption algorithm to use for subsequent secure connections. If SSL renegotiation is enabled, a request can be made for renegotiation of the crypto algorithm. In a renegotiation attack, the adversary establishes a SSL/TLS connection and then proceeds to make a series of renegotiation requests. Because the cryptographic renegotiation has a meaningful cost in computation cycles, this can cause an impact to the availability of the service when done in volume.(Citation: Arbor SSLDoS April 2012)",
            "id": "attack-pattern--38eb0c22-6caf-46ce-8869-5964bd735858",
            "type": "attack-pattern",
            "kill_chain_phases": [
                {
                    "kill_chain_name": "mitre-attack",
                    "phase_name": "impact"
                }
            ],
            "modified": "2020-09-16T15:56:03.131Z",
            "created": "2020-02-20T15:31:43.613Z",
            "x_mitre_version": "1.1",
            "x_mitre_is_subtechnique": true,
            "x_mitre_impact_type": [
                "Availability"
            ],
            "x_mitre_detection": "Detection of Endpoint DoS can sometimes be achieved before the effect is sufficient to cause significant impact to the availability of the service, but such response time typically requires very aggressive monitoring and responsiveness. Typical network throughput monitoring tools such as netflow, SNMP, and custom scripts can be used to detect sudden increases in circuit utilization.(Citation: Cisco DoSdetectNetflow) Real-time, automated, and qualitative study of the network traffic can identify a sudden surge in one type of protocol can be used to detect an attack as it starts.\n\nIn addition to network level detections, endpoint logging and instrumentation can be useful for detection. Attacks targeting web applications may generate logs in the web server, application server, and/or database server that can be used to identify the type of attack, possibly before the impact is felt.\n\nExternally monitor the availability of services that may be targeted by an Endpoint DoS.",
            "x_mitre_data_sources": [
                "Netflow/Enclave netflow",
                "Network device logs",
                "Network intrusion detection system",
                "Web application firewall logs",
                "Web logs",
                "SSL/TLS inspection"
            ],
            "x_mitre_platforms": [
                "Linux",
                "macOS",
                "Windows",
                "AWS",
                "GCP",
                "Azure",
                "Office 365",
                "Azure AD",
                "SaaS"
            ]
        }
    ]
}