{
    "type": "bundle",
    "id": "bundle--8dc71b06-4a19-4c6b-b394-78bd67b53c46",
    "spec_version": "2.0",
    "objects": [
        {
            "id": "attack-pattern--15dbf668-795c-41e6-8219-f0447c0e64ce",
            "created_by_ref": "identity--c78cb6e5-0c4b-4611-8297-d1b8b55e40b5",
            "name": "Permission Groups Discovery",
            "description": "Adversaries may attempt to find group and permission settings. This information can help adversaries determine which user accounts and groups are available, the membership of users in particular groups, and which users and groups have elevated permissions.",
            "external_references": [
                {
                    "source_name": "mitre-attack",
                    "external_id": "T1069",
                    "url": "https://attack.mitre.org/techniques/T1069"
                },
                {
                    "external_id": "CAPEC-576",
                    "source_name": "capec",
                    "url": "https://capec.mitre.org/data/definitions/576.html"
                }
            ],
            "object_marking_refs": [
                "marking-definition--fa42a846-8d90-4e51-bc29-71d5b4802168"
            ],
            "type": "attack-pattern",
            "kill_chain_phases": [
                {
                    "kill_chain_name": "mitre-attack",
                    "phase_name": "discovery"
                }
            ],
            "modified": "2020-10-08T17:36:01.675Z",
            "created": "2017-05-31T21:30:55.471Z",
            "x_mitre_is_subtechnique": false,
            "x_mitre_contributors": [
                "Microsoft Threat Intelligence Center (MSTIC)"
            ],
            "x_mitre_platforms": [
                "Linux",
                "macOS",
                "Windows",
                "Office 365",
                "Azure AD",
                "AWS",
                "GCP",
                "Azure",
                "SaaS"
            ],
            "x_mitre_permissions_required": [
                "User"
            ],
            "x_mitre_detection": "System and network discovery techniques normally occur throughout an operation as an adversary learns the environment. Data and events should not be viewed in isolation, but as part of a chain of behavior that could lead to other activities, such as Lateral Movement, based on the information obtained.\n\nMonitor processes and command-line arguments for actions that could be taken to gather system and network information. Remote access tools with built-in features may interact directly with the Windows API to gather information. Information may also be acquired through Windows system management tools such as [Windows Management Instrumentation](https://attack.mitre.org/techniques/T1047) and [PowerShell](https://attack.mitre.org/techniques/T1059/001).",
            "x_mitre_data_sources": [
                "Stackdriver logs",
                "GCP audit logs",
                "AWS CloudTrail logs",
                "Azure activity logs",
                "Office 365 account logs",
                "API monitoring",
                "Process monitoring",
                "Process command-line parameters"
            ],
            "x_mitre_version": "2.2"
        }
    ]
}