{
    "type": "bundle",
    "id": "bundle--b50fb6b7-d85a-4f61-8c66-70eef6960c9d",
    "spec_version": "2.0",
    "objects": [
        {
            "external_references": [
                {
                    "source_name": "mitre-attack",
                    "external_id": "T1539",
                    "url": "https://attack.mitre.org/techniques/T1539"
                },
                {
                    "description": "Rehberger, J. (2018, December). Pivot to the Cloud using Pass the Cookie. Retrieved April 5, 2019.",
                    "url": "https://wunderwuzzi23.github.io/blog/passthecookie.html",
                    "source_name": "Pass The Cookie"
                },
                {
                    "source_name": "Kaspersky TajMahal April 2019",
                    "url": "https://securelist.com/project-tajmahal/90240/",
                    "description": "GReAT. (2019, April 10). Project TajMahal \u2013 a sophisticated new APT framework. Retrieved October 14, 2019."
                },
                {
                    "source_name": "Unit 42 Mac Crypto Cookies January 2019",
                    "url": "https://unit42.paloaltonetworks.com/mac-malware-steals-cryptocurrency-exchanges-cookies/",
                    "description": "Chen, Y., Hu, W., Xu, Z., et. al.. (2019, January 31). Mac Malware Steals Cryptocurrency Exchanges\u2019 Cookies. Retrieved October 14, 2019."
                },
                {
                    "description": "Gretzky, Kuba. (2019, April 10). Retrieved October 8, 2019.",
                    "url": "https://github.com/kgretzky/evilginx2",
                    "source_name": "Github evilginx2"
                },
                {
                    "source_name": "GitHub Mauraena",
                    "url": "https://github.com/muraenateam/muraena",
                    "description": "Orr\u00f9, M., Trotta, G.. (2019, September 11). Muraena. Retrieved October 14, 2019."
                }
            ],
            "object_marking_refs": [
                "marking-definition--fa42a846-8d90-4e51-bc29-71d5b4802168"
            ],
            "created_by_ref": "identity--c78cb6e5-0c4b-4611-8297-d1b8b55e40b5",
            "name": "Steal Web Session Cookie",
            "description": "An adversary may steal web application or service session cookies and use them to gain access web applications or Internet services as an authenticated user without needing credentials. Web applications and services often use session cookies as an authentication token after a user has authenticated to a website.\n\nCookies are often valid for an extended period of time, even if the web application is not actively used. Cookies can be found on disk, in the process memory of the browser, and in network traffic to remote systems. Additionally, other applications on the targets machine might store sensitive authentication cookies in memory (e.g. apps which authenticate to cloud services). Session cookies can be used to bypasses some multi-factor authentication protocols.(Citation: Pass The Cookie)\n\nThere are several examples of malware targeting cookies from web browsers on the local system.(Citation: Kaspersky TajMahal April 2019)(Citation: Unit 42 Mac Crypto Cookies January 2019) There are also open source frameworks such as Evilginx 2 and Muraena that can gather session cookies through a man-in-the-middle proxy that can be set up by an adversary and used in phishing campaigns.(Citation: Github evilginx2)(Citation: GitHub Mauraena)\n\nAfter an adversary acquires a valid cookie, they can then perform a [Web Session Cookie](https://attack.mitre.org/techniques/T1506) technique to login to the corresponding web application.",
            "id": "attack-pattern--10ffac09-e42d-4f56-ab20-db94c67d76ff",
            "type": "attack-pattern",
            "kill_chain_phases": [
                {
                    "kill_chain_name": "mitre-attack",
                    "phase_name": "credential-access"
                }
            ],
            "modified": "2020-04-21T15:26:25.584Z",
            "created": "2019-10-08T20:04:35.508Z",
            "x_mitre_is_subtechnique": false,
            "x_mitre_detection": "Monitor for attempts to access files and repositories on a local system that are used to store browser session cookies. Monitor for attempts by programs to inject into or dump browser process memory.",
            "x_mitre_data_sources": [
                "File monitoring",
                "API monitoring"
            ],
            "x_mitre_version": "1.0",
            "x_mitre_permissions_required": [
                "User"
            ],
            "x_mitre_contributors": [
                "Microsoft Threat Intelligence Center (MSTIC)",
                "Johann Rehberger"
            ],
            "x_mitre_platforms": [
                "Linux",
                "macOS",
                "Windows",
                "Office 365",
                "SaaS"
            ]
        }
    ]
}