{
    "type": "bundle",
    "id": "bundle--b1e60855-90e9-4e81-8d66-b1226f3f115b",
    "spec_version": "2.0",
    "objects": [
        {
            "id": "attack-pattern--1b84d551-6de8-4b96-9930-d177677c3b1d",
            "name": "Code Signing",
            "external_references": [
                {
                    "source_name": "mitre-attack",
                    "external_id": "T1116",
                    "url": "https://attack.mitre.org/techniques/T1116"
                },
                {
                    "url": "https://en.wikipedia.org/wiki/Code_signing",
                    "description": "Wikipedia. (2015, November 10). Code Signing. Retrieved March 31, 2016.",
                    "source_name": "Wikipedia Code Signing"
                },
                {
                    "url": "http://www.thesafemac.com/new-signed-malware-called-janicab/",
                    "description": "Thomas. (2013, July 15). New signed malware called Janicab. Retrieved July 17, 2017.",
                    "source_name": "Janicab"
                },
                {
                    "url": "https://securelist.com/why-you-shouldnt-completely-trust-files-signed-with-digital-certificates/68593/",
                    "description": "Ladikov, A. (2015, January 29). Why You Shouldn\u2019t Completely Trust Files Signed with Digital Certificates. Retrieved March 31, 2016.",
                    "source_name": "Securelist Digital Certificates"
                },
                {
                    "url": "http://www.symantec.com/connect/blogs/how-attackers-steal-private-keys-digital-certificates",
                    "description": "Shinotsuka, H. (2013, February 22). How Attackers Steal Private Keys from Digital Certificates. Retrieved March 31, 2016.",
                    "source_name": "Symantec Digital Certificates"
                }
            ],
            "revoked": true,
            "type": "attack-pattern",
            "modified": "2020-02-05T18:59:28.671Z",
            "created": "2017-05-31T21:31:26.474Z"
        }
    ]
}