{
    "type": "bundle",
    "id": "bundle--2a556926-5199-41e5-9d24-160ec845aadf",
    "spec_version": "2.0",
    "objects": [
        {
            "external_references": [
                {
                    "source_name": "mitre-attack",
                    "external_id": "T1571",
                    "url": "https://attack.mitre.org/techniques/T1571"
                },
                {
                    "source_name": "Symantec Elfin Mar 2019",
                    "url": "https://www.symantec.com/blogs/threat-intelligence/elfin-apt33-espionage",
                    "description": "Security Response attack Investigation Team. (2019, March 27). Elfin: Relentless Espionage Group Targets Multiple Organizations in Saudi Arabia and U.S.. Retrieved April 10, 2019."
                },
                {
                    "source_name": "Fortinet Agent Tesla April 2018",
                    "url": "https://www.fortinet.com/blog/threat-research/analysis-of-new-agent-tesla-spyware-variant.html",
                    "description": "Zhang, X. (2018, April 05). Analysis of New Agent Tesla Spyware Variant. Retrieved November 5, 2018."
                },
                {
                    "url": "https://arxiv.org/ftp/arxiv/papers/1408/1408.1136.pdf",
                    "description": "Gardiner, J.,  Cova, M., Nagaraja, S. (2014, February). Command & Control Understanding, Denying and Detecting. Retrieved April 20, 2016.",
                    "source_name": "University of Birmingham C2"
                }
            ],
            "object_marking_refs": [
                "marking-definition--fa42a846-8d90-4e51-bc29-71d5b4802168"
            ],
            "created_by_ref": "identity--c78cb6e5-0c4b-4611-8297-d1b8b55e40b5",
            "name": "Non-Standard Port",
            "description": "Adversaries may communicate using a protocol and port paring that are typically not associated. For example, HTTPS over port 8088(Citation: Symantec Elfin Mar 2019) or port 587(Citation: Fortinet Agent Tesla April 2018) as opposed to the traditional port 443. Adversaries may make changes to the standard port used by a protocol to bypass filtering or muddle analysis/parsing of network data.",
            "id": "attack-pattern--b18eae87-b469-4e14-b454-b171b416bc18",
            "type": "attack-pattern",
            "kill_chain_phases": [
                {
                    "kill_chain_name": "mitre-attack",
                    "phase_name": "command-and-control"
                }
            ],
            "modified": "2020-03-26T22:02:25.221Z",
            "created": "2020-03-14T18:18:32.443Z",
            "x_mitre_version": "1.0",
            "x_mitre_is_subtechnique": false,
            "x_mitre_detection": "Analyze packet contents to detect communications that do not follow the expected protocol behavior for the port that is being used. Analyze network data for uncommon data flows (e.g., a client sending significantly more data than it receives from a server). Processes utilizing the network that do not normally have network communication or have never been seen before are suspicious.(Citation: University of Birmingham C2)",
            "x_mitre_data_sources": [
                "Process monitoring",
                "Process use of network",
                "Netflow/Enclave netflow",
                "Packet capture"
            ],
            "x_mitre_platforms": [
                "Linux",
                "macOS",
                "Windows"
            ]
        }
    ]
}