{
    "type": "bundle",
    "id": "bundle--14162667-e6ac-47c1-a33e-3b744c652c12",
    "spec_version": "2.0",
    "objects": [
        {
            "id": "attack-pattern--7d6f590f-544b-45b4-9a42-e0805f342af3",
            "name": "CMSTP",
            "external_references": [
                {
                    "source_name": "mitre-attack",
                    "external_id": "T1191",
                    "url": "https://attack.mitre.org/techniques/T1191"
                },
                {
                    "url": "https://docs.microsoft.com/previous-versions/windows/it-pro/windows-server-2003/cc786431(v=ws.10)",
                    "description": "Microsoft. (2009, October 8). How Connection Manager Works. Retrieved April 11, 2018.",
                    "source_name": "Microsoft Connection Manager Oct 2009"
                },
                {
                    "source_name": "Twitter CMSTP Usage Jan 2018",
                    "description": "Carr, N. (2018, January 31). Here is some early bad cmstp.exe... Retrieved April 11, 2018.",
                    "url": "https://twitter.com/ItsReallyNick/status/958789644165894146"
                },
                {
                    "url": "https://msitpros.com/?p=3960",
                    "description": "Moe, O. (2017, August 15). Research on CMSTP.exe. Retrieved April 11, 2018.",
                    "source_name": "MSitPros CMSTP Aug 2017"
                },
                {
                    "url": "https://twitter.com/NickTyrer/status/958450014111633408",
                    "description": "Tyrer, N. (2018, January 30). CMSTP.exe - remote .sct execution applocker bypass. Retrieved April 11, 2018.",
                    "source_name": "Twitter CMSTP Jan 2018"
                },
                {
                    "url": "https://github.com/api0cradle/UltimateAppLockerByPassList",
                    "description": "Moe, O. (2018, March 1). Ultimate AppLocker Bypass List. Retrieved April 10, 2018.",
                    "source_name": "GitHub Ultimate AppLocker Bypass List"
                },
                {
                    "source_name": "Endurant CMSTP July 2018",
                    "description": "Seetharaman, N. (2018, July 7). Detecting CMSTP-Enabled Code Execution and UAC Bypass With Sysmon.. Retrieved August 6, 2018.",
                    "url": "http://www.endurant.io/cmstp/detecting-cmstp-enabled-code-execution-and-uac-bypass-with-sysmon/"
                }
            ],
            "revoked": true,
            "type": "attack-pattern",
            "modified": "2020-01-31T18:58:17.078Z",
            "created": "2018-04-18T17:59:24.739Z"
        }
    ]
}