{
    "type": "bundle",
    "id": "bundle--a4ae24cf-db6a-44bc-8c62-7be7a84ec985",
    "spec_version": "2.0",
    "objects": [
        {
            "id": "attack-pattern--0bf78622-e8d2-41da-a857-731472d61a92",
            "name": "Stored Data Manipulation",
            "external_references": [
                {
                    "source_name": "mitre-attack",
                    "external_id": "T1492",
                    "url": "https://attack.mitre.org/techniques/T1492"
                },
                {
                    "description": "FireEye. (2018, October 03). APT38: Un-usual Suspects. Retrieved November 6, 2018.",
                    "url": "https://content.fireeye.com/apt/rpt-apt38",
                    "source_name": "FireEye APT38 Oct 2018"
                },
                {
                    "source_name": "DOJ Lazarus Sony 2018",
                    "url": "https://www.justice.gov/opa/press-release/file/1092091/download",
                    "description": "Department of Justice. (2018, September 6). Criminal Complaint - United States of America v. PARK JIN HYOK. Retrieved March 29, 2019."
                }
            ],
            "revoked": true,
            "type": "attack-pattern",
            "modified": "2020-03-02T14:24:26.780Z",
            "created": "2019-04-09T11:51:30.942Z"
        }
    ]
}