{
    "type": "bundle",
    "id": "bundle--a8f5ac23-b551-4fe8-ac1a-e7d9d896db18",
    "spec_version": "2.0",
    "objects": [
        {
            "external_references": [
                {
                    "source_name": "mitre-attack",
                    "external_id": "T1136.001",
                    "url": "https://attack.mitre.org/techniques/T1136/001"
                },
                {
                    "source_name": "Microsoft User Creation Event",
                    "description": "Lich, B., Miroshnikov, A. (2017, April 5). 4720(S): A user account was created. Retrieved June 30, 2017.",
                    "url": "https://docs.microsoft.com/en-us/windows/security/threat-protection/auditing/event-4720"
                }
            ],
            "object_marking_refs": [
                "marking-definition--fa42a846-8d90-4e51-bc29-71d5b4802168"
            ],
            "created_by_ref": "identity--c78cb6e5-0c4b-4611-8297-d1b8b55e40b5",
            "name": "Local Account",
            "description": "Adversaries may create a local account to maintain access to victim systems. Local accounts are those configured by an organization for use by users, remote support, services, or for administration on a single system or service. With a sufficient level of access, the <code>net user /add</code> command can be used to create a local account.\n\nSuch accounts may be used to establish secondary credentialed access that do not require persistent remote access tools to be deployed on the system.",
            "id": "attack-pattern--635cbe30-392d-4e27-978e-66774357c762",
            "type": "attack-pattern",
            "kill_chain_phases": [
                {
                    "kill_chain_name": "mitre-attack",
                    "phase_name": "persistence"
                }
            ],
            "modified": "2020-03-23T18:04:20.780Z",
            "created": "2020-01-28T13:50:22.506Z",
            "x_mitre_version": "1.0",
            "x_mitre_is_subtechnique": true,
            "x_mitre_permissions_required": [
                "Administrator"
            ],
            "x_mitre_detection": "Monitor for processes and command-line parameters associated with local account creation, such as <code>net user /add</code> or <code>useradd</code>. Collect data on account creation within a network. Event ID 4720 is generated when a user account is created on a Windows system. (Citation: Microsoft User Creation Event) Perform regular audits of local system accounts to detect suspicious accounts that may have been created by an adversary.",
            "x_mitre_data_sources": [
                "Process monitoring",
                "Process command-line parameters",
                "Authentication logs",
                "Windows event logs"
            ],
            "x_mitre_platforms": [
                "Linux",
                "macOS",
                "Windows"
            ]
        }
    ]
}