{
    "type": "bundle",
    "id": "bundle--0a2a81c7-d983-40b4-8f1e-50abc30c733d",
    "spec_version": "2.0",
    "objects": [
        {
            "external_references": [
                {
                    "source_name": "mitre-attack",
                    "external_id": "T1522",
                    "url": "https://attack.mitre.org/techniques/T1522"
                },
                {
                    "source_name": "AWS Instance Metadata API",
                    "url": "https://docs.aws.amazon.com/AWSEC2/latest/UserGuide/ec2-instance-metadata.html",
                    "description": "AWS. (n.d.). Instance Metadata and User Data. Retrieved July 18, 2019."
                },
                {
                    "description": "Higashi, Michael. (2018, May 15). Instance Metadata API: A Modern Day Trojan Horse. Retrieved July 16, 2019.",
                    "url": "https://redlock.io/blog/instance-metadata-api-a-modern-day-trojan-horse",
                    "source_name": "RedLock Instance Metadata API 2018"
                }
            ],
            "name": "Cloud Instance Metadata API",
            "id": "attack-pattern--1c2fd73a-e634-44ed-b1b5-9e7cf7404e9f",
            "revoked": true,
            "type": "attack-pattern",
            "modified": "2020-02-11T18:48:48.609Z",
            "created": "2019-09-04T14:41:32.317Z"
        }
    ]
}