{
    "type": "bundle",
    "id": "bundle--c864c6fd-cfa0-445e-b727-ebe7c9dac407",
    "spec_version": "2.0",
    "objects": [
        {
            "id": "attack-pattern--02fefddc-fb1b-423f-a76b-7552dd211d4d",
            "name": "Bootkit",
            "external_references": [
                {
                    "source_name": "mitre-attack",
                    "external_id": "T1067",
                    "url": "https://attack.mitre.org/techniques/T1067"
                },
                {
                    "url": "https://www.fireeye.com/content/dam/fireeye-www/regional/fr_FR/offers/pdfs/ig-mtrends-2016.pdf",
                    "description": "Mandiant. (2016, February). M-Trends 2016. Retrieved January 4, 2017.",
                    "source_name": "MTrends 2016"
                },
                {
                    "url": "http://www.symantec.com/connect/blogs/are-mbr-infections-back-fashion",
                    "description": "Lau, H. (2011, August 8). Are MBR Infections Back in Fashion? (Infographic). Retrieved November 13, 2014.",
                    "source_name": "Lau 2011"
                }
            ],
            "revoked": true,
            "type": "attack-pattern",
            "modified": "2020-03-20T19:53:25.628Z",
            "created": "2017-05-31T21:30:54.661Z"
        }
    ]
}