{
    "type": "bundle",
    "id": "bundle--8aec7d10-ec33-486c-9164-126ad47b7d7a",
    "spec_version": "2.0",
    "objects": [
        {
            "id": "attack-pattern--20138b9d-1aac-4a26-8654-a36b6bbf2bba",
            "name": "Spearphishing Link",
            "external_references": [
                {
                    "source_name": "mitre-attack",
                    "external_id": "T1192",
                    "url": "https://attack.mitre.org/techniques/T1192"
                },
                {
                    "external_id": "CAPEC-163",
                    "source_name": "capec",
                    "url": "https://capec.mitre.org/data/definitions/163.html"
                },
                {
                    "source_name": "Trend Micro Pawn Storm OAuth 2017",
                    "url": "https://blog.trendmicro.com/trendlabs-security-intelligence/pawn-storm-abuses-open-authentication-advanced-social-engineering-attacks",
                    "description": "Hacquebord, F.. (2017, April 25). Pawn Storm Abuses Open Authentication in Advanced Social Engineering Attacks. Retrieved October 4, 2019."
                }
            ],
            "revoked": true,
            "type": "attack-pattern",
            "modified": "2020-03-02T19:21:35.153Z",
            "created": "2018-04-18T17:59:24.739Z"
        }
    ]
}