{
    "type": "bundle",
    "id": "bundle--1c057092-2501-45b3-951e-9a5386db20c3",
    "spec_version": "2.0",
    "objects": [
        {
            "id": "attack-pattern--9c306d8d-cde7-4b4c-b6e8-d0bb16caca36",
            "created_by_ref": "identity--c78cb6e5-0c4b-4611-8297-d1b8b55e40b5",
            "name": "Exploitation for Credential Access",
            "description": "Adversaries may exploit software vulnerabilities in an attempt to collect credentials. Exploitation of a software vulnerability occurs when an adversary takes advantage of a programming error in a program, service, or within the operating system software or kernel itself to execute adversary-controlled code.\u00a0Credentialing and authentication mechanisms may be targeted for exploitation by adversaries as a means to gain access to useful credentials or circumvent the process to gain access to systems. One example of this is MS14-068, which targets Kerberos and can be used to forge Kerberos tickets using domain user permissions.(Citation: Technet MS14-068)(Citation: ADSecurity Detecting Forged Tickets) Exploitation for credential access may also result in Privilege Escalation depending on the process targeted or credentials obtained.",
            "external_references": [
                {
                    "source_name": "mitre-attack",
                    "external_id": "T1212",
                    "url": "https://attack.mitre.org/techniques/T1212"
                },
                {
                    "url": "https://technet.microsoft.com/en-us/library/security/ms14-068.aspx",
                    "description": "Microsoft. (2014, November 18). Vulnerability in Kerberos Could Allow Elevation of Privilege (3011780). Retrieved December 23, 2015.",
                    "source_name": "Technet MS14-068"
                },
                {
                    "url": "https://adsecurity.org/?p=1515",
                    "description": "Metcalf, S. (2015, May 03). Detecting Forged Kerberos Ticket (Golden Ticket & Silver Ticket) Use in Active Directory. Retrieved December 23, 2015.",
                    "source_name": "ADSecurity Detecting Forged Tickets"
                }
            ],
            "object_marking_refs": [
                "marking-definition--fa42a846-8d90-4e51-bc29-71d5b4802168"
            ],
            "type": "attack-pattern",
            "kill_chain_phases": [
                {
                    "kill_chain_name": "mitre-attack",
                    "phase_name": "credential-access"
                }
            ],
            "modified": "2020-03-25T18:51:01.070Z",
            "created": "2018-04-18T17:59:24.739Z",
            "x_mitre_is_subtechnique": false,
            "x_mitre_platforms": [
                "Linux",
                "Windows",
                "macOS"
            ],
            "x_mitre_permissions_required": [
                "User"
            ],
            "x_mitre_detection": "Detecting software exploitation may be difficult depending on the tools available. Software exploits may not always succeed or may cause the exploited process to become unstable or crash. Also look for behavior on the system that might indicate successful compromise, such as abnormal behavior of processes. Credential resources obtained through exploitation may be detectable in use if they are not normally used or seen.",
            "x_mitre_data_sources": [
                "Authentication logs",
                "Windows Error Reporting",
                "Process monitoring"
            ],
            "x_mitre_contributors": [
                "John Lambert, Microsoft Threat Intelligence Center"
            ],
            "x_mitre_version": "1.1"
        }
    ]
}