{
    "type": "bundle",
    "id": "bundle--724cb082-41dd-4999-a014-b01c52225f2e",
    "spec_version": "2.0",
    "objects": [
        {
            "id": "attack-pattern--53ac20cd-aca3-406e-9aa0-9fc7fdc60a5a",
            "description": "An adversary may compress and/or encrypt data that is collected prior to exfiltration. Compressing the data can help to obfuscate the collected data and minimize the amount of data sent over the network. Encryption can be used to hide information that is being exfiltrated from detection or make exfiltration less conspicuous upon inspection by a defender.\n\nBoth compression and encryption are done prior to exfiltration, and can be performed using a utility, 3rd party library, or custom method.",
            "name": "Archive Collected Data",
            "created_by_ref": "identity--c78cb6e5-0c4b-4611-8297-d1b8b55e40b5",
            "object_marking_refs": [
                "marking-definition--fa42a846-8d90-4e51-bc29-71d5b4802168"
            ],
            "external_references": [
                {
                    "source_name": "mitre-attack",
                    "external_id": "T1560",
                    "url": "https://attack.mitre.org/techniques/T1560"
                },
                {
                    "url": "https://en.wikipedia.org/wiki/List_of_file_signatures",
                    "description": "Wikipedia. (2016, March 31). List of file signatures. Retrieved April 22, 2016.",
                    "source_name": "Wikipedia File Header Signatures"
                }
            ],
            "type": "attack-pattern",
            "kill_chain_phases": [
                {
                    "kill_chain_name": "mitre-attack",
                    "phase_name": "collection"
                }
            ],
            "modified": "2020-10-21T16:36:55.831Z",
            "created": "2020-02-20T20:53:45.725Z",
            "x_mitre_platforms": [
                "Linux",
                "macOS",
                "Windows"
            ],
            "x_mitre_data_sources": [
                "Process monitoring",
                "Process command-line parameters",
                "File monitoring",
                "Binary file metadata"
            ],
            "x_mitre_detection": "Archival software and archived files can be detected in many ways. Common utilities that may be present on the system or brought in by an adversary may be detectable through process monitoring and monitoring for command-line arguments for known archival utilities. This may yield a significant number of benign events, depending on how systems in the environment are typically used.\n\nA process that loads the Windows DLL crypt32.dll may be used to perform encryption, decryption, or verification of file signatures.\n\nConsider detecting writing of files with extensions and/or headers associated with compressed or encrypted file types. Detection efforts may focus on follow-on exfiltration activity, where compressed or encrypted files can be detected in transit with a network intrusion detection or data loss prevention system analyzing file headers.(Citation: Wikipedia File Header Signatures)",
            "x_mitre_is_subtechnique": false,
            "x_mitre_version": "1.0"
        }
    ]
}