{
    "type": "bundle",
    "id": "bundle--72018f09-c6cb-4bbc-ae12-b8a03d7b86e9",
    "spec_version": "2.0",
    "objects": [
        {
            "external_references": [
                {
                    "source_name": "mitre-attack",
                    "external_id": "T1099",
                    "url": "https://attack.mitre.org/techniques/T1099"
                },
                {
                    "url": "http://windowsir.blogspot.com/2013/07/howto-determinedetect-use-of-anti.html",
                    "description": "Carvey, H. (2013, July 23). HowTo: Determine/Detect the use of Anti-Forensics Techniques. Retrieved June 3, 2016.",
                    "source_name": "WindowsIR Anti-Forensic Techniques"
                }
            ],
            "name": "Timestomp",
            "id": "attack-pattern--128c55d3-aeba-469f-bd3e-c8996ab4112a",
            "revoked": true,
            "type": "attack-pattern",
            "modified": "2020-02-18T16:56:57.039Z",
            "created": "2017-05-31T21:31:12.675Z"
        }
    ]
}