{
    "type": "bundle",
    "id": "bundle--c01fa165-b051-456c-9bf7-64bf08717be5",
    "spec_version": "2.0",
    "objects": [
        {
            "created": "2017-05-31T21:30:31.197Z",
            "modified": "2020-03-30T20:17:22.024Z",
            "type": "attack-pattern",
            "revoked": true,
            "id": "attack-pattern--3b3cbbe0-6ed3-4334-b543-3ddfd8c5642d",
            "name": "Custom Cryptographic Protocol",
            "external_references": [
                {
                    "source_name": "mitre-attack",
                    "external_id": "T1024",
                    "url": "https://attack.mitre.org/techniques/T1024"
                },
                {
                    "url": "https://www.f-secure.com/documents/996508/1030745/cosmicduke_whitepaper.pdf",
                    "description": "F-Secure Labs. (2014, July). COSMICDUKE Cosmu with a twist of MiniDuke. Retrieved July 3, 2014.",
                    "source_name": "F-Secure Cosmicduke"
                },
                {
                    "url": "https://www.fidelissecurity.com/sites/default/files/FTA_1018_looking_at_the_sky_for_a_dark_comet.pdf",
                    "description": "Fidelis Cybersecurity. (2015, August 4). Looking at the Sky for a DarkComet. Retrieved April 5, 2016.",
                    "source_name": "Fidelis DarkComet"
                },
                {
                    "url": "https://arxiv.org/ftp/arxiv/papers/1408/1408.1136.pdf",
                    "description": "Gardiner, J.,  Cova, M., Nagaraja, S. (2014, February). Command & Control Understanding, Denying and Detecting. Retrieved April 20, 2016.",
                    "source_name": "University of Birmingham C2"
                }
            ]
        }
    ]
}