{
    "type": "bundle",
    "id": "bundle--e938796d-6533-43c7-b4d5-b995e7e33c4f",
    "spec_version": "2.0",
    "objects": [
        {
            "id": "attack-pattern--66f73398-8394-4711-85e5-34c8540b22a5",
            "name": "Hooking",
            "external_references": [
                {
                    "url": "https://attack.mitre.org/techniques/T1179",
                    "external_id": "T1179",
                    "source_name": "mitre-attack"
                },
                {
                    "source_name": "Microsoft Hook Overview",
                    "description": "Microsoft. (n.d.). Hooks Overview. Retrieved December 12, 2017.",
                    "url": "https://msdn.microsoft.com/library/windows/desktop/ms644959.aspx"
                },
                {
                    "source_name": "Endgame Process Injection July 2017",
                    "description": "Hosseini, A. (2017, July 18). Ten Process Injection Techniques: A Technical Survey Of Common And Trending Process Injection Techniques. Retrieved December 7, 2017.",
                    "url": "https://www.endgame.com/blog/technical-blog/ten-process-injection-techniques-technical-survey-common-and-trending-process"
                },
                {
                    "source_name": "Adlice Software IAT Hooks Oct 2014",
                    "description": "Tigzy. (2014, October 15). Userland Rootkits: Part 1, IAT hooks. Retrieved December 12, 2017.",
                    "url": "https://www.adlice.com/userland-rootkits-part-1-iat-hooks/"
                },
                {
                    "source_name": "MWRInfoSecurity Dynamic Hooking 2015",
                    "description": "Hillman, M. (2015, August 8). Dynamic Hooking Techniques: User Mode. Retrieved December 20, 2017.",
                    "url": "https://www.mwrinfosecurity.com/our-thinking/dynamic-hooking-techniques-user-mode/"
                },
                {
                    "source_name": "HighTech Bridge Inline Hooking Sept 2011",
                    "description": "Mariani, B. (2011, September 6). Inline Hooking in Windows. Retrieved December 12, 2017.",
                    "url": "https://www.exploit-db.com/docs/17802.pdf"
                },
                {
                    "source_name": "Microsoft TrojanSpy:Win32/Ursnif.gen!I Sept 2017",
                    "description": "Microsoft. (2017, September 15). TrojanSpy:Win32/Ursnif.gen!I. Retrieved December 18, 2017.",
                    "url": "https://www.microsoft.com/en-us/wdsi/threats/malware-encyclopedia-description?Name=TrojanSpy:Win32/Ursnif.gen!I&threatId=-2147336918"
                },
                {
                    "source_name": "Symantec Windows Rootkits",
                    "description": "Symantec. (n.d.). Windows Rootkit Overview. Retrieved December 21, 2017.",
                    "url": "https://www.symantec.com/avcenter/reference/windows.rootkit.overview.pdf"
                },
                {
                    "source_name": "Volatility Detecting Hooks Sept 2012",
                    "description": "Volatility Labs. (2012, September 24). MoVP 3.1 Detecting Malware Hooks in the Windows GUI Subsystem. Retrieved December 12, 2017.",
                    "url": "https://volatility-labs.blogspot.com/2012/09/movp-31-detecting-malware-hooks-in.html"
                },
                {
                    "source_name": "PreKageo Winhook Jul 2011",
                    "description": "Prekas, G. (2011, July 11). Winhook. Retrieved December 12, 2017.",
                    "url": "https://github.com/prekageo/winhook"
                },
                {
                    "source_name": "Jay GetHooks Sept 2011",
                    "description": "Satiro, J. (2011, September 14). GetHooks. Retrieved December 12, 2017.",
                    "url": "https://github.com/jay/gethooks"
                },
                {
                    "source_name": "Zairon Hooking Dec 2006",
                    "description": "Felici, M. (2006, December 6). Any application-defined hook procedure on my machine?. Retrieved December 12, 2017.",
                    "url": "https://zairon.wordpress.com/2006/12/06/any-application-defined-hook-procedure-on-my-machine/"
                },
                {
                    "source_name": "EyeofRa Detecting Hooking June 2017",
                    "description": "Eye of Ra. (2017, June 27). Windows Keylogger Part 2: Defense against user-land. Retrieved December 12, 2017.",
                    "url": "https://eyeofrablog.wordpress.com/2017/06/27/windows-keylogger-part-2-defense-against-user-land/"
                },
                {
                    "source_name": "GMER Rootkits",
                    "description": "GMER. (n.d.). GMER. Retrieved December 12, 2017.",
                    "url": "http://www.gmer.net/"
                },
                {
                    "source_name": "Microsoft Process Snapshot",
                    "description": "Microsoft. (n.d.). Taking a Snapshot and Viewing Processes. Retrieved December 12, 2017.",
                    "url": "https://msdn.microsoft.com/library/windows/desktop/ms686701.aspx"
                },
                {
                    "source_name": "StackExchange Hooks Jul 2012",
                    "description": "Stack Exchange - Security. (2012, July 31). What are the methods to find hooked functions and APIs?. Retrieved December 12, 2017.",
                    "url": "https://security.stackexchange.com/questions/17904/what-are-the-methods-to-find-hooked-functions-and-apis"
                }
            ],
            "revoked": true,
            "type": "attack-pattern",
            "modified": "2020-02-12T16:57:40.440Z",
            "created": "2018-01-16T16:13:52.465Z"
        }
    ]
}