{
    "type": "bundle",
    "id": "bundle--313e370e-92d1-440b-a8fa-f7c6f7e5d39c",
    "spec_version": "2.0",
    "objects": [
        {
            "external_references": [
                {
                    "source_name": "mitre-attack",
                    "external_id": "T1143",
                    "url": "https://attack.mitre.org/techniques/T1143"
                },
                {
                    "source_name": "PowerShell About 2019",
                    "url": "https://docs.microsoft.com/en-us/powershell/module/Microsoft.PowerShell.Core/About/about_PowerShell_exe?view=powershell-5.1",
                    "description": "Wheeler, S. et al.. (2019, May 1). About PowerShell.exe. Retrieved October 11, 2019."
                },
                {
                    "url": "https://blog.malwarebytes.com/threat-analysis/2017/01/new-mac-backdoor-using-antiquated-code/",
                    "description": "Thomas Reed. (2017, January 18). New Mac backdoor using antiquated code. Retrieved July 5, 2017.",
                    "source_name": "Antiquated Mac Malware"
                }
            ],
            "name": "Hidden Window",
            "id": "attack-pattern--04ee0cb7-dac3-4c6c-9387-4c6aa096f4cf",
            "revoked": true,
            "type": "attack-pattern",
            "modified": "2020-03-13T21:03:18.600Z",
            "created": "2017-12-14T16:46:06.044Z"
        }
    ]
}