{
    "type": "bundle",
    "id": "bundle--307b5956-a017-42f7-9087-d2b3a4f6e5fe",
    "spec_version": "2.0",
    "objects": [
        {
            "object_marking_refs": [
                "marking-definition--fa42a846-8d90-4e51-bc29-71d5b4802168"
            ],
            "external_references": [
                {
                    "source_name": "mitre-attack",
                    "external_id": "T1056",
                    "url": "https://attack.mitre.org/techniques/T1056"
                },
                {
                    "external_id": "CAPEC-569",
                    "source_name": "capec",
                    "url": "https://capec.mitre.org/data/definitions/569.html"
                },
                {
                    "url": "http://opensecuritytraining.info/Keylogging_files/The%20Adventures%20of%20a%20Keystroke.pdf",
                    "description": "Tinaztepe,  E. (n.d.). The Adventures of a Keystroke:  An in-depth look into keyloggers on Windows. Retrieved April 27, 2016.",
                    "source_name": "Adventures of a Keystroke"
                }
            ],
            "description": "Adversaries may use methods of capturing user input to obtain credentials or collect information. During normal system usage, users often provide credentials to various different locations, such as login pages/portals or system dialog boxes. Input capture mechanisms may be transparent to the user (e.g. [Credential API Hooking](https://attack.mitre.org/techniques/T1056/004)) or rely on deceiving the user into providing input into what they believe to be a genuine service (e.g. [Web Portal Capture](https://attack.mitre.org/techniques/T1056/003)).",
            "name": "Input Capture",
            "created_by_ref": "identity--c78cb6e5-0c4b-4611-8297-d1b8b55e40b5",
            "id": "attack-pattern--bb5a00de-e086-4859-a231-fa793f6797e2",
            "type": "attack-pattern",
            "kill_chain_phases": [
                {
                    "kill_chain_name": "mitre-attack",
                    "phase_name": "collection"
                },
                {
                    "kill_chain_name": "mitre-attack",
                    "phase_name": "credential-access"
                }
            ],
            "modified": "2020-10-21T01:31:35.760Z",
            "created": "2017-05-31T21:30:48.323Z",
            "x_mitre_version": "1.2",
            "x_mitre_contributors": [
                "John Lambert, Microsoft Threat Intelligence Center"
            ],
            "x_mitre_data_sources": [
                "Windows Registry",
                "Windows event logs",
                "User interface",
                "Process command-line parameters",
                "Process monitoring",
                "PowerShell logs",
                "Loaded DLLs",
                "Kernel drivers",
                "DLL monitoring",
                "Binary file metadata",
                "API monitoring"
            ],
            "x_mitre_detection": "Detection may vary depending on how input is captured but may include monitoring for certain Windows API calls (e.g. `SetWindowsHook`, `GetKeyState`, and `GetAsyncKeyState`)(Citation: Adventures of a Keystroke), monitoring for malicious instances of [Command and Scripting Interpreter](https://attack.mitre.org/techniques/T1059), and ensuring no unauthorized drivers or kernel modules that could indicate keylogging or API hooking are present.",
            "x_mitre_permissions_required": [
                "Administrator",
                "SYSTEM",
                "root",
                "User"
            ],
            "x_mitre_platforms": [
                "Linux",
                "macOS",
                "Windows",
                "Network"
            ],
            "x_mitre_is_subtechnique": false
        }
    ]
}