{
    "type": "bundle",
    "id": "bundle--11ffeae4-b500-43ec-85aa-fb3122a65780",
    "spec_version": "2.0",
    "objects": [
        {
            "external_references": [
                {
                    "source_name": "mitre-attack",
                    "external_id": "T1504",
                    "url": "https://attack.mitre.org/techniques/T1504"
                },
                {
                    "source_name": "Microsoft About Profiles",
                    "url": "https://docs.microsoft.com/en-us/powershell/module/microsoft.powershell.core/about/about_profiles?view=powershell-6",
                    "description": "Microsoft. (2017, November 29). About Profiles. Retrieved June 14, 2019."
                },
                {
                    "source_name": "ESET Turla PowerShell May 2019",
                    "url": "https://www.welivesecurity.com/2019/05/29/turla-powershell-usage/",
                    "description": "Faou, M. and Dumont R.. (2019, May 29). A dive into Turla PowerShell usage. Retrieved June 14, 2019."
                },
                {
                    "source_name": "Wits End and Shady PowerShell Profiles",
                    "url": "https://witsendandshady.blogspot.com/2019/06/lab-notes-persistence-and-privilege.html",
                    "description": "DeRyke, A.. (2019, June 7). Lab Notes: Persistence and Privilege Elevation using the Powershell Profile. Retrieved July 8, 2019."
                },
                {
                    "url": "http://www.malwarearchaeology.com/s/Windows-PowerShell-Logging-Cheat-Sheet-ver-June-2016-v2.pdf",
                    "description": "Malware Archaeology. (2016, June). WINDOWS POWERSHELL LOGGING CHEAT SHEET - Win 7/Win 2008 or later. Retrieved June 24, 2016.",
                    "source_name": "Malware Archaeology PowerShell Cheat Sheet"
                }
            ],
            "name": "PowerShell Profile",
            "id": "attack-pattern--723e3a2b-ca0d-4daa-ada8-82ea35d3733a",
            "revoked": true,
            "type": "attack-pattern",
            "modified": "2020-01-24T15:11:53.430Z",
            "created": "2019-06-14T18:53:49.472Z"
        }
    ]
}