{
    "type": "bundle",
    "id": "bundle--81ead017-f960-4fb3-bf8c-c8d64ae860f3",
    "spec_version": "2.0",
    "objects": [
        {
            "id": "attack-pattern--a93494bb-4b80-4ea1-8695-3236a49916fd",
            "created_by_ref": "identity--c78cb6e5-0c4b-4611-8297-d1b8b55e40b5",
            "name": "Brute Force",
            "description": "Adversaries may use brute force techniques to gain access to accounts when passwords are unknown or when password hashes are obtained. Without knowledge of the password for an account or set of accounts, an adversary may systematically guess the password using a repetitive or iterative mechanism. Brute forcing passwords can take place via interaction with a service that will check the validity of those credentials or offline against previously acquired credential data, such as password hashes.",
            "external_references": [
                {
                    "source_name": "mitre-attack",
                    "external_id": "T1110",
                    "url": "https://attack.mitre.org/techniques/T1110"
                },
                {
                    "external_id": "CAPEC-49",
                    "source_name": "capec",
                    "url": "https://capec.mitre.org/data/definitions/49.html"
                }
            ],
            "object_marking_refs": [
                "marking-definition--fa42a846-8d90-4e51-bc29-71d5b4802168"
            ],
            "type": "attack-pattern",
            "kill_chain_phases": [
                {
                    "kill_chain_name": "mitre-attack",
                    "phase_name": "credential-access"
                }
            ],
            "modified": "2020-10-21T16:38:27.781Z",
            "created": "2017-05-31T21:31:22.767Z",
            "x_mitre_platforms": [
                "Linux",
                "macOS",
                "Windows",
                "Office 365",
                "Azure AD",
                "SaaS",
                "GCP",
                "AWS",
                "Azure"
            ],
            "x_mitre_permissions_required": [
                "User"
            ],
            "x_mitre_detection": "Monitor authentication logs for system and application login failures of [Valid Accounts](https://attack.mitre.org/techniques/T1078). If authentication failures are high, then there may be a brute force attempt to gain access to a system using legitimate credentials. Also monitor for many failed authentication attempts across various accounts that may result from password spraying attempts. It is difficult to detect when hashes are cracked, since this is generally done outside the scope of the target network.",
            "x_mitre_data_sources": [
                "Office 365 account logs",
                "Authentication logs"
            ],
            "x_mitre_contributors": [
                "Ed Williams, Trustwave, SpiderLabs"
            ],
            "x_mitre_version": "2.1",
            "x_mitre_is_subtechnique": false
        }
    ]
}