{
    "type": "bundle",
    "id": "bundle--44010e2f-983a-454f-b449-edd502a376a4",
    "spec_version": "2.0",
    "objects": [
        {
            "external_references": [
                {
                    "source_name": "mitre-attack",
                    "external_id": "T1499.004",
                    "url": "https://attack.mitre.org/techniques/T1499/004"
                },
                {
                    "source_name": "Sucuri BIND9 August 2015",
                    "url": "https://blog.sucuri.net/2015/08/bind9-denial-of-service-exploit-in-the-wild.html",
                    "description": "Cid, D.. (2015, August 2). BIND9 \u2013 Denial of Service Exploit in the Wild. Retrieved April 26, 2019."
                }
            ],
            "object_marking_refs": [
                "marking-definition--fa42a846-8d90-4e51-bc29-71d5b4802168"
            ],
            "created_by_ref": "identity--c78cb6e5-0c4b-4611-8297-d1b8b55e40b5",
            "name": "Application or System Exploitation",
            "description": "Adversaries may exploit software vulnerabilities that can cause an application or system to crash and deny availability to users. (Citation: Sucuri BIND9 August 2015) Some systems may automatically restart critical applications and services when crashes occur, but they can likely be re-exploited to cause a persistent DoS condition.",
            "id": "attack-pattern--2bee5ffb-7a7a-4119-b1f2-158151b19ac0",
            "type": "attack-pattern",
            "kill_chain_phases": [
                {
                    "kill_chain_name": "mitre-attack",
                    "phase_name": "impact"
                }
            ],
            "modified": "2020-03-29T02:07:27.508Z",
            "created": "2020-02-20T15:37:27.052Z",
            "x_mitre_version": "1.0",
            "x_mitre_is_subtechnique": true,
            "x_mitre_impact_type": [
                "Availability"
            ],
            "x_mitre_detection": "Attacks targeting web applications may generate logs in the web server, application server, and/or database server that can be used to identify the type of attack. Externally monitor the availability of services that may be targeted by an Endpoint DoS.",
            "x_mitre_data_sources": [
                "Network device logs",
                "Network intrusion detection system",
                "Web application firewall logs",
                "Web logs",
                "SSL/TLS inspection"
            ],
            "x_mitre_platforms": [
                "Linux",
                "macOS",
                "Windows",
                "AWS",
                "GCP",
                "Azure",
                "Office 365",
                "Azure AD",
                "SaaS"
            ]
        }
    ]
}