{
    "type": "bundle",
    "id": "bundle--f2bfffc9-33a2-498a-bb87-1e04b0203a77",
    "spec_version": "2.0",
    "objects": [
        {
            "id": "attack-pattern--2169ba87-1146-4fc7-a118-12b72251db7e",
            "name": "Sudo Caching",
            "external_references": [
                {
                    "source_name": "mitre-attack",
                    "external_id": "T1206",
                    "url": "https://attack.mitre.org/techniques/T1206"
                },
                {
                    "url": "https://www.sudo.ws/",
                    "description": "Todd C. Miller. (2018). Sudo Man Page. Retrieved March 19, 2018.",
                    "source_name": "sudo man page 2018"
                },
                {
                    "url": "https://www.cybereason.com/blog/labs-proton-b-what-this-mac-malware-actually-does",
                    "description": "Amit Serper. (2018, May 10). ProtonB What this Mac Malware Actually Does. Retrieved March 19, 2018.",
                    "source_name": "cybereason osx proton"
                }
            ],
            "revoked": true,
            "type": "attack-pattern",
            "modified": "2020-02-05T20:10:18.586Z",
            "created": "2018-04-18T17:59:24.739Z"
        }
    ]
}