{
    "type": "bundle",
    "id": "bundle--0c99e308-6bca-4491-8a5c-a7efc73ce6a6",
    "spec_version": "2.0",
    "objects": [
        {
            "external_references": [
                {
                    "source_name": "mitre-attack",
                    "external_id": "T1595.002",
                    "url": "https://attack.mitre.org/techniques/T1595/002"
                },
                {
                    "source_name": "OWASP Vuln Scanning",
                    "url": "https://wiki.owasp.org/index.php/OAT-014_Vulnerability_Scanning",
                    "description": "OWASP Wiki. (2018, February 16). OAT-014 Vulnerability Scanning. Retrieved October 20, 2020."
                }
            ],
            "object_marking_refs": [
                "marking-definition--fa42a846-8d90-4e51-bc29-71d5b4802168"
            ],
            "created_by_ref": "identity--c78cb6e5-0c4b-4611-8297-d1b8b55e40b5",
            "name": "Vulnerability Scanning",
            "description": "Before compromising a victim, adversaries may scan victims for vulnerabilities that can be used during targeting. Vulnerability scans typically check if the configuration of a target host/application (ex: software and version) potentially aligns with the target of a specific exploit the adversary may seek to use.\n\nThese scans may also include more broad attempts to [Gather Victim Host Information](https://attack.mitre.org/techniques/T1592) that can be used to identify more commonly known, exploitable vulnerabilities. Vulnerability scans typically harvest running software and version numbers via server banners, listening ports, or other network artifacts.(Citation: OWASP Vuln Scanning) Information from these scans may reveal opportunities for other forms of reconnaissance (ex: [Search Open Websites/Domains](https://attack.mitre.org/techniques/T1593) or [Search Open Technical Databases](https://attack.mitre.org/techniques/T1596)), establishing operational resources (ex: [Develop Capabilities](https://attack.mitre.org/techniques/T1587) or [Obtain Capabilities](https://attack.mitre.org/techniques/T1588)), and/or initial access (ex: [Exploit Public-Facing Application](https://attack.mitre.org/techniques/T1190)).",
            "id": "attack-pattern--5502c4e9-24ef-4d5f-8ee9-9e906c2f82c4",
            "type": "attack-pattern",
            "kill_chain_phases": [
                {
                    "kill_chain_name": "mitre-attack",
                    "phase_name": "reconnaissance"
                }
            ],
            "modified": "2020-10-24T03:58:06.761Z",
            "created": "2020-10-02T16:55:16.047Z",
            "x_mitre_data_sources": [
                "Packet capture",
                "Network device logs"
            ],
            "x_mitre_detection": "Monitor for suspicious network traffic that could be indicative of scanning, such as large quantities originating from a single source (especially if the source is known to be associated with an adversary/botnet). Analyzing web metadata may also reveal artifacts that can be attributed to potentially malicious activity, such as referer or user-agent string HTTP/S fields.\n\nMuch of this activity may have a very high occurrence and associated false positive rate, as well as potentially taking place outside the visibility of the target organization, making detection difficult for defenders.\n\nDetection efforts may be focused on related stages of the adversary lifecycle, such as during Initial Access.",
            "x_mitre_version": "1.0",
            "x_mitre_is_subtechnique": true,
            "x_mitre_platforms": [
                "PRE"
            ]
        }
    ]
}