{
    "type": "bundle",
    "id": "bundle--da87ba59-e1d9-49e6-9fe7-238e91b71070",
    "spec_version": "2.0",
    "objects": [
        {
            "id": "attack-pattern--774a3188-6ba9-4dc4-879d-d54ee48a5ce9",
            "created_by_ref": "identity--c78cb6e5-0c4b-4611-8297-d1b8b55e40b5",
            "name": "Automated Exfiltration",
            "description": "Adversaries may exfiltrate data, such as sensitive documents, through the use of automated processing after being gathered during Collection. \n\nWhen automated exfiltration is used, other exfiltration techniques likely apply as well to transfer the information out of the network, such as [Exfiltration Over C2 Channel](https://attack.mitre.org/techniques/T1041) and [Exfiltration Over Alternative Protocol](https://attack.mitre.org/techniques/T1048).",
            "external_references": [
                {
                    "source_name": "mitre-attack",
                    "url": "https://attack.mitre.org/techniques/T1020",
                    "external_id": "T1020"
                }
            ],
            "object_marking_refs": [
                "marking-definition--fa42a846-8d90-4e51-bc29-71d5b4802168"
            ],
            "type": "attack-pattern",
            "kill_chain_phases": [
                {
                    "kill_chain_name": "mitre-attack",
                    "phase_name": "exfiltration"
                }
            ],
            "modified": "2020-10-22T02:24:54.881Z",
            "created": "2017-05-31T21:30:29.458Z",
            "x_mitre_is_subtechnique": false,
            "x_mitre_platforms": [
                "Linux",
                "macOS",
                "Windows",
                "Network"
            ],
            "x_mitre_network_requirements": true,
            "x_mitre_detection": "Monitor process file access patterns and network behavior. Unrecognized processes or scripts that appear to be traversing file systems and sending network traffic may be suspicious.",
            "x_mitre_data_sources": [
                "File monitoring",
                "Process monitoring",
                "Process use of network"
            ],
            "x_mitre_version": "1.2"
        }
    ]
}