{
    "type": "bundle",
    "id": "bundle--bd954c4c-3011-4756-8f0c-5312440a9c3f",
    "spec_version": "2.0",
    "objects": [
        {
            "external_references": [
                {
                    "source_name": "mitre-attack",
                    "external_id": "T1053.001",
                    "url": "https://attack.mitre.org/techniques/T1053/001"
                },
                {
                    "source_name": "Kifarunix - Task Scheduling in Linux",
                    "url": "https://kifarunix.com/scheduling-tasks-using-at-command-in-linux/",
                    "description": "Koromicha. (2019, September 7). Scheduling tasks using at command in Linux. Retrieved December 3, 2019."
                }
            ],
            "object_marking_refs": [
                "marking-definition--fa42a846-8d90-4e51-bc29-71d5b4802168"
            ],
            "created_by_ref": "identity--c78cb6e5-0c4b-4611-8297-d1b8b55e40b5",
            "name": "At (Linux)",
            "description": "Adversaries may abuse the [at](https://attack.mitre.org/software/S0110) utility to perform task scheduling for initial or recurring execution of malicious code. The [at](https://attack.mitre.org/software/S0110) command within Linux operating systems enables administrators to schedule tasks.(Citation: Kifarunix - Task Scheduling in Linux)\n\nAn adversary may use [at](https://attack.mitre.org/software/S0110) in Linux environments to execute programs at system startup or on a scheduled basis for persistence. [at](https://attack.mitre.org/software/S0110) can also be abused to conduct remote Execution as part of Lateral Movement and or to run a process under the context of a specified account.",
            "id": "attack-pattern--6636bc83-0611-45a6-b74f-1f3daf635b8e",
            "type": "attack-pattern",
            "kill_chain_phases": [
                {
                    "kill_chain_name": "mitre-attack",
                    "phase_name": "execution"
                },
                {
                    "kill_chain_name": "mitre-attack",
                    "phase_name": "persistence"
                },
                {
                    "kill_chain_name": "mitre-attack",
                    "phase_name": "privilege-escalation"
                }
            ],
            "modified": "2020-03-23T22:35:13.112Z",
            "created": "2019-12-03T12:59:36.749Z",
            "x_mitre_version": "1.0",
            "x_mitre_is_subtechnique": true,
            "x_mitre_remote_support": true,
            "x_mitre_detection": "Monitor scheduled task creation using command-line invocation. Legitimate scheduled tasks may be created during installation of new software or through system administration functions. Look for changes to tasks that do not correlate with known software, patch cycles, etc. \n\nSuspicious program execution through scheduled tasks may show up as outlier processes that have not been seen before when compared against historical data. Data and events should not be viewed in isolation, but as part of a chain of behavior that could lead to other activities, such as network connections made for Command and Control, learning details about the environment through Discovery, and Lateral Movement.",
            "x_mitre_data_sources": [
                "Process command-line parameters",
                "Process monitoring"
            ],
            "x_mitre_platforms": [
                "Linux"
            ]
        }
    ]
}