{
    "type": "bundle",
    "id": "bundle--872a7f4f-64c6-4a18-8c30-b4caac43bb2e",
    "spec_version": "2.0",
    "objects": [
        {
            "id": "attack-pattern--514ede4c-78b3-4d78-a38b-daddf6217a79",
            "name": "Winlogon Helper DLL",
            "external_references": [
                {
                    "source_name": "mitre-attack",
                    "external_id": "T1004",
                    "url": "https://attack.mitre.org/techniques/T1004"
                },
                {
                    "external_id": "CAPEC-579",
                    "source_name": "capec",
                    "url": "https://capec.mitre.org/data/definitions/579.html"
                },
                {
                    "url": "https://blog.cylance.com/windows-registry-persistence-part-2-the-run-keys-and-search-order",
                    "description": "Langendorf, S. (2013, September 24). Windows Registry Persistence, Part 2: The Run Keys and Search-Order. Retrieved April 11, 2018.",
                    "source_name": "Cylance Reg Persistence Sept 2013"
                },
                {
                    "url": "https://technet.microsoft.com/en-us/sysinternals/bb963902",
                    "description": "Russinovich, M. (2016, January 4). Autoruns for Windows v13.51. Retrieved June 6, 2016.",
                    "source_name": "TechNet Autoruns"
                }
            ],
            "revoked": true,
            "type": "attack-pattern",
            "modified": "2020-01-24T17:07:19.762Z",
            "created": "2017-05-31T21:30:20.148Z"
        }
    ]
}