{
    "type": "bundle",
    "id": "bundle--3b90e009-42a5-4d53-ab6c-2b4e70235cdf",
    "spec_version": "2.0",
    "objects": [
        {
            "id": "attack-pattern--a257ed11-ff3b-4216-8c9d-3938ef57064c",
            "name": "Pass the Ticket",
            "external_references": [
                {
                    "source_name": "mitre-attack",
                    "external_id": "T1097",
                    "url": "https://attack.mitre.org/techniques/T1097"
                },
                {
                    "external_id": "CAPEC-645",
                    "source_name": "capec",
                    "url": "https://capec.mitre.org/data/definitions/645.html"
                },
                {
                    "url": "https://adsecurity.org/?p=556",
                    "description": "Metcalf, S. (2014, November 22). Mimikatz and Active Directory Kerberos Attacks. Retrieved June 2, 2016.",
                    "source_name": "ADSecurity AD Kerberos Attacks"
                },
                {
                    "url": "http://blog.gentilkiwi.com/securite/mimikatz/pass-the-ticket-kerberos",
                    "description": "Deply, B. (2014, January 13). Pass the ticket. Retrieved June 2, 2016.",
                    "source_name": "GentilKiwi Pass the Ticket"
                },
                {
                    "url": "http://defcon.org/images/defcon-22/dc-22-presentations/Campbell/DEFCON-22-Christopher-Campbell-The-Secret-Life-of-Krbtgt.pdf",
                    "description": "Campbell, C. (2014). The Secret Life of Krbtgt. Retrieved December 4, 2014.",
                    "source_name": "Campbell 2014"
                },
                {
                    "url": "https://cert.europa.eu/static/WhitePapers/UPDATED%20-%20CERT-EU_Security_Whitepaper_2014-007_Kerberos_Golden_Ticket_Protection_v1_4.pdf",
                    "description": "Abolins, D., Boldea, C., Socha, K., Soria-Machado, M. (2016, April 26). Kerberos Golden Ticket Protection. Retrieved July 13, 2017.",
                    "source_name": "CERT-EU Golden Ticket Protection"
                }
            ],
            "revoked": true,
            "type": "attack-pattern",
            "modified": "2020-01-30T19:57:16.037Z",
            "created": "2017-05-31T21:31:11.623Z"
        }
    ]
}