{
    "type": "bundle",
    "id": "bundle--3165fa4d-b196-416f-aedf-c69178ee3b57",
    "spec_version": "2.0",
    "objects": [
        {
            "id": "attack-pattern--4ae4f953-fe58-4cc8-a327-33257e30a830",
            "created_by_ref": "identity--c78cb6e5-0c4b-4611-8297-d1b8b55e40b5",
            "name": "Application Window Discovery",
            "description": "Adversaries may attempt to get a listing of open application windows. Window listings could convey information about how the system is used or give context to information collected by a keylogger.",
            "external_references": [
                {
                    "source_name": "mitre-attack",
                    "url": "https://attack.mitre.org/techniques/T1010",
                    "external_id": "T1010"
                }
            ],
            "object_marking_refs": [
                "marking-definition--fa42a846-8d90-4e51-bc29-71d5b4802168"
            ],
            "type": "attack-pattern",
            "kill_chain_phases": [
                {
                    "kill_chain_name": "mitre-attack",
                    "phase_name": "discovery"
                }
            ],
            "modified": "2020-03-26T15:44:27.068Z",
            "created": "2017-05-31T21:30:24.512Z",
            "x_mitre_is_subtechnique": false,
            "x_mitre_permissions_required": [
                "User"
            ],
            "x_mitre_platforms": [
                "macOS",
                "Windows"
            ],
            "x_mitre_data_sources": [
                "API monitoring",
                "Process monitoring",
                "Process command-line parameters"
            ],
            "x_mitre_detection": "System and network discovery techniques normally occur throughout an operation as an adversary learns the environment. Data and events should not be viewed in isolation, but as part of a chain of behavior that could lead to other activities based on the information obtained.\n\nMonitor processes and command-line arguments for actions that could be taken to gather system and network information. Remote access tools with built-in features may interact directly with the Windows API to gather information. Information may also be acquired through Windows system management tools such as [Windows Management Instrumentation](https://attack.mitre.org/techniques/T1047) and [PowerShell](https://attack.mitre.org/techniques/T1059/001).",
            "x_mitre_version": "1.1"
        }
    ]
}