{
    "type": "bundle",
    "id": "bundle--38047acb-74b1-457d-b844-f5ef5eb11529",
    "spec_version": "2.0",
    "objects": [
        {
            "created": "2020-03-16T15:33:01.739Z",
            "modified": "2020-03-30T00:37:16.809Z",
            "kill_chain_phases": [
                {
                    "kill_chain_name": "mitre-attack",
                    "phase_name": "command-and-control"
                }
            ],
            "type": "attack-pattern",
            "external_references": [
                {
                    "source_name": "mitre-attack",
                    "external_id": "T1573",
                    "url": "https://attack.mitre.org/techniques/T1573"
                },
                {
                    "url": "http://www.sans.org/reading-room/whitepapers/analyst/finding-hidden-threats-decrypting-ssl-34840",
                    "description": "Butler, M. (2013, November). Finding Hidden Threats by Decrypting SSL. Retrieved April 5, 2016.",
                    "source_name": "SANS Decrypting SSL"
                },
                {
                    "url": "https://insights.sei.cmu.edu/cert/2015/03/the-risks-of-ssl-inspection.html",
                    "description": "Dormann, W. (2015, March 13). The Risks of SSL Inspection. Retrieved April 5, 2016.",
                    "source_name": "SEI SSL Inspection Risks"
                },
                {
                    "url": "https://arxiv.org/ftp/arxiv/papers/1408/1408.1136.pdf",
                    "description": "Gardiner, J.,  Cova, M., Nagaraja, S. (2014, February). Command & Control Understanding, Denying and Detecting. Retrieved April 20, 2016.",
                    "source_name": "University of Birmingham C2"
                }
            ],
            "object_marking_refs": [
                "marking-definition--fa42a846-8d90-4e51-bc29-71d5b4802168"
            ],
            "created_by_ref": "identity--c78cb6e5-0c4b-4611-8297-d1b8b55e40b5",
            "name": "Encrypted Channel",
            "description": "Adversaries may employ a known encryption algorithm to conceal command and control traffic rather than relying on any inherent protections provided by a communication protocol. Despite the use of a secure algorithm, these implementations may be vulnerable to reverse engineering if secret keys are encoded and/or generated within malware samples/configuration files.",
            "id": "attack-pattern--b8902400-e6c5-4ba2-95aa-2d35b442b118",
            "x_mitre_version": "1.0",
            "x_mitre_is_subtechnique": false,
            "x_mitre_detection": "SSL/TLS inspection is one way of detecting command and control traffic within some encrypted communication channels.(Citation: SANS Decrypting SSL) SSL/TLS inspection does come with certain risks that should be considered before implementing to avoid potential security issues such as incomplete certificate validation.(Citation: SEI SSL Inspection Risks)\n\nIn general, analyze network data for uncommon data flows (e.g., a client sending significantly more data than it receives from a server). Processes utilizing the network that do not normally have network communication or have never been seen before are suspicious. Analyze packet contents to detect communications that do not follow the expected protocol behavior for the port that is being used.(Citation: University of Birmingham C2)",
            "x_mitre_data_sources": [
                "SSL/TLS inspection",
                "Process monitoring",
                "Process use of network",
                "Malware reverse engineering",
                "Netflow/Enclave netflow",
                "Packet capture"
            ],
            "x_mitre_platforms": [
                "Linux",
                "macOS",
                "Windows"
            ]
        }
    ]
}