{
    "type": "bundle",
    "id": "bundle--f823186a-bcfa-4522-8fcd-4af1447a2d8f",
    "spec_version": "2.0",
    "objects": [
        {
            "external_references": [
                {
                    "url": "https://attack.mitre.org/techniques/T1527",
                    "external_id": "T1527",
                    "source_name": "mitre-attack"
                },
                {
                    "description": "Auth0. (n.d.). Why You Should Always Use Access Tokens to Secure APIs. Retrieved September 12, 2019.",
                    "url": "https://auth0.com/blog/why-should-use-accesstokens-to-secure-an-api/",
                    "source_name": "Auth0 - Why You Should Always Use Access Tokens to Secure APIs Sept 2019"
                },
                {
                    "description": "okta. (n.d.). What Happens If Your JWT Is Stolen?. Retrieved September 12, 2019.",
                    "url": "https://developer.okta.com/blog/2018/06/20/what-happens-if-your-jwt-is-stolen",
                    "source_name": "okta"
                },
                {
                    "description": "Cai, S., Flores, J., de Guzman, C., et. al.. (2019, August 27). Microsoft identity platform access tokens. Retrieved October 4, 2019.",
                    "url": "https://docs.microsoft.com/en-us/azure/active-directory/develop/access-tokens",
                    "source_name": "Microsoft Identity Platform Access 2019"
                },
                {
                    "description": "Stalmans, E.. (2017, August 2). Phishing with OAuth and o365/Azure. Retrieved October 4, 2019.",
                    "url": "https://staaldraad.github.io/2017/08/02/o356-phishing-with-oauth/",
                    "source_name": "Staaldraad Phishing with OAuth 2017"
                }
            ],
            "name": "Application Access Token",
            "id": "attack-pattern--27960489-4e7f-461d-a62a-f5c0cb521e4a",
            "revoked": true,
            "type": "attack-pattern",
            "modified": "2020-03-23T15:59:40.457Z",
            "created": "2019-08-30T12:55:58.607Z"
        }
    ]
}