{
    "type": "bundle",
    "id": "bundle--ec9389cc-46aa-4cc8-b5f6-8a4b813c0414",
    "spec_version": "2.0",
    "objects": [
        {
            "external_references": [
                {
                    "url": "https://attack.mitre.org/techniques/T1531",
                    "source_name": "mitre-attack",
                    "external_id": "T1531"
                },
                {
                    "description": "CarbonBlack Threat Analysis Unit. (2019, March 22). TAU Threat Intelligence Notification \u2013 LockerGoga Ransomware. Retrieved April 16, 2019.",
                    "url": "https://www.carbonblack.com/2019/03/22/tau-threat-intelligence-notification-lockergoga-ransomware/",
                    "source_name": "CarbonBlack LockerGoga 2019"
                },
                {
                    "source_name": "Unit42 LockerGoga 2019",
                    "url": "https://unit42.paloaltonetworks.com/born-this-way-origins-of-lockergoga/",
                    "description": "Harbison, M.. (2019, March 26). Born This Way? Origins of LockerGoga. Retrieved April 16, 2019."
                }
            ],
            "object_marking_refs": [
                "marking-definition--fa42a846-8d90-4e51-bc29-71d5b4802168"
            ],
            "created_by_ref": "identity--c78cb6e5-0c4b-4611-8297-d1b8b55e40b5",
            "name": "Account Access Removal",
            "description": "Adversaries may interrupt availability of system and network resources by inhibiting access to accounts utilized by legitimate users. Accounts may be deleted, locked, or manipulated (ex: changed credentials) to remove access to accounts.\n\nAdversaries may also subsequently log off and/or reboot boxes to set malicious changes into place.(Citation: CarbonBlack LockerGoga 2019)(Citation: Unit42 LockerGoga 2019)",
            "id": "attack-pattern--b24e2a20-3b3d-4bf0-823b-1ed765398fb0",
            "type": "attack-pattern",
            "kill_chain_phases": [
                {
                    "kill_chain_name": "mitre-attack",
                    "phase_name": "impact"
                }
            ],
            "modified": "2020-07-14T19:15:29.911Z",
            "created": "2019-10-09T18:48:31.906Z",
            "x_mitre_is_subtechnique": false,
            "x_mitre_detection": "Use process monitoring to monitor the execution and command line parameters of binaries involved in deleting accounts or changing passwords, such as use of [Net](https://attack.mitre.org/software/S0039). Windows event logs may also designate activity associated with an adversary's attempt to remove access to an account:\n\n* Event ID 4723 - An attempt was made to change an account's password\n* Event ID 4724 - An attempt was made to reset an account's password\n* Event ID 4726 - A user account was deleted\n* Event ID 4740 - A user account was locked out\n\nAlerting on [Net](https://attack.mitre.org/software/S0039) and these Event IDs may generate a high degree of false positives, so compare against baseline knowledge for how systems are typically used and correlate modification events with other indications of malicious activity where possible.",
            "x_mitre_version": "1.0",
            "x_mitre_impact_type": [
                "Availability"
            ],
            "x_mitre_permissions_required": [
                "User",
                "Administrator",
                "root",
                "SYSTEM"
            ],
            "x_mitre_data_sources": [
                "Windows event logs",
                "Process command-line parameters",
                "Process monitoring"
            ],
            "x_mitre_platforms": [
                "Linux",
                "macOS",
                "Windows"
            ]
        }
    ]
}