{
    "type": "bundle",
    "id": "bundle--2cff09e6-d839-43ec-a663-c147bdb19af8",
    "spec_version": "2.0",
    "objects": [
        {
            "id": "attack-pattern--9e09ddb2-1746-4448-9cad-7f8b41777d6d",
            "name": "Keychain",
            "external_references": [
                {
                    "source_name": "mitre-attack",
                    "external_id": "T1142",
                    "url": "https://attack.mitre.org/techniques/T1142"
                },
                {
                    "url": "https://en.wikipedia.org/wiki/Keychain_(software)",
                    "description": "Wikipedia. (n.d.). Keychain (software). Retrieved July 5, 2017.",
                    "source_name": "Wikipedia keychain"
                },
                {
                    "url": "http://www.slideshare.net/StephanBorosh/external-to-da-the-os-x-way",
                    "description": "Alex Rymdeko-Harvey, Steve Borosh. (2016, May 14). External to DA, the OS X Way. Retrieved July 3, 2017.",
                    "source_name": "External to DA, the OS X Way"
                }
            ],
            "revoked": true,
            "type": "attack-pattern",
            "modified": "2020-02-12T18:55:55.305Z",
            "created": "2017-12-14T16:46:06.044Z"
        }
    ]
}