{
    "type": "bundle",
    "id": "bundle--015b2980-3610-44a7-b4a3-ae2fb29fdfe8",
    "spec_version": "2.0",
    "objects": [
        {
            "external_references": [
                {
                    "source_name": "mitre-attack",
                    "external_id": "T1070.005",
                    "url": "https://attack.mitre.org/techniques/T1070/005"
                },
                {
                    "url": "https://technet.microsoft.com/bb490717.aspx",
                    "description": "Microsoft. (n.d.). Net Use. Retrieved November 25, 2016.",
                    "source_name": "Technet Net Use"
                }
            ],
            "object_marking_refs": [
                "marking-definition--fa42a846-8d90-4e51-bc29-71d5b4802168"
            ],
            "created_by_ref": "identity--c78cb6e5-0c4b-4611-8297-d1b8b55e40b5",
            "name": "Network Share Connection Removal",
            "description": "Adversaries may remove share connections that are no longer useful in order to clean up traces of their operation. Windows shared drive and [Windows Admin Shares](https://attack.mitre.org/techniques/T1077) connections can be removed when no longer needed. [Net](https://attack.mitre.org/software/S0039) is an example utility that can be used to remove network share connections with the <code>net use \\\\system\\share /delete</code> command. (Citation: Technet Net Use)",
            "id": "attack-pattern--a750a9f6-0bde-4bb3-9aae-1e2786e9780c",
            "type": "attack-pattern",
            "kill_chain_phases": [
                {
                    "kill_chain_name": "mitre-attack",
                    "phase_name": "defense-evasion"
                }
            ],
            "modified": "2020-01-31T12:39:18.816Z",
            "created": "2020-01-31T12:39:18.816Z",
            "x_mitre_version": "1.0",
            "x_mitre_is_subtechnique": true,
            "x_mitre_system_requirements": [
                "Established network share connection to a remote system. Level of access depends on permissions of the account used."
            ],
            "x_mitre_permissions_required": [
                "Administrator",
                "User"
            ],
            "x_mitre_defense_bypassed": [
                "Host forensic analysis"
            ],
            "x_mitre_detection": "Network share connections may be common depending on how an network environment is used. Monitor command-line invocation of <code>net use</code> commands associated with establishing and removing remote shares over SMB, including following best practices for detection of [Windows Admin Shares](https://attack.mitre.org/techniques/T1077). SMB traffic between systems may also be captured and decoded to look for related network share session and file transfer activity. Windows authentication logs are also useful in determining when authenticated network shares are established and by which account, and can be used to correlate network share activity to other events to investigate potentially malicious activity.",
            "x_mitre_data_sources": [
                "Authentication logs",
                "Packet capture",
                "Process command-line parameters",
                "Process monitoring"
            ],
            "x_mitre_platforms": [
                "Windows"
            ]
        }
    ]
}