{
    "type": "bundle",
    "id": "bundle--236aedeb-abce-405c-8336-4ac968687606",
    "spec_version": "2.0",
    "objects": [
        {
            "created": "2017-05-31T21:30:47.384Z",
            "modified": "2020-03-19T19:10:25.404Z",
            "type": "attack-pattern",
            "revoked": true,
            "external_references": [
                {
                    "source_name": "mitre-attack",
                    "external_id": "T1054",
                    "url": "https://attack.mitre.org/techniques/T1054"
                },
                {
                    "external_id": "CAPEC-571",
                    "source_name": "capec",
                    "url": "https://capec.mitre.org/data/definitions/571.html"
                },
                {
                    "url": "https://www.microsoft.com/en-us/wdsi/threats/malware-encyclopedia-description?name=Backdoor:Win32/Lamin.A",
                    "description": "Microsoft. (2009, May 17). Backdoor:Win32/Lamin.A. Retrieved September 6, 2018.",
                    "source_name": "Microsoft Lamin Sept 2017"
                },
                {
                    "source_name": "Microsoft About Event Tracing 2018",
                    "url": "https://docs.microsoft.com/en-us/windows/desktop/etw/consuming-events",
                    "description": "Microsoft. (2018, May 30). About Event Tracing. Retrieved June 7, 2019."
                },
                {
                    "source_name": "Medium Event Tracing Tampering 2018",
                    "url": "https://medium.com/palantir/tampering-with-windows-event-tracing-background-offense-and-defense-4be7ac62ac63",
                    "description": "Palantir. (2018, December 24). Tampering with Windows Event Tracing: Background, Offense, and Defense. Retrieved June 7, 2019."
                }
            ],
            "name": "Indicator Blocking",
            "id": "attack-pattern--6a5848a8-6201-4a2c-8a6a-ca5af8c6f3df"
        }
    ]
}