{
    "type": "bundle",
    "id": "bundle--9d246810-c742-4119-8973-b38fd2b0ec7c",
    "spec_version": "2.0",
    "objects": [
        {
            "id": "attack-pattern--b82f7d37-b826-4ec9-9391-8e121c78aed7",
            "name": "Disk Content Wipe",
            "external_references": [
                {
                    "source_name": "mitre-attack",
                    "external_id": "T1488",
                    "url": "https://attack.mitre.org/techniques/T1488"
                },
                {
                    "source_name": "Novetta Blockbuster",
                    "description": "Novetta Threat Research Group. (2016, February 24). Operation Blockbuster: Unraveling the Long Thread of the Sony Attack. Retrieved February 25, 2016.",
                    "url": "https://www.operationblockbuster.com/wp-content/uploads/2016/02/Operation-Blockbuster-Report.pdf"
                },
                {
                    "source_name": "Novetta Blockbuster Destructive Malware",
                    "description": "Novetta Threat Research Group. (2016, February 24). Operation Blockbuster: Destructive Malware Report. Retrieved March 2, 2016.",
                    "url": "https://operationblockbuster.com/wp-content/uploads/2016/02/Operation-Blockbuster-Destructive-Malware-Report.pdf"
                },
                {
                    "source_name": "DOJ Lazarus Sony 2018",
                    "url": "https://www.justice.gov/opa/press-release/file/1092091/download",
                    "description": "Department of Justice. (2018, September 6). Criminal Complaint - United States of America v. PARK JIN HYOK. Retrieved March 29, 2019."
                }
            ],
            "revoked": true,
            "type": "attack-pattern",
            "modified": "2020-02-20T22:07:27.495Z",
            "created": "2019-03-29T14:59:50.763Z"
        }
    ]
}