{
    "type": "bundle",
    "id": "bundle--b68e4641-8c11-494e-af4f-b75056f79d80",
    "spec_version": "2.0",
    "objects": [
        {
            "id": "attack-pattern--1ecb2399-e8ba-4f6b-8ba7-5c27d49405cf",
            "description": "Adversaries may configure system settings to automatically execute a program during system boot or logon to maintain persistence or gain higher-level privileges on compromised systems. Operating systems may have mechanisms for automatically running a program on system boot or account logon.(Citation: Microsoft Run Key)(Citation: MSDN Authentication Packages)(Citation: Microsoft TimeProvider)(Citation: Cylance Reg Persistence Sept 2013)(Citation: Linux Kernel Programming)\u00a0 These mechanisms may include automatically executing programs that are placed in specially designated directories or are referenced by repositories that store configuration information, such as the Windows Registry. An adversary may achieve the same goal by modifying or extending features of the kernel.\n\nSince some boot or logon autostart programs run with higher privileges, an adversary may leverage these to elevate privileges.",
            "name": "Boot or Logon Autostart Execution",
            "created_by_ref": "identity--c78cb6e5-0c4b-4611-8297-d1b8b55e40b5",
            "object_marking_refs": [
                "marking-definition--fa42a846-8d90-4e51-bc29-71d5b4802168"
            ],
            "external_references": [
                {
                    "source_name": "mitre-attack",
                    "external_id": "T1547",
                    "url": "https://attack.mitre.org/techniques/T1547"
                },
                {
                    "external_id": "CAPEC-564",
                    "source_name": "capec",
                    "url": "https://capec.mitre.org/data/definitions/564.html"
                },
                {
                    "url": "http://msdn.microsoft.com/en-us/library/aa376977",
                    "description": "Microsoft. (n.d.). Run and RunOnce Registry Keys. Retrieved November 12, 2014.",
                    "source_name": "Microsoft Run Key"
                },
                {
                    "url": "https://msdn.microsoft.com/library/windows/desktop/aa374733.aspx",
                    "description": "Microsoft. (n.d.). Authentication Packages. Retrieved March 1, 2017.",
                    "source_name": "MSDN Authentication Packages"
                },
                {
                    "url": "https://msdn.microsoft.com/library/windows/desktop/ms725475.aspx",
                    "description": "Microsoft. (n.d.). Time Provider. Retrieved March 26, 2018.",
                    "source_name": "Microsoft TimeProvider"
                },
                {
                    "url": "https://blog.cylance.com/windows-registry-persistence-part-2-the-run-keys-and-search-order",
                    "description": "Langendorf, S. (2013, September 24). Windows Registry Persistence, Part 2: The Run Keys and Search-Order. Retrieved April 11, 2018.",
                    "source_name": "Cylance Reg Persistence Sept 2013"
                },
                {
                    "source_name": "Linux Kernel Programming",
                    "url": "https://www.tldp.org/LDP/lkmpg/2.4/lkmpg.pdf",
                    "description": "Pomerantz, O., Salzman, P.. (2003, April 4). The Linux Kernel Module Programming Guide. Retrieved April 6, 2018."
                },
                {
                    "url": "https://technet.microsoft.com/en-us/sysinternals/bb963902",
                    "description": "Russinovich, M. (2016, January 4). Autoruns for Windows v13.51. Retrieved June 6, 2016.",
                    "source_name": "TechNet Autoruns"
                }
            ],
            "type": "attack-pattern",
            "kill_chain_phases": [
                {
                    "kill_chain_name": "mitre-attack",
                    "phase_name": "persistence"
                },
                {
                    "kill_chain_name": "mitre-attack",
                    "phase_name": "privilege-escalation"
                }
            ],
            "modified": "2020-10-09T16:05:36.772Z",
            "created": "2020-01-23T17:46:59.535Z",
            "x_mitre_platforms": [
                "Linux",
                "macOS",
                "Windows"
            ],
            "x_mitre_detection": "Monitor for additions or modifications of mechanisms that could be used to trigger autostart execution, such as relevant additions to the Registry. Look for changes that are not correlated with known updates, patches, or other planned administrative activity. Tools such as Sysinternals Autoruns may also be used to detect system autostart configuration changes that could be attempts at persistence.(Citation: TechNet Autoruns)  Changes to some autostart configuration settings may happen under normal conditions when legitimate software is installed. \n\nSuspicious program execution as autostart programs may show up as outlier processes that have not been seen before when compared against historical data.To increase confidence of malicious activity, data and events should not be viewed in isolation, but as part of a chain of behavior that could lead to other activities, such as network connections made for Command and Control, learning details about the environment through Discovery, and Lateral Movement.\n\nMonitor DLL loads by processes, specifically looking for DLLs that are not recognized or not normally loaded into a process. Look for abnormal process behavior that may be due to a process loading a malicious DLL.\n\nMonitor for abnormal usage of utilities and command-line parameters involved in kernel modification or driver installation.",
            "x_mitre_permissions_required": [
                "User",
                "Administrator",
                "root"
            ],
            "x_mitre_is_subtechnique": false,
            "x_mitre_version": "1.1"
        }
    ]
}