{
    "type": "bundle",
    "id": "bundle--8e39da29-bfbe-4f86-bb3b-1e9a89b3362b",
    "spec_version": "2.0",
    "objects": [
        {
            "id": "attack-pattern--0a3ead4e-6d47-4ccb-854c-a6a4f9d96b22",
            "created_by_ref": "identity--c78cb6e5-0c4b-4611-8297-d1b8b55e40b5",
            "name": "OS Credential Dumping",
            "description": "Adversaries may attempt to dump credentials to obtain account login and credential material, normally in the form of a hash or a clear text password, from the operating system and software. Credentials can then be used to perform [Lateral Movement](https://attack.mitre.org/tactics/TA0008) and access restricted information.\n\nSeveral of the tools mentioned in associated sub-techniques may be used by both adversaries and professional security testers. Additional custom tools likely exist as well.\n",
            "external_references": [
                {
                    "source_name": "mitre-attack",
                    "external_id": "T1003",
                    "url": "https://attack.mitre.org/techniques/T1003"
                },
                {
                    "description": "French, D. (2018, October 2). Detecting Attempts to Steal Passwords from Memory. Retrieved October 11, 2019.",
                    "url": "https://medium.com/threatpunter/detecting-attempts-to-steal-passwords-from-memory-558f16dce4ea",
                    "source_name": "Medium Detecting Attempts to Steal Passwords from Memory"
                },
                {
                    "url": "https://github.com/mattifestation/PowerSploit",
                    "description": "PowerSploit. (n.d.). Retrieved December 4, 2014.",
                    "source_name": "Powersploit"
                },
                {
                    "url": "https://msdn.microsoft.com/library/cc228086.aspx",
                    "description": "Microsoft. (2017, December 1). MS-DRSR Directory Replication Service (DRS) Remote Protocol. Retrieved December 4, 2017.",
                    "source_name": "Microsoft DRSR Dec 2017"
                },
                {
                    "url": "https://msdn.microsoft.com/library/dd207691.aspx",
                    "description": "Microsoft. (n.d.). IDL_DRSGetNCChanges (Opnum 3). Retrieved December 4, 2017.",
                    "source_name": "Microsoft GetNCCChanges"
                },
                {
                    "url": "https://wiki.samba.org/index.php/DRSUAPI",
                    "description": "SambaWiki. (n.d.). DRSUAPI. Retrieved December 4, 2017.",
                    "source_name": "Samba DRSUAPI"
                },
                {
                    "url": "http://www.harmj0y.net/blog/redteaming/mimikatz-and-dcsync-and-extrasids-oh-my/",
                    "description": "Schroeder, W. (2015, September 22). Mimikatz and DCSync and ExtraSids, Oh My. Retrieved December 4, 2017.",
                    "source_name": "Harmj0y DCSync Sept 2015"
                },
                {
                    "url": "https://msdn.microsoft.com/library/cc237008.aspx",
                    "description": "Microsoft. (2017, December 1). MS-NRPC - Netlogon Remote Protocol. Retrieved December 6, 2017.",
                    "source_name": "Microsoft NRPC Dec 2017"
                },
                {
                    "url": "https://msdn.microsoft.com/library/cc245496.aspx",
                    "description": "Microsoft. (n.d.). MS-SAMR Security Account Manager (SAM) Remote Protocol (Client-to-Server) - Transport. Retrieved December 4, 2017.",
                    "source_name": "Microsoft SAMR"
                },
                {
                    "url": "https://adsecurity.org/?p=1729",
                    "description": "Metcalf, S. (2015, September 25). Mimikatz DCSync Usage, Exploitation, and Detection. Retrieved December 4, 2017.",
                    "source_name": "AdSecurity DCSync Sept 2015"
                }
            ],
            "object_marking_refs": [
                "marking-definition--fa42a846-8d90-4e51-bc29-71d5b4802168"
            ],
            "type": "attack-pattern",
            "kill_chain_phases": [
                {
                    "kill_chain_name": "mitre-attack",
                    "phase_name": "credential-access"
                }
            ],
            "modified": "2020-06-09T20:46:00.758Z",
            "created": "2017-05-31T21:30:19.735Z",
            "x_mitre_is_subtechnique": false,
            "x_mitre_platforms": [
                "Windows",
                "Linux",
                "macOS"
            ],
            "x_mitre_permissions_required": [
                "Administrator",
                "SYSTEM",
                "root"
            ],
            "x_mitre_detection": "### Windows\nMonitor for unexpected processes interacting with lsass.exe.(Citation: Medium Detecting Attempts to Steal Passwords from Memory) Common credential dumpers such as [Mimikatz](https://attack.mitre.org/software/S0002) access the LSA Subsystem Service (LSASS) process by opening the process, locating the LSA secrets key, and decrypting the sections in memory where credential details are stored. Credential dumpers may also use methods for reflective [Process Injection](https://attack.mitre.org/techniques/T1055) to reduce potential indicators of malicious activity.\n\nHash dumpers open the Security Accounts Manager (SAM) on the local file system (%SystemRoot%/system32/config/SAM) or create a dump of the Registry SAM key to access stored account password hashes. Some hash dumpers will open the local file system as a device and parse to the SAM table to avoid file access defenses. Others will make an in-memory copy of the SAM table before reading hashes. Detection of compromised [Valid Accounts](https://attack.mitre.org/techniques/T1078) in-use by adversaries may help as well. \n\nOn Windows 8.1 and Windows Server 2012 R2, monitor Windows Logs for LSASS.exe creation to verify that LSASS started as a protected process.\n\nMonitor processes and command-line arguments for program execution that may be indicative of credential dumping. Remote access tools may contain built-in features or incorporate existing tools like [Mimikatz](https://attack.mitre.org/software/S0002). [PowerShell](https://attack.mitre.org/techniques/T1086) scripts also exist that contain credential dumping functionality, such as PowerSploit's Invoke-Mimikatz module, (Citation: Powersploit) which may require additional logging features to be configured in the operating system to collect necessary information for analysis.\n\nMonitor domain controller logs for replication requests and other unscheduled activity possibly associated with DCSync. (Citation: Microsoft DRSR Dec 2017) (Citation: Microsoft GetNCCChanges) (Citation: Samba DRSUAPI) Note: Domain controllers may not log replication requests originating from the default domain controller account. (Citation: Harmj0y DCSync Sept 2015). Also monitor for network protocols  (Citation: Microsoft DRSR Dec 2017) (Citation: Microsoft NRPC Dec 2017) and other replication requests (Citation: Microsoft SAMR) from IPs not associated with known domain controllers. (Citation: AdSecurity DCSync Sept 2015)\n\n### Linux\nTo obtain the passwords and hashes stored in memory, processes must open a maps file in the /proc filesystem for the process being analyzed. This file is stored under the path <code>/proc/<pid>/maps</code>, where the <code><pid></code> directory is the unique pid of the program being interrogated for such authentication data. The AuditD monitoring tool, which ships stock in many Linux distributions, can be used to watch for hostile processes opening this file in the proc file system, alerting on the pid, process name, and arguments of such programs.",
            "x_mitre_data_sources": [
                "API monitoring",
                "Process monitoring",
                "PowerShell logs",
                "Process command-line parameters"
            ],
            "x_mitre_contributors": [
                "Vincent Le Toux",
                "Ed Williams, Trustwave, SpiderLabs"
            ],
            "x_mitre_version": "2.0"
        }
    ]
}