{
    "type": "bundle",
    "id": "bundle--004672e7-0265-4da4-aa44-b7b6d086b7af",
    "spec_version": "2.0",
    "objects": [
        {
            "external_references": [
                {
                    "source_name": "mitre-attack",
                    "external_id": "T1589.001",
                    "url": "https://attack.mitre.org/techniques/T1589/001"
                },
                {
                    "source_name": "ATT ScanBox",
                    "url": "https://cybersecurity.att.com/blogs/labs-research/scanbox-a-reconnaissance-framework-used-on-watering-hole-attacks",
                    "description": "Blasco, J. (2014, August 28). Scanbox: A Reconnaissance Framework Used with Watering Hole Attacks. Retrieved October 19, 2020."
                },
                {
                    "source_name": "Register Deloitte",
                    "url": "https://www.theregister.com/2017/09/26/deloitte_leak_github_and_google/",
                    "description": "Thomson, I. (2017, September 26). Deloitte is a sitting duck: Key systems with RDP open, VPN and proxy 'login details leaked'. Retrieved October 19, 2020."
                },
                {
                    "source_name": "Register Uber",
                    "url": "https://www.theregister.com/2015/02/28/uber_subpoenas_github_for_hacker_details/",
                    "description": "McCarthy, K. (2015, February 28). FORK ME! Uber hauls GitHub into court to find who hacked database of 50,000 drivers. Retrieved October 19, 2020."
                },
                {
                    "source_name": "Detectify Slack Tokens",
                    "url": "https://labs.detectify.com/2016/04/28/slack-bot-token-leakage-exposing-business-critical-information/",
                    "description": "Detectify. (2016, April 28). Slack bot token leakage exposing business critical information. Retrieved October 19, 2020."
                },
                {
                    "source_name": "Forbes GitHub Creds",
                    "url": "https://www.forbes.com/sites/runasandvik/2014/01/14/attackers-scrape-github-for-cloud-service-credentials-hijack-account-to-mine-virtual-currency/#242c479d3196",
                    "description": "Sandvik, R. (2014, January 14). Attackers Scrape GitHub For Cloud Service Credentials, Hijack Account To Mine Virtual Currency. Retrieved October 19, 2020."
                },
                {
                    "source_name": "GitHub truffleHog",
                    "url": "https://github.com/dxa4481/truffleHog",
                    "description": "Dylan Ayrey. (2016, December 31). truffleHog. Retrieved October 19, 2020."
                },
                {
                    "source_name": "GitHub Gitrob",
                    "url": "https://github.com/michenriksen/gitrob",
                    "description": "Michael Henriksen. (2018, June 9). Gitrob: Putting the Open Source in OSINT. Retrieved October 19, 2020."
                },
                {
                    "source_name": "CNET Leaks",
                    "url": "https://www.cnet.com/news/massive-breach-leaks-773-million-emails-21-million-passwords/",
                    "description": "Ng, A. (2019, January 17). Massive breach leaks 773 million email addresses, 21 million passwords. Retrieved October 20, 2020."
                }
            ],
            "object_marking_refs": [
                "marking-definition--fa42a846-8d90-4e51-bc29-71d5b4802168"
            ],
            "created_by_ref": "identity--c78cb6e5-0c4b-4611-8297-d1b8b55e40b5",
            "name": "Credentials",
            "description": "Before compromising a victim, adversaries may gather credentials that can be used during targeting. Account credentials gathered by adversaries may be those directly associated with the target victim organization or attempt to take advantage of the tendency for users to use the same passwords across personal and business accounts.\n\nAdversaries may gather credentials from potential victims in various ways, such as direct elicitation via [Phishing for Information](https://attack.mitre.org/techniques/T1598). Adversaries may also compromise sites then include malicious content designed to collect website authentication cookies from visitors.(Citation: ATT ScanBox) Credential information may also be exposed to adversaries via leaks to online or other accessible data sets (ex: [Search Engines](https://attack.mitre.org/techniques/T1593/002), breach dumps, code repositories, etc.).(Citation: Register Deloitte)(Citation: Register Uber)(Citation: Detectify Slack Tokens)(Citation: Forbes GitHub Creds)(Citation: GitHub truffleHog)(Citation: GitHub Gitrob)(Citation: CNET Leaks) Adversaries may also purchase credentials from dark web or other black-markets. Gathering this information may reveal opportunities for other forms of reconnaissance (ex: [Search Open Websites/Domains](https://attack.mitre.org/techniques/T1593) or [Phishing for Information](https://attack.mitre.org/techniques/T1598)), establishing operational resources (ex: [Compromise Accounts](https://attack.mitre.org/techniques/T1586)), and/or initial access (ex: [External Remote Services](https://attack.mitre.org/techniques/T1133) or [Valid Accounts](https://attack.mitre.org/techniques/T1078)).",
            "id": "attack-pattern--bc76d0a4-db11-4551-9ac4-01a469cfb161",
            "type": "attack-pattern",
            "kill_chain_phases": [
                {
                    "kill_chain_name": "mitre-attack",
                    "phase_name": "reconnaissance"
                }
            ],
            "modified": "2020-10-27T02:27:31.090Z",
            "created": "2020-10-02T14:55:43.815Z",
            "x_mitre_contributors": [
                "Vinayak Wadhwa, Lucideus",
                "Lee Christensen, SpecterOps",
                "Toby Kohlenberg"
            ],
            "x_mitre_detection": "Much of this activity may have a very high occurrence and associated false positive rate, as well as potentially taking place outside the visibility of the target organization, making detection difficult for defenders.\n\nDetection efforts may be focused on related stages of the adversary lifecycle, such as during Initial Access.",
            "x_mitre_version": "1.0",
            "x_mitre_is_subtechnique": true,
            "x_mitre_platforms": [
                "PRE"
            ]
        }
    ]
}