{
    "type": "bundle",
    "id": "bundle--627873cf-3795-4192-96db-fe6a6d448902",
    "spec_version": "2.0",
    "objects": [
        {
            "id": "attack-pattern--6a3be63a-64c5-4678-a036-03ff8fc35300",
            "name": "Re-opened Applications",
            "external_references": [
                {
                    "source_name": "mitre-attack",
                    "external_id": "T1164",
                    "url": "https://attack.mitre.org/techniques/T1164"
                },
                {
                    "url": "https://www.virusbulletin.com/uploads/pdf/conference/vb2014/VB2014-Wardle.pdf",
                    "description": "Patrick Wardle. (2014, September). Methods of Malware Persistence on Mac OS X. Retrieved July 5, 2017.",
                    "source_name": "Methods of Mac Malware Persistence"
                }
            ],
            "revoked": true,
            "type": "attack-pattern",
            "modified": "2020-01-24T18:26:18.933Z",
            "created": "2017-12-14T16:46:06.044Z"
        }
    ]
}