{
    "type": "bundle",
    "id": "bundle--dd96227a-f5c8-49b6-8d88-d3cdb01b005e",
    "spec_version": "2.0",
    "objects": [
        {
            "external_references": [
                {
                    "source_name": "mitre-attack",
                    "external_id": "T1163",
                    "url": "https://attack.mitre.org/techniques/T1163"
                },
                {
                    "url": "https://developer.apple.com/library/content/documentation/MacOSX/Conceptual/BPSystemStartup/Chapters/StartupItems.html",
                    "description": "Apple. (2016, September 13). Startup Items. Retrieved July 11, 2017.",
                    "source_name": "Startup Items"
                },
                {
                    "url": "https://www.virusbulletin.com/uploads/pdf/conference/vb2014/VB2014-Wardle.pdf",
                    "description": "Patrick Wardle. (2014, September). Methods of Malware Persistence on Mac OS X. Retrieved July 5, 2017.",
                    "source_name": "Methods of Mac Malware Persistence"
                }
            ],
            "name": "Rc.common",
            "id": "attack-pattern--18d4ab39-12ed-4a16-9fdb-ae311bba4a0f",
            "revoked": true,
            "type": "attack-pattern",
            "modified": "2020-01-15T16:27:32.362Z",
            "created": "2017-12-14T16:46:06.044Z"
        }
    ]
}