{
    "type": "bundle",
    "id": "bundle--c0f7165b-649f-4da4-9f64-636a692eca93",
    "spec_version": "2.0",
    "objects": [
        {
            "id": "attack-pattern--1c338d0f-a65e-4073-a5c1-c06878849f21",
            "name": "Process Hollowing",
            "external_references": [
                {
                    "source_name": "mitre-attack",
                    "external_id": "T1093",
                    "url": "https://attack.mitre.org/techniques/T1093"
                },
                {
                    "url": "http://www.autosectools.com/process-hollowing.pdf",
                    "description": "Leitch, J. (n.d.). Process Hollowing. Retrieved November 12, 2014.",
                    "source_name": "Leitch Hollowing"
                },
                {
                    "url": "https://www.endgame.com/blog/technical-blog/ten-process-injection-techniques-technical-survey-common-and-trending-process",
                    "description": "Hosseini, A. (2017, July 18). Ten Process Injection Techniques: A Technical Survey Of Common And Trending Process Injection Techniques. Retrieved December 7, 2017.",
                    "source_name": "Endgame Process Injection July 2017"
                }
            ],
            "revoked": true,
            "type": "attack-pattern",
            "modified": "2020-01-14T17:24:47.386Z",
            "created": "2017-05-31T21:31:09.815Z"
        }
    ]
}