{
    "type": "bundle",
    "id": "bundle--26b0acf6-c7f3-43b3-b3d3-ad7f8668a71e",
    "spec_version": "2.0",
    "objects": [
        {
            "external_references": [
                {
                    "source_name": "mitre-attack",
                    "external_id": "T1601",
                    "url": "https://attack.mitre.org/techniques/T1601"
                },
                {
                    "source_name": "Cisco IOS Software Integrity Assurance - Image File Verification",
                    "url": "https://tools.cisco.com/security/center/resources/integrity_assurance.html#7",
                    "description": "Cisco. (n.d.). Cisco IOS Software Integrity Assurance - Cisco IOS Image File Verification. Retrieved October 19, 2020."
                },
                {
                    "source_name": "Cisco IOS Software Integrity Assurance - Run-Time Memory Verification",
                    "url": "https://tools.cisco.com/security/center/resources/integrity_assurance.html#13",
                    "description": "Cisco. (n.d.). Cisco IOS Software Integrity Assurance - Cisco IOS Run-Time Memory Integrity Verification. Retrieved October 19, 2020."
                }
            ],
            "object_marking_refs": [
                "marking-definition--fa42a846-8d90-4e51-bc29-71d5b4802168"
            ],
            "created_by_ref": "identity--c78cb6e5-0c4b-4611-8297-d1b8b55e40b5",
            "name": "Modify System Image",
            "description": "Adversaries may make changes to the operating system of embedded network devices to weaken defenses and provide new capabilities for themselves.  On such devices, the operating systems are typically monolithic and most of the device functionality and capabilities are contained within a single file.\n\nTo change the operating system, the adversary typically only needs to affect this one file, replacing or modifying it.  This can either be done live in memory during system runtime for immediate effect, or in storage to implement the change on the next boot of the network device.",
            "id": "attack-pattern--ae7f3575-0a5e-427e-991b-fe03ad44c754",
            "type": "attack-pattern",
            "kill_chain_phases": [
                {
                    "kill_chain_name": "mitre-attack",
                    "phase_name": "defense-evasion"
                }
            ],
            "modified": "2020-10-22T17:50:47.635Z",
            "created": "2020-10-19T19:42:19.740Z",
            "x_mitre_version": "1.0",
            "x_mitre_is_subtechnique": false,
            "x_mitre_permissions_required": [
                "Administrator"
            ],
            "x_mitre_detection": "Most embedded network devices provide a command to print the version of the currently running operating system.  Use this command to query the operating system for its version number and compare it to what is expected for the device in question.  Because this method may be used in conjunction with [Patch System Image](https://attack.mitre.org/techniques/T1601/001), it may be appropriate to also verify the integrity of the vendor provided operating system image file. \n\nCompare the checksum of the operating system file with the checksum of a known good copy from a trusted source.  Some embedded network device platforms may have the capability to calculate the checksum of the file, while others may not.  Even for those platforms that have the capability, it is recommended to download a copy of the file to a trusted computer to calculate the checksum with software that is not compromised.  (Citation: Cisco IOS Software Integrity Assurance - Image File Verification)\n\nMany vendors of embedded network devices can provide advanced debugging support that will allow them to work with device owners to validate the integrity of the operating system running in memory.  If a compromise of the operating system is suspected, contact the vendor technical support and seek such services for a more thorough inspection of the current running system.  (Citation: Cisco IOS Software Integrity Assurance - Run-Time Memory Verification)",
            "x_mitre_data_sources": [
                "Network device run-time memory",
                "Network device configuration",
                "File monitoring"
            ],
            "x_mitre_platforms": [
                "Network"
            ]
        }
    ]
}