{
    "type": "bundle",
    "id": "bundle--f89fd2cf-bf14-40cf-9207-6128528beb74",
    "spec_version": "2.0",
    "objects": [
        {
            "external_references": [
                {
                    "source_name": "mitre-attack",
                    "external_id": "T1134.005",
                    "url": "https://attack.mitre.org/techniques/T1134/005"
                },
                {
                    "url": "https://msdn.microsoft.com/library/windows/desktop/aa379571.aspx",
                    "description": "Microsoft. (n.d.). Security Identifiers. Retrieved November 30, 2017.",
                    "source_name": "Microsoft SID"
                },
                {
                    "url": "https://msdn.microsoft.com/library/ms679833.aspx",
                    "description": "Microsoft. (n.d.). Active Directory Schema - SID-History attribute. Retrieved November 30, 2017.",
                    "source_name": "Microsoft SID-History Attribute"
                },
                {
                    "url": "https://support.microsoft.com/help/243330/well-known-security-identifiers-in-windows-operating-systems",
                    "description": "Microsoft. (2017, June 23). Well-known security identifiers in Windows operating systems. Retrieved November 30, 2017.",
                    "source_name": "Microsoft Well Known SIDs Jun 2017"
                },
                {
                    "url": "https://technet.microsoft.com/library/ee617241.aspx",
                    "description": "Microsoft. (n.d.). Active Directory Cmdlets - Get-ADUser. Retrieved November 30, 2017.",
                    "source_name": "Microsoft Get-ADUser"
                },
                {
                    "url": "https://adsecurity.org/?p=1772",
                    "description": "Metcalf, S. (2015, September 19). Sneaky Active Directory Persistence #14: SID History. Retrieved November 30, 2017.",
                    "source_name": "AdSecurity SID History Sept 2015"
                },
                {
                    "url": "https://msdn.microsoft.com/library/ms677982.aspx",
                    "description": "Microsoft. (n.d.). Using DsAddSidHistory. Retrieved November 30, 2017.",
                    "source_name": "Microsoft DsAddSidHistory"
                }
            ],
            "object_marking_refs": [
                "marking-definition--fa42a846-8d90-4e51-bc29-71d5b4802168"
            ],
            "created_by_ref": "identity--c78cb6e5-0c4b-4611-8297-d1b8b55e40b5",
            "name": "SID-History Injection",
            "description": "Adversaries may use SID-History Injection to escalate privileges and bypass access controls. The Windows security identifier (SID) is a unique value that identifies a user or group account. SIDs are used by Windows security in both security descriptors and access tokens. (Citation: Microsoft SID) An account can hold additional SIDs in the SID-History Active Directory attribute (Citation: Microsoft SID-History Attribute), allowing inter-operable account migration between domains (e.g., all values in SID-History are included in access tokens).\n\nWith Domain Administrator (or equivalent) rights, harvested or well-known SID values (Citation: Microsoft Well Known SIDs Jun 2017) may be inserted into SID-History to enable impersonation of arbitrary users/groups such as Enterprise Administrators. This manipulation may result in elevated access to local resources and/or access to otherwise inaccessible domains via lateral movement techniques such as [Remote Services](https://attack.mitre.org/techniques/T1021), [Windows Admin Shares](https://attack.mitre.org/techniques/T1077), or [Windows Remote Management](https://attack.mitre.org/techniques/T1028).",
            "id": "attack-pattern--b7dc639b-24cd-482d-a7f1-8897eda21023",
            "type": "attack-pattern",
            "kill_chain_phases": [
                {
                    "kill_chain_name": "mitre-attack",
                    "phase_name": "defense-evasion"
                },
                {
                    "kill_chain_name": "mitre-attack",
                    "phase_name": "privilege-escalation"
                }
            ],
            "modified": "2020-03-26T21:49:31.964Z",
            "created": "2020-02-18T18:34:49.414Z",
            "x_mitre_contributors": [
                "Alain Homewood, Insomnia Security",
                "Vincent Le Toux"
            ],
            "x_mitre_version": "1.0",
            "x_mitre_is_subtechnique": true,
            "x_mitre_permissions_required": [
                "Administrator",
                "SYSTEM"
            ],
            "x_mitre_detection": "Examine data in user\u2019s SID-History attributes using the PowerShell <code>Get-ADUser</code> cmdlet (Citation: Microsoft Get-ADUser), especially users who have SID-History values from the same domain. (Citation: AdSecurity SID History Sept 2015) Also monitor account management events on Domain Controllers for successful and failed changes to SID-History. (Citation: AdSecurity SID History Sept 2015) (Citation: Microsoft DsAddSidHistory)\n\nMonitor for Windows API calls to the <code>DsAddSidHistory</code> function. (Citation: Microsoft DsAddSidHistory)",
            "x_mitre_data_sources": [
                "Windows event logs",
                "Authentication logs",
                "API monitoring"
            ],
            "x_mitre_platforms": [
                "Windows"
            ]
        }
    ]
}