{
    "type": "bundle",
    "id": "bundle--7da5084e-bfbe-43d0-9fd8-617b0e2cd18c",
    "spec_version": "2.0",
    "objects": [
        {
            "external_references": [
                {
                    "source_name": "mitre-attack",
                    "external_id": "T1050",
                    "url": "https://attack.mitre.org/techniques/T1050"
                },
                {
                    "external_id": "CAPEC-550",
                    "source_name": "capec",
                    "url": "https://capec.mitre.org/data/definitions/550.html"
                },
                {
                    "url": "https://technet.microsoft.com/en-us/library/cc772408.aspx",
                    "description": "Microsoft. (n.d.). Services. Retrieved June 7, 2016.",
                    "source_name": "TechNet Services"
                },
                {
                    "url": "https://docs.microsoft.com/windows/security/threat-protection/auditing/event-4697",
                    "description": "Miroshnikov, A. & Hall, J. (2017, April 18). 4697(S): A service was installed in the system. Retrieved August 7, 2018.",
                    "source_name": "Microsoft 4697 APR 2017"
                },
                {
                    "url": "https://docs.microsoft.com/windows/security/threat-protection/use-windows-event-forwarding-to-assist-in-intrusion-detection",
                    "description": "Hardy, T. & Hall, J. (2018, February 15). Use Windows Event Forwarding to help with intrusion detection. Retrieved August 7, 2018.",
                    "source_name": "Microsoft Windows Event Forwarding FEB 2018"
                },
                {
                    "url": "https://technet.microsoft.com/en-us/sysinternals/bb963902",
                    "description": "Russinovich, M. (2016, January 4). Autoruns for Windows v13.51. Retrieved June 6, 2016.",
                    "source_name": "TechNet Autoruns"
                }
            ],
            "name": "New Service",
            "id": "attack-pattern--478aa214-2ca7-4ec0-9978-18798e514790",
            "revoked": true,
            "type": "attack-pattern",
            "modified": "2020-03-17T16:21:36.413Z",
            "created": "2017-05-31T21:30:45.613Z"
        }
    ]
}