{
    "type": "bundle",
    "id": "bundle--e9bcde8d-edf8-4736-861c-cd484df58c23",
    "spec_version": "2.0",
    "objects": [
        {
            "external_references": [
                {
                    "source_name": "mitre-attack",
                    "external_id": "T1052.001",
                    "url": "https://attack.mitre.org/techniques/T1052/001"
                }
            ],
            "object_marking_refs": [
                "marking-definition--fa42a846-8d90-4e51-bc29-71d5b4802168"
            ],
            "created_by_ref": "identity--c78cb6e5-0c4b-4611-8297-d1b8b55e40b5",
            "name": "Exfiltration over USB",
            "description": "Adversaries may attempt to exfiltrate data over a USB connected physical device. In certain circumstances, such as an air-gapped network compromise, exfiltration could occur via a USB device introduced by a user. The USB device could be used as the final exfiltration point or to hop between otherwise disconnected systems.",
            "id": "attack-pattern--a3e1e6c5-9c74-4fc0-a16c-a9d228c17829",
            "type": "attack-pattern",
            "kill_chain_phases": [
                {
                    "kill_chain_name": "mitre-attack",
                    "phase_name": "exfiltration"
                }
            ],
            "modified": "2020-03-28T00:31:02.204Z",
            "created": "2020-03-11T13:50:11.467Z",
            "x_mitre_version": "1.0",
            "x_mitre_is_subtechnique": true,
            "x_mitre_system_requirements": [
                "Presence of physical medium or device"
            ],
            "x_mitre_detection": "Monitor file access on removable media. Detect processes that execute when removable media are mounted.",
            "x_mitre_data_sources": [
                "Process monitoring",
                "Data loss prevention",
                "File monitoring"
            ],
            "x_mitre_platforms": [
                "Linux",
                "macOS",
                "Windows"
            ]
        }
    ]
}