{
    "type": "bundle",
    "id": "bundle--0105da99-8d7e-42a2-8848-10c307804290",
    "spec_version": "2.0",
    "objects": [
        {
            "created": "2020-02-11T18:29:47.757Z",
            "modified": "2020-03-25T12:25:03.014Z",
            "kill_chain_phases": [
                {
                    "kill_chain_name": "mitre-attack",
                    "phase_name": "lateral-movement"
                }
            ],
            "type": "attack-pattern",
            "id": "attack-pattern--60d0c01d-e2bf-49dd-a453-f8a9c9fa6f65",
            "description": "Adversaries may use [Valid Accounts](https://attack.mitre.org/techniques/T1078) to interact with remote systems using Windows Remote Management (WinRM). The adversary may then perform actions as the logged-on user.\n\nWinRM is the name of both a Windows service and a protocol that allows a user to interact with a remote system (e.g., run an executable, modify the Registry, modify services).(Citation: Microsoft WinRM) It may be called with the `winrm` command or by any number of programs such as PowerShell.(Citation: Jacobsen 2014)",
            "name": "Windows Remote Management",
            "created_by_ref": "identity--c78cb6e5-0c4b-4611-8297-d1b8b55e40b5",
            "object_marking_refs": [
                "marking-definition--fa42a846-8d90-4e51-bc29-71d5b4802168"
            ],
            "external_references": [
                {
                    "source_name": "mitre-attack",
                    "external_id": "T1021.006",
                    "url": "https://attack.mitre.org/techniques/T1021/006"
                },
                {
                    "url": "http://msdn.microsoft.com/en-us/library/aa384426",
                    "description": "Microsoft. (n.d.). Windows Remote Management. Retrieved November 12, 2014.",
                    "source_name": "Microsoft WinRM"
                },
                {
                    "url": "https://www.slideshare.net/kieranjacobsen/lateral-movement-with-power-shell-2",
                    "description": "Jacobsen, K. (2014, May 16). Lateral Movement with PowerShell&#91;slides&#93;. Retrieved November 12, 2014.",
                    "source_name": "Jacobsen 2014"
                },
                {
                    "source_name": "Medium Detecting Lateral Movement",
                    "url": "https://medium.com/threatpunter/detecting-lateral-movement-using-sysmon-and-splunk-318d3be141bc",
                    "description": "French, D. (2018, September 30). Detecting Lateral Movement Using Sysmon and Splunk. Retrieved October 11, 2019."
                }
            ],
            "x_mitre_platforms": [
                "Windows"
            ],
            "x_mitre_is_subtechnique": true,
            "x_mitre_version": "1.0",
            "x_mitre_detection": "Monitor use of WinRM within an environment by tracking service execution. If it is not normally used or is disabled, then this may be an indicator of suspicious behavior. Monitor processes created and actions taken by the WinRM process or a WinRM invoked script to correlate it with other related events.(Citation: Medium Detecting Lateral Movement)",
            "x_mitre_permissions_required": [
                "User",
                "Administrator"
            ],
            "x_mitre_data_sources": [
                "Process command-line parameters",
                "Process monitoring",
                "Netflow/Enclave netflow",
                "Authentication logs",
                "File monitoring"
            ]
        }
    ]
}