{
    "type": "bundle",
    "id": "bundle--fba235ad-8ea6-4b89-b3bd-a4833f20735f",
    "spec_version": "2.0",
    "objects": [
        {
            "external_references": [
                {
                    "source_name": "mitre-attack",
                    "external_id": "T1162",
                    "url": "https://attack.mitre.org/techniques/T1162"
                },
                {
                    "external_id": "CAPEC-564",
                    "source_name": "capec",
                    "url": "https://capec.mitre.org/data/definitions/564.html"
                },
                {
                    "url": "https://developer.apple.com/library/content/documentation/MacOSX/Conceptual/BPSystemStartup/Chapters/CreatingLoginItems.html",
                    "description": "Apple. (2016, September 13). Adding Login Items. Retrieved July 11, 2017.",
                    "source_name": "Adding Login Items"
                },
                {
                    "url": "https://www.virusbulletin.com/uploads/pdf/conference/vb2014/VB2014-Wardle.pdf",
                    "description": "Patrick Wardle. (2014, September). Methods of Malware Persistence on Mac OS X. Retrieved July 5, 2017.",
                    "source_name": "Methods of Mac Malware Persistence"
                },
                {
                    "url": "https://www.rsaconference.com/writable/presentations/file_upload/ht-r03-malware-persistence-on-os-x-yosemite_final.pdf",
                    "description": "Patrick Wardle. (2015). Malware Persistence on OS X Yosemite. Retrieved July 10, 2017.",
                    "source_name": "Malware Persistence on OS X"
                },
                {
                    "url": "https://blog.malwarebytes.com/threat-analysis/2017/04/new-osx-dok-malware-intercepts-web-traffic/",
                    "description": "Thomas Reed. (2017, July 7). New OSX.Dok malware intercepts web traffic. Retrieved July 10, 2017.",
                    "source_name": "OSX.Dok Malware"
                }
            ],
            "name": "Login Item",
            "id": "attack-pattern--36675cd3-fe00-454c-8516-aebecacbe9d9",
            "revoked": true,
            "type": "attack-pattern",
            "modified": "2020-03-19T19:17:58.513Z",
            "created": "2017-12-14T16:46:06.044Z"
        }
    ]
}