{
    "type": "bundle",
    "id": "bundle--57a0df98-3376-4a75-8ef7-b8fd7f5d1717",
    "spec_version": "2.0",
    "objects": [
        {
            "external_references": [
                {
                    "source_name": "mitre-attack",
                    "external_id": "T1031",
                    "url": "https://attack.mitre.org/techniques/T1031"
                },
                {
                    "external_id": "CAPEC-551",
                    "source_name": "capec",
                    "url": "https://capec.mitre.org/data/definitions/551.html"
                },
                {
                    "url": "https://twitter.com/r0wdy_/status/936365549553991680",
                    "description": "The Cyber (@r0wdy_). (2017, November 30). Service Recovery Parameters. Retrieved April 9, 2018.",
                    "source_name": "Twitter Service Recovery Nov 2017"
                },
                {
                    "url": "https://docs.microsoft.com/previous-versions/windows/it-pro/windows-server-2008-R2-and-2008/cc753662(v=ws.11)",
                    "description": "Microsoft. (2013, February 22). Set up Recovery Actions to Take Place When a Service Fails. Retrieved April 9, 2018.",
                    "source_name": "Microsoft Service Recovery Feb 2013"
                },
                {
                    "url": "https://technet.microsoft.com/en-us/sysinternals/bb963902",
                    "description": "Russinovich, M. (2016, January 4). Autoruns for Windows v13.51. Retrieved June 6, 2016.",
                    "source_name": "TechNet Autoruns"
                }
            ],
            "name": "Modify Existing Service",
            "id": "attack-pattern--62dfd1ca-52d5-483c-a84b-d6e80bf94b7b",
            "revoked": true,
            "type": "attack-pattern",
            "modified": "2020-03-16T16:05:53.825Z",
            "created": "2017-05-31T21:30:34.928Z"
        }
    ]
}