{
    "type": "bundle",
    "id": "bundle--edcfaf27-4e45-4810-9909-39ac296046df",
    "spec_version": "2.0",
    "objects": [
        {
            "external_references": [
                {
                    "source_name": "mitre-attack",
                    "external_id": "T1573.001",
                    "url": "https://attack.mitre.org/techniques/T1573/001"
                },
                {
                    "url": "https://arxiv.org/ftp/arxiv/papers/1408/1408.1136.pdf",
                    "description": "Gardiner, J.,  Cova, M., Nagaraja, S. (2014, February). Command & Control Understanding, Denying and Detecting. Retrieved April 20, 2016.",
                    "source_name": "University of Birmingham C2"
                }
            ],
            "object_marking_refs": [
                "marking-definition--fa42a846-8d90-4e51-bc29-71d5b4802168"
            ],
            "created_by_ref": "identity--c78cb6e5-0c4b-4611-8297-d1b8b55e40b5",
            "name": "Symmetric Cryptography",
            "description": "Adversaries may employ a known symmetric encryption algorithm to conceal command and control traffic rather than relying on any inherent protections provided by a communication protocol. Symmetric encryption algorithms use the same key for plaintext encryption and ciphertext decryption. Common symmetric encryption algorithms include AES, DES, 3DES, Blowfish, and RC4.",
            "id": "attack-pattern--24bfaeba-cb0d-4525-b3dc-507c77ecec41",
            "type": "attack-pattern",
            "kill_chain_phases": [
                {
                    "kill_chain_name": "mitre-attack",
                    "phase_name": "command-and-control"
                }
            ],
            "modified": "2020-03-26T21:25:37.306Z",
            "created": "2020-03-16T15:45:17.032Z",
            "x_mitre_version": "1.0",
            "x_mitre_is_subtechnique": true,
            "x_mitre_detection": "With symmetric encryption, it may be possible to obtain the algorithm and key from samples and use them to decode network traffic to detect malware communications signatures.\n\nIn general, analyze network data for uncommon data flows (e.g., a client sending significantly more data than it receives from a server). Processes utilizing the network that do not normally have network communication or have never been seen before are suspicious. Analyze packet contents to detect communications that do not follow the expected protocol behavior for the port that is being used.(Citation: University of Birmingham C2)",
            "x_mitre_data_sources": [
                "SSL/TLS inspection",
                "Process monitoring",
                "Process use of network",
                "Malware reverse engineering",
                "Netflow/Enclave netflow",
                "Packet capture"
            ],
            "x_mitre_platforms": [
                "Linux",
                "Windows",
                "macOS"
            ]
        }
    ]
}