{
    "type": "bundle",
    "id": "bundle--a6f0c466-fb84-44ae-9d28-b40388b7e04e",
    "spec_version": "2.0",
    "objects": [
        {
            "external_references": [
                {
                    "source_name": "mitre-attack",
                    "external_id": "T1574.005",
                    "url": "https://attack.mitre.org/techniques/T1574/005"
                },
                {
                    "source_name": "mozilla_sec_adv_2012",
                    "url": "https://www.mozilla.org/en-US/security/advisories/mfsa2012-98/",
                    "description": "Robert Kugler. (2012, November 20). Mozilla Foundation Security Advisory 2012-98. Retrieved March 10, 2017."
                },
                {
                    "source_name": "Executable Installers are Vulnerable",
                    "url": "https://seclists.org/fulldisclosure/2015/Dec/34",
                    "description": "Stefan Kanthak. (2015, December 8). Executable installers are vulnerable^WEVIL (case 7): 7z*.exe allows remote code execution with escalation of privilege. Retrieved December 4, 2014."
                }
            ],
            "object_marking_refs": [
                "marking-definition--fa42a846-8d90-4e51-bc29-71d5b4802168"
            ],
            "created_by_ref": "identity--c78cb6e5-0c4b-4611-8297-d1b8b55e40b5",
            "name": "Executable Installer File Permissions Weakness",
            "description": "Adversaries may execute their own malicious payloads by hijacking the binaries used by an installer. These processes may automatically execute specific binaries as part of their functionality or to perform other actions. If the permissions on the file system directory containing a target binary, or permissions on the binary itself, are improperly set, then the target binary may be overwritten with another binary using user-level permissions and executed by the original process. If the original process and thread are running under a higher permissions level, then the replaced binary will also execute under higher-level permissions, which could include SYSTEM.\n\nAnother variation of this technique can be performed by taking advantage of a weakness that is common in executable, self-extracting installers. During the installation process, it is common for installers to use a subdirectory within the <code>%TEMP%</code> directory to unpack binaries such as DLLs, EXEs, or other payloads. When installers create subdirectories and files they often do not set appropriate permissions to restrict write access, which allows for execution of untrusted code placed in the subdirectories or overwriting of binaries used in the installation process. This behavior is related to and may take advantage of [DLL Search Order Hijacking](https://attack.mitre.org/techniques/T1574/001).\n\nAdversaries may use this technique to replace legitimate binaries with malicious ones as a means of executing code at a higher permissions level. Some installers may also require elevated privileges that will result in privilege escalation when executing adversary controlled code. This behavior is related to [Bypass User Account Control](https://attack.mitre.org/techniques/T1548/002). Several examples of this weakness in existing common installers have been reported to software vendors.(Citation: mozilla_sec_adv_2012)  (Citation: Executable Installers are Vulnerable) If the executing process is set to run at a specific time or during a certain event (e.g., system bootup) then this technique can also be used for persistence.",
            "id": "attack-pattern--70d81154-b187-45f9-8ec5-295d01255979",
            "type": "attack-pattern",
            "kill_chain_phases": [
                {
                    "kill_chain_name": "mitre-attack",
                    "phase_name": "persistence"
                },
                {
                    "kill_chain_name": "mitre-attack",
                    "phase_name": "privilege-escalation"
                },
                {
                    "kill_chain_name": "mitre-attack",
                    "phase_name": "defense-evasion"
                }
            ],
            "modified": "2020-03-26T19:20:23.030Z",
            "created": "2020-03-13T11:12:18.558Z",
            "x_mitre_version": "1.0",
            "x_mitre_is_subtechnique": true,
            "x_mitre_permissions_required": [
                "Administrator",
                "User"
            ],
            "x_mitre_effective_permissions": [
                "Administrator",
                "User",
                "SYSTEM"
            ],
            "x_mitre_detection": "Look for changes to binaries and service executables that may normally occur during software updates. If an executable is written, renamed, and/or moved to match an existing service executable, it could be detected and correlated with other suspicious behavior. Hashing of binaries and service executables could be used to detect replacement against historical data.\n\nLook for abnormal process call trees from typical processes and services and for execution of other commands that could relate to Discovery or other adversary techniques.",
            "x_mitre_data_sources": [
                "Process command-line parameters",
                "File monitoring"
            ],
            "x_mitre_contributors": [
                "Travis Smith, Tripwire",
                "Stefan Kanthak"
            ],
            "x_mitre_platforms": [
                "Windows"
            ]
        }
    ]
}