{
    "type": "bundle",
    "id": "bundle--8121f24e-0e53-44db-9074-e64e51acdb8e",
    "spec_version": "2.0",
    "objects": [
        {
            "id": "attack-pattern--7c93aa74-4bc0-4a9e-90ea-f25f86301566",
            "name": "Application Shimming",
            "external_references": [
                {
                    "source_name": "mitre-attack",
                    "external_id": "T1138",
                    "url": "https://attack.mitre.org/techniques/T1138"
                },
                {
                    "url": "https://www.endgame.com/blog/technical-blog/ten-process-injection-techniques-technical-survey-common-and-trending-process",
                    "description": "Hosseini, A. (2017, July 18). Ten Process Injection Techniques: A Technical Survey Of Common And Trending Process Injection Techniques. Retrieved December 7, 2017.",
                    "source_name": "Endgame Process Injection July 2017"
                },
                {
                    "url": "https://www.blackhat.com/docs/eu-15/materials/eu-15-Pierce-Defending-Against-Malicious-Application-Compatibility-Shims-wp.pdf",
                    "description": "Pierce, Sean. (2015, November). Defending Against Malicious Application Compatibility Shims. Retrieved June 22, 2017.",
                    "source_name": "Black Hat 2015 App Shim"
                }
            ],
            "revoked": true,
            "type": "attack-pattern",
            "modified": "2020-01-24T15:00:47.185Z",
            "created": "2017-12-14T16:46:06.044Z"
        }
    ]
}