{
    "type": "bundle",
    "id": "bundle--d65aa246-3272-4253-8252-6b6e50906c49",
    "spec_version": "2.0",
    "objects": [
        {
            "revoked": true,
            "id": "attack-pattern--00d0b012-8a03-410e-95de-5826bf542de6",
            "name": "Indicator Removal from Tools",
            "external_references": [
                {
                    "source_name": "mitre-attack",
                    "url": "https://attack.mitre.org/techniques/T1066",
                    "external_id": "T1066"
                }
            ],
            "type": "attack-pattern",
            "modified": "2020-03-20T15:22:53.835Z",
            "created": "2017-05-31T21:30:54.176Z"
        }
    ]
}