{
    "type": "bundle",
    "id": "bundle--d2ed9b64-7cb0-469d-add9-a4c3590a1b47",
    "spec_version": "2.0",
    "objects": [
        {
            "external_references": [
                {
                    "url": "https://attack.mitre.org/techniques/T1038",
                    "external_id": "T1038",
                    "source_name": "mitre-attack"
                },
                {
                    "url": "https://capec.mitre.org/data/definitions/471.html",
                    "source_name": "capec",
                    "external_id": "CAPEC-471"
                },
                {
                    "source_name": "Microsoft DLL Search",
                    "description": "Microsoft. (n.d.). Dynamic-Link Library Search Order. Retrieved November 30, 2014.",
                    "url": "http://msdn.microsoft.com/en-US/library/ms682586"
                },
                {
                    "source_name": "OWASP Binary Planting",
                    "description": "OWASP. (2013, January 30). Binary planting. Retrieved June 7, 2016.",
                    "url": "https://www.owasp.org/index.php/Binary_planting"
                },
                {
                    "source_name": "Microsoft 2269637",
                    "description": "Microsoft. (2010, August 22). Microsoft Security Advisory 2269637 Released. Retrieved December 5, 2014.",
                    "url": "https://msrc-blog.microsoft.com/2010/08/21/microsoft-security-advisory-2269637-released/"
                },
                {
                    "source_name": "Microsoft DLL Redirection",
                    "description": "Microsoft. (n.d.). Dynamic-Link Library Redirection. Retrieved December 5, 2014.",
                    "url": "http://msdn.microsoft.com/en-US/library/ms682600"
                },
                {
                    "source_name": "Microsoft Manifests",
                    "description": "Microsoft. (n.d.). Manifests. Retrieved December 5, 2014.",
                    "url": "https://msdn.microsoft.com/en-US/library/aa375365"
                },
                {
                    "source_name": "Mandiant Search Order",
                    "description": "Mandiant. (2010, August 31). DLL Search Order Hijacking Revisited. Retrieved December 5, 2014.",
                    "url": "https://www.mandiant.com/blog/dll-search-order-hijacking-revisited/"
                }
            ],
            "name": "DLL Search Order Hijacking",
            "id": "attack-pattern--46944654-fcc1-4f63-9dad-628102376586",
            "revoked": true,
            "type": "attack-pattern",
            "modified": "2020-03-26T14:49:47.091Z",
            "created": "2017-05-31T21:30:40.604Z"
        }
    ]
}