{
    "type": "bundle",
    "id": "bundle--673b1868-140e-475a-a2a1-6e07c1ee3ef9",
    "spec_version": "2.0",
    "objects": [
        {
            "id": "attack-pattern--b97f1d35-4249-4486-a6b5-ee60ccf24fab",
            "name": "Regsvr32",
            "description": "Adversaries may abuse Regsvr32.exe to proxy execution of malicious code. Regsvr32.exe is a command-line program used to register and unregister object linking and embedding controls, including dynamic link libraries (DLLs), on Windows systems. Regsvr32.exe is also a Microsoft signed binary. (Citation: Microsoft Regsvr32)\n\nMalicious usage of Regsvr32.exe may avoid triggering security tools that may not monitor execution of, and modules loaded by, the regsvr32.exe process because of allowlists or false positives from Windows using regsvr32.exe for normal operations. Regsvr32.exe can also be used to specifically bypass application control using functionality to load COM scriptlets to execute DLLs under user permissions. Since Regsvr32.exe is network and proxy aware, the scripts can be loaded by passing a uniform resource locator (URL) to file on an external Web server as an argument during invocation. This method makes no changes to the Registry as the COM object is not actually registered, only executed. (Citation: LOLBAS Regsvr32) This variation of the technique is often referred to as a \"Squiblydoo\" attack and has been used in campaigns targeting governments. (Citation: Carbon Black Squiblydoo Apr 2016) (Citation: FireEye Regsvr32 Targeting Mongolian Gov)\n\nRegsvr32.exe can also be leveraged to register a COM Object used to establish persistence via [Component Object Model Hijacking](https://attack.mitre.org/techniques/T1546/015). (Citation: Carbon Black Squiblydoo Apr 2016)",
            "created_by_ref": "identity--c78cb6e5-0c4b-4611-8297-d1b8b55e40b5",
            "object_marking_refs": [
                "marking-definition--fa42a846-8d90-4e51-bc29-71d5b4802168"
            ],
            "external_references": [
                {
                    "source_name": "mitre-attack",
                    "external_id": "T1218.010",
                    "url": "https://attack.mitre.org/techniques/T1218/010"
                },
                {
                    "source_name": "Microsoft Regsvr32",
                    "description": "Microsoft. (2015, August 14). How to use the Regsvr32 tool and troubleshoot Regsvr32 error messages. Retrieved June 22, 2016.",
                    "url": "https://support.microsoft.com/en-us/kb/249873"
                },
                {
                    "source_name": "LOLBAS Regsvr32",
                    "url": "https://lolbas-project.github.io/lolbas/Binaries/Regsvr32/",
                    "description": "LOLBAS. (n.d.). Regsvr32.exe. Retrieved July 31, 2019."
                },
                {
                    "source_name": "Carbon Black Squiblydoo Apr 2016",
                    "description": "Nolen, R. et al.. (2016, April 28). Threat Advisory: \u201cSquiblydoo\u201d Continues Trend of Attackers Using Native OS Tools to \u201cLive off the Land\u201d. Retrieved April 9, 2018.",
                    "url": "https://www.carbonblack.com/2016/04/28/threat-advisory-squiblydoo-continues-trend-of-attackers-using-native-os-tools-to-live-off-the-land/"
                },
                {
                    "source_name": "FireEye Regsvr32 Targeting Mongolian Gov",
                    "description": "Anubhav, A., Kizhakkinan, D. (2017, February 22). Spear Phishing Techniques Used in Attacks Targeting the Mongolian Government. Retrieved February 24, 2017.",
                    "url": "https://www.fireeye.com/blog/threat-research/2017/02/spear_phishing_techn.html"
                }
            ],
            "type": "attack-pattern",
            "kill_chain_phases": [
                {
                    "kill_chain_name": "mitre-attack",
                    "phase_name": "defense-evasion"
                }
            ],
            "modified": "2020-06-20T22:37:32.931Z",
            "created": "2020-01-23T19:52:17.414Z",
            "x_mitre_platforms": [
                "Windows"
            ],
            "x_mitre_contributors": [
                "Casey Smith"
            ],
            "x_mitre_data_sources": [
                "Windows Registry",
                "Process command-line parameters",
                "Process monitoring",
                "Loaded DLLs"
            ],
            "x_mitre_detection": "Use process monitoring to monitor the execution and arguments of regsvr32.exe. Compare recent invocations of regsvr32.exe with prior history of known good arguments and loaded files to determine anomalous and potentially adversarial activity. Command arguments used before and after the regsvr32.exe invocation may also be useful in determining the origin and purpose of the script or DLL being loaded. (Citation: Carbon Black Squiblydoo Apr 2016)",
            "x_mitre_permissions_required": [
                "Administrator",
                "User"
            ],
            "x_mitre_defense_bypassed": [
                "Digital Certificate Validation",
                "Anti-virus",
                "Application control"
            ],
            "x_mitre_is_subtechnique": true,
            "x_mitre_version": "1.0"
        }
    ]
}