{
    "type": "bundle",
    "id": "bundle--170b6e5f-c3ec-49bc-8b56-ca6c394fd741",
    "spec_version": "2.0",
    "objects": [
        {
            "id": "attack-pattern--62b8c999-dcc0-4755-bd69-09442d9359f5",
            "name": "Rundll32",
            "external_references": [
                {
                    "source_name": "mitre-attack",
                    "external_id": "T1085",
                    "url": "https://attack.mitre.org/techniques/T1085"
                },
                {
                    "source_name": "Trend Micro CPL",
                    "description": "Merces, F. (2014). CPL Malware Malicious Control Panel Items. Retrieved November 1, 2017.",
                    "url": "https://www.trendmicro.de/cloud-content/us/pdfs/security-intelligence/white-papers/wp-cpl-malware.pdf"
                },
                {
                    "source_name": "This is Security Command Line Confusion",
                    "description": "B. Ancel. (2014, August 20). Poweliks \u2013 Command Line Confusion. Retrieved March 5, 2018.",
                    "url": "https://thisissecurity.stormshield.com/2014/08/20/poweliks-command-line-confusion/"
                }
            ],
            "revoked": true,
            "type": "attack-pattern",
            "modified": "2020-01-31T19:01:41.919Z",
            "created": "2017-05-31T21:31:06.045Z"
        }
    ]
}