{
    "type": "bundle",
    "id": "bundle--d4634c26-825d-43f7-9575-48502bbb82e7",
    "spec_version": "2.0",
    "objects": [
        {
            "external_references": [
                {
                    "source_name": "mitre-attack",
                    "external_id": "T1505.002",
                    "url": "https://attack.mitre.org/techniques/T1505/002"
                },
                {
                    "source_name": "Microsoft TransportAgent Jun 2016",
                    "url": "https://docs.microsoft.com/en-us/exchange/transport-agents-exchange-2013-help",
                    "description": "Microsoft. (2016, June 1). Transport agents. Retrieved June 24, 2019."
                },
                {
                    "source_name": "ESET LightNeuron May 2019",
                    "url": "https://www.welivesecurity.com/wp-content/uploads/2019/05/ESET-LightNeuron.pdf",
                    "description": "Faou, M. (2019, May). Turla LightNeuron: One email away from remote code execution. Retrieved June 24, 2019."
                }
            ],
            "object_marking_refs": [
                "marking-definition--fa42a846-8d90-4e51-bc29-71d5b4802168"
            ],
            "created_by_ref": "identity--c78cb6e5-0c4b-4611-8297-d1b8b55e40b5",
            "name": "Transport Agent",
            "description": "Adversaries may abuse Microsoft transport agents to establish persistent access to systems. Microsoft Exchange transport agents can operate on email messages passing through the transport pipeline to perform various tasks such as filtering spam, filtering malicious attachments, journaling, or adding a corporate signature to the end of all outgoing emails.(Citation: Microsoft TransportAgent Jun 2016)(Citation: ESET LightNeuron May 2019) Transport agents can be written by application developers and then compiled to .NET assemblies that are subsequently registered with the Exchange server. Transport agents will be invoked during a specified stage of email processing and carry out developer defined tasks. \n\nAdversaries may register a malicious transport agent to provide a persistence mechanism in Exchange Server that can be triggered by adversary-specified email events.(Citation: ESET LightNeuron May 2019) Though a malicious transport agent may be invoked for all emails passing through the Exchange transport pipeline, the agent can be configured to only carry out specific tasks in response to adversary defined criteria. For example, the transport agent may only carry out an action like copying in-transit attachments and saving them for later exfiltration if the recipient email address matches an entry on a list provided by the adversary. ",
            "id": "attack-pattern--35187df2-31ed-43b6-a1f5-2f1d3d58d3f1",
            "type": "attack-pattern",
            "kill_chain_phases": [
                {
                    "kill_chain_name": "mitre-attack",
                    "phase_name": "persistence"
                }
            ],
            "modified": "2020-03-25T22:59:59.124Z",
            "created": "2019-12-12T15:08:20.972Z",
            "x_mitre_detection": "Consider monitoring application logs for abnormal behavior that may indicate suspicious installation of application software components. Consider monitoring file locations associated with the installation of new application software components such as paths from which applications typically load such extensible components.",
            "x_mitre_data_sources": [
                "Application logs",
                "File monitoring"
            ],
            "x_mitre_version": "1.0",
            "x_mitre_is_subtechnique": true,
            "x_mitre_permissions_required": [
                "SYSTEM",
                "Administrator",
                "root"
            ],
            "x_mitre_contributors": [
                "ESET",
                " Christoffer Str\u00f6mblad"
            ],
            "x_mitre_platforms": [
                "Linux",
                "Windows"
            ]
        }
    ]
}