{
    "type": "bundle",
    "id": "bundle--87a76e76-4070-44d7-8f5a-64ed2468d325",
    "spec_version": "2.0",
    "objects": [
        {
            "external_references": [
                {
                    "source_name": "mitre-attack",
                    "external_id": "T1550",
                    "url": "https://attack.mitre.org/techniques/T1550"
                },
                {
                    "source_name": "NIST Authentication",
                    "url": "https://csrc.nist.gov/glossary/term/authentication",
                    "description": "NIST. (n.d.). Authentication. Retrieved January 30, 2020."
                },
                {
                    "source_name": "NIST MFA",
                    "url": "https://csrc.nist.gov/glossary/term/Multi_Factor-Authentication",
                    "description": "NIST. (n.d.). Multi-Factor Authentication (MFA). Retrieved January 30, 2020."
                },
                {
                    "url": "https://technet.microsoft.com/en-us/library/dn487457.aspx",
                    "description": "Microsoft. (2016, April 15). Audit Policy Recommendations. Retrieved June 3, 2016.",
                    "source_name": "TechNet Audit Policy"
                }
            ],
            "object_marking_refs": [
                "marking-definition--fa42a846-8d90-4e51-bc29-71d5b4802168"
            ],
            "created_by_ref": "identity--c78cb6e5-0c4b-4611-8297-d1b8b55e40b5",
            "name": "Use Alternate Authentication Material",
            "description": "Adversaries may use alternate authentication material, such as password hashes, Kerberos tickets, and application access tokens, in order to move laterally within an environment and bypass normal system access controls. \n\nAuthentication processes generally require a valid identity (e.g., username) along with one or more authentication factors (e.g., password, pin, physical smart card, token generator, etc.). Alternate authentication material is legitimately generated by systems after a user or application successfully authenticates by providing a valid identity and the required authentication factor(s). Alternate authentication material may also be generated during the identity creation process.(Citation: NIST Authentication)(Citation: NIST MFA)\n\nCaching alternate authentication material allows the system to verify an identity has successfully authenticated without asking the user to reenter authentication factor(s). Because the alternate authentication must be maintained by the system\u2014either in memory or on disk\u2014it may be at risk of being stolen through [Credential Access](https://attack.mitre.org/tactics/TA0006) techniques. By stealing alternate authentication material, adversaries are able to bypass system access controls and authenticate to systems without knowing the plaintext password or any additional authentication factors.\n",
            "id": "attack-pattern--51a14c76-dd3b-440b-9c20-2bf91d25a814",
            "type": "attack-pattern",
            "kill_chain_phases": [
                {
                    "kill_chain_name": "mitre-attack",
                    "phase_name": "defense-evasion"
                },
                {
                    "kill_chain_name": "mitre-attack",
                    "phase_name": "lateral-movement"
                }
            ],
            "modified": "2020-09-16T19:40:44.714Z",
            "created": "2020-01-30T16:18:36.873Z",
            "x_mitre_version": "1.0",
            "x_mitre_is_subtechnique": false,
            "x_mitre_defense_bypassed": [
                "System Access Controls"
            ],
            "x_mitre_detection": "Configure robust, consistent account activity audit policies across the enterprise and with externally accessible services.(Citation: TechNet Audit Policy) Look for suspicious account behavior across systems that share accounts, either user, admin, or service accounts. Examples: one account logged into multiple systems simultaneously; multiple accounts logged into the same machine simultaneously; accounts logged in at odd times or outside of business hours. Activity may be from interactive login sessions or process ownership from accounts being used to execute binaries on a remote system as a particular account. Correlate other security systems with login information (e.g., a user has an active login session but has not entered the building or does not have VPN access).",
            "x_mitre_data_sources": [
                "Office 365 audit logs",
                "OAuth audit logs",
                "Authentication logs"
            ],
            "x_mitre_platforms": [
                "Windows",
                "Office 365",
                "SaaS"
            ]
        }
    ]
}