{
    "type": "bundle",
    "id": "bundle--0511fc02-414c-4c14-b9f9-7a444f564835",
    "spec_version": "2.0",
    "objects": [
        {
            "id": "attack-pattern--086952c4-5b90-4185-b573-02bad8e11953",
            "name": "HISTCONTROL",
            "external_references": [
                {
                    "source_name": "mitre-attack",
                    "external_id": "T1148",
                    "url": "https://attack.mitre.org/techniques/T1148"
                },
                {
                    "external_id": "CAPEC-13",
                    "source_name": "capec",
                    "url": "https://capec.mitre.org/data/definitions/13.html"
                }
            ],
            "revoked": true,
            "type": "attack-pattern",
            "modified": "2020-02-21T20:57:38.015Z",
            "created": "2017-12-14T16:46:06.044Z"
        }
    ]
}