{
    "type": "bundle",
    "id": "bundle--94a0e3a2-17a5-46c6-82ce-536db70dd06c",
    "spec_version": "2.0",
    "objects": [
        {
            "external_references": [
                {
                    "source_name": "mitre-attack",
                    "external_id": "T1583.005",
                    "url": "https://attack.mitre.org/techniques/T1583/005"
                },
                {
                    "source_name": "Norton Botnet",
                    "url": "https://us.norton.com/internetsecurity-malware-what-is-a-botnet.html",
                    "description": "Norton. (n.d.). What is a botnet?. Retrieved October 4, 2020."
                },
                {
                    "source_name": "Imperva DDoS for Hire",
                    "url": "https://www.imperva.com/learn/ddos/booters-stressers-ddosers/",
                    "description": "Imperva. (n.d.). Booters, Stressers and DDoSers. Retrieved October 4, 2020."
                },
                {
                    "source_name": "Krebs-Anna",
                    "description": "Brian Krebs. (2017, January 18). Who is Anna-Senpai, the Mirai Worm Author?. Retrieved May 15, 2017.",
                    "url": "https://krebsonsecurity.com/2017/01/who-is-anna-senpai-the-mirai-worm-author/"
                },
                {
                    "source_name": "Krebs-Bazaar",
                    "description": "Brian Krebs. (2016, October 31). Hackforums Shutters Booter Service Bazaar. Retrieved May 15, 2017.",
                    "url": "https://krebsonsecurity.com/2016/10/hackforums-shutters-booter-service-bazaar/"
                },
                {
                    "source_name": "Krebs-Booter",
                    "description": "Brian Krebs. (2016, October 27). Are the Days of \u201cBooter\u201d Services Numbered?. Retrieved May 15, 2017.",
                    "url": "https://krebsonsecurity.com/2016/10/are-the-days-of-booter-services-numbered/"
                }
            ],
            "object_marking_refs": [
                "marking-definition--fa42a846-8d90-4e51-bc29-71d5b4802168"
            ],
            "created_by_ref": "identity--c78cb6e5-0c4b-4611-8297-d1b8b55e40b5",
            "name": "Botnet",
            "description": "Before compromising a victim, adversaries may buy, lease, or rent a network of compromised systems\u00a0that can be used during targeting. A botnet is a network of compromised systems that can be instructed to perform coordinated tasks.(Citation: Norton Botnet) Adversaries may purchase a subscription to use an existing botnet from a booter/stresser service. With a botnet at their disposal, adversaries may perform follow-on activity such as large-scale [Phishing](https://attack.mitre.org/techniques/T1566) or Distributed Denial of Service (DDoS).(Citation: Imperva DDoS for Hire)(Citation: Krebs-Anna)(Citation: Krebs-Bazaar)(Citation: Krebs-Booter)",
            "id": "attack-pattern--31225cd3-cd46-4575-b287-c2c14011c074",
            "type": "attack-pattern",
            "kill_chain_phases": [
                {
                    "kill_chain_name": "mitre-attack",
                    "phase_name": "resource-development"
                }
            ],
            "modified": "2020-10-05T02:15:01.325Z",
            "created": "2020-10-01T00:49:05.467Z",
            "x_mitre_detection": "Much of this activity will take place outside the visibility of the target organization, making detection of this behavior difficult. Detection efforts may be focused on related stages of the adversary lifecycle, such as during [Phishing](https://attack.mitre.org/techniques/T1566), [Endpoint Denial of Service](https://attack.mitre.org/techniques/T1499), or [Network Denial of Service](https://attack.mitre.org/techniques/T1498).",
            "x_mitre_version": "1.0",
            "x_mitre_is_subtechnique": true,
            "x_mitre_platforms": [
                "PRE"
            ]
        }
    ]
}