{
    "type": "bundle",
    "id": "bundle--cd25cc8c-966b-411b-bdce-792356cfdfa6",
    "spec_version": "2.0",
    "objects": [
        {
            "created": "2018-04-18T17:59:24.739Z",
            "modified": "2020-02-04T20:14:11.064Z",
            "kill_chain_phases": [
                {
                    "kill_chain_name": "mitre-attack",
                    "phase_name": "lateral-movement"
                }
            ],
            "type": "attack-pattern",
            "object_marking_refs": [
                "marking-definition--fa42a846-8d90-4e51-bc29-71d5b4802168"
            ],
            "external_references": [
                {
                    "source_name": "mitre-attack",
                    "external_id": "T1210",
                    "url": "https://attack.mitre.org/techniques/T1210"
                },
                {
                    "url": "https://www.cisecurity.org/advisory/multiple-vulnerabilities-in-microsoft-windows-smb-server-could-allow-for-remote-code-execution/",
                    "description": "CIS. (2017, May 15). Multiple Vulnerabilities in Microsoft Windows SMB Server Could Allow for Remote Code Execution. Retrieved April 3, 2018.",
                    "source_name": "CIS Multiple SMB Vulnerabilities"
                },
                {
                    "url": "https://nvd.nist.gov/vuln/detail/CVE-2017-0176",
                    "description": "National Vulnerability Database. (2017, June 22). CVE-2017-0176 Detail. Retrieved April 3, 2018.",
                    "source_name": "NVD CVE-2017-0176"
                },
                {
                    "url": "https://nvd.nist.gov/vuln/detail/CVE-2016-6662",
                    "description": "National Vulnerability Database. (2017, February 2). CVE-2016-6662 Detail. Retrieved April 3, 2018.",
                    "source_name": "NVD CVE-2016-6662"
                },
                {
                    "url": "https://nvd.nist.gov/vuln/detail/CVE-2014-7169",
                    "description": "National Vulnerability Database. (2017, September 24). CVE-2014-7169 Detail. Retrieved April 3, 2018.",
                    "source_name": "NVD CVE-2014-7169"
                }
            ],
            "description": "Adversaries may exploit remote services to gain unauthorized access to internal systems once inside of a network. Exploitation of a software vulnerability occurs when an adversary takes advantage of a programming error in a program, service, or within the operating system software or kernel itself to execute adversary-controlled code.\u00a0A common goal for post-compromise exploitation of remote services is for lateral movement to enable access to a remote system.\n\nAn adversary may need to determine if the remote system is in a vulnerable state, which may be done through [Network Service Scanning](https://attack.mitre.org/techniques/T1046) or other Discovery methods looking for common, vulnerable software that may be deployed in the network, the lack of certain patches that may indicate vulnerabilities,  or security software that may be used to detect or contain remote exploitation. Servers are likely a high value target for lateral movement exploitation, but endpoint systems may also be at risk if they provide an advantage or access to additional resources.\n\nThere are several well-known vulnerabilities that exist in common services such as SMB (Citation: CIS Multiple SMB Vulnerabilities) and RDP (Citation: NVD CVE-2017-0176) as well as applications that may be used within internal networks such as MySQL (Citation: NVD CVE-2016-6662) and web server services. (Citation: NVD CVE-2014-7169)\n\nDepending on the permissions level of the vulnerable remote service an adversary may achieve [Exploitation for Privilege Escalation](https://attack.mitre.org/techniques/T1068) as a result of lateral movement exploitation as well.",
            "name": "Exploitation of Remote Services",
            "created_by_ref": "identity--c78cb6e5-0c4b-4611-8297-d1b8b55e40b5",
            "id": "attack-pattern--9db0cf3a-a3c9-4012-8268-123b9db6fd82",
            "x_mitre_version": "1.1",
            "x_mitre_detection": "Detecting software exploitation may be difficult depending on the tools available. Software exploits may not always succeed or may cause the exploited process to become unstable or crash. Also look for behavior on the endpoint system that might indicate successful compromise, such as abnormal behavior of the processes. This could include suspicious files written to disk, evidence of [Process Injection](https://attack.mitre.org/techniques/T1055) for attempts to hide execution, evidence of Discovery, or other unusual network traffic that may indicate additional tools transferred to the system.",
            "x_mitre_data_sources": [
                "Windows Error Reporting",
                "Process monitoring",
                "File monitoring"
            ],
            "x_mitre_permissions_required": [
                "User"
            ],
            "x_mitre_platforms": [
                "Linux",
                "Windows",
                "macOS"
            ],
            "x_mitre_system_requirements": [
                "Unpatched software or otherwise vulnerable target. Depending on the target and goal, the system and exploitable service may need to be remotely accessible from the internal network."
            ],
            "x_mitre_is_subtechnique": false
        }
    ]
}