{
    "type": "bundle",
    "id": "bundle--7c282d29-971d-4969-a4b7-a0af9c1ae07f",
    "spec_version": "2.0",
    "objects": [
        {
            "external_references": [
                {
                    "source_name": "mitre-attack",
                    "external_id": "T1098.001",
                    "url": "https://attack.mitre.org/techniques/T1098/001"
                },
                {
                    "source_name": "Microsoft SolarWinds Customer Guidance",
                    "url": "https://msrc-blog.microsoft.com/2020/12/13/customer-guidance-on-recent-nation-state-cyber-attacks/",
                    "description": "MSRC. (2020, December 13). Customer Guidance on Recent Nation-State Cyber Attacks. Retrieved December 17, 2020."
                },
                {
                    "source_name": "Blue Cloud of Death",
                    "url": "https://speakerdeck.com/tweekfawkes/blue-cloud-of-death-red-teaming-azure-1",
                    "description": "Kunz, Bryce. (2018, May 11). Blue Cloud of Death: Red Teaming Azure. Retrieved October 23, 2019."
                },
                {
                    "source_name": "Blue Cloud of Death Video",
                    "url": "https://www.youtube.com/watch?v=wQ1CuAPnrLM&feature=youtu.be&t=2815",
                    "description": "Kunz, Bruce. (2018, October 14). Blue Cloud of Death: Red Teaming Azure. Retrieved November 21, 2019."
                },
                {
                    "source_name": "Demystifying Azure AD Service Principals",
                    "url": "https://nedinthecloud.com/2019/07/16/demystifying-azure-ad-service-principals/",
                    "description": "Bellavance, Ned. (2019, July 16). Demystifying Azure AD Service Principals. Retrieved January 19, 2020."
                },
                {
                    "source_name": "GCP SSH Key Add",
                    "url": "https://cloud.google.com/sdk/gcloud/reference/compute/os-login/ssh-keys/add",
                    "description": "Google. (n.d.). gcloud compute os-login ssh-keys add. Retrieved October 1, 2020."
                },
                {
                    "source_name": "Expel IO Evil in AWS",
                    "url": "https://expel.io/blog/finding-evil-in-aws/",
                    "description": "A. Randazzo, B. Manahan and S. Lipton. (2020, April 28). Finding Evil in AWS. Retrieved June 25, 2020."
                },
                {
                    "source_name": "Expel Behind the Scenes",
                    "url": "https://expel.io/blog/behind-the-scenes-expel-soc-alert-aws/",
                    "description": "S. Lipton, L. Easterly, A. Randazzo and J. Hencinski. (2020, July 28). Behind the scenes in the Expel SOC: Alert-to-fix in AWS. Retrieved October 1, 2020."
                }
            ],
            "object_marking_refs": [
                "marking-definition--fa42a846-8d90-4e51-bc29-71d5b4802168"
            ],
            "created_by_ref": "identity--c78cb6e5-0c4b-4611-8297-d1b8b55e40b5",
            "name": "Additional Cloud Credentials",
            "description": "Adversaries may add adversary-controlled credentials to a cloud account to maintain persistent access to victim accounts and instances within the environment.\n\nAdversaries may add credentials for Service Principals and Applications in addition to existing legitimate credentials in Azure AD.(Citation: Microsoft SolarWinds Customer Guidance)(Citation: Blue Cloud of Death)(Citation: Blue Cloud of Death Video) These credentials include both x509 keys and passwords.(Citation: Microsoft SolarWinds Customer Guidance) With sufficient permissions, there are a variety of ways to add credentials including the Azure Portal, Azure command line interface, and Azure or Az PowerShell modules.(Citation: Demystifying Azure AD Service Principals)\n\nIn infrastructure-as-a-service (IaaS) environments, after gaining access through [Cloud Accounts](https://attack.mitre.org/techniques/T1078/004), adversaries may generate or import their own SSH keys using either the <code>CreateKeyPair</code> or <code>ImportKeyPair</code> API in AWS or the <code>gcloud compute os-login ssh-keys add</code> command in GCP.(Citation: GCP SSH Key Add) This allows persistent access to instances within the cloud environment without further usage of the compromised cloud accounts.(Citation: Expel IO Evil in AWS)(Citation: Expel Behind the Scenes)",
            "id": "attack-pattern--8a2f40cf-8325-47f9-96e4-b1ca4c7389bd",
            "type": "attack-pattern",
            "kill_chain_phases": [
                {
                    "kill_chain_name": "mitre-attack",
                    "phase_name": "persistence"
                }
            ],
            "modified": "2020-12-18T14:57:07.625Z",
            "created": "2020-01-19T16:10:15.008Z",
            "x_mitre_contributors": [
                "Expel",
                "Oleg Kolesnikov, Securonix",
                "Jannie Li, Microsoft Threat Intelligence\u202fCenter\u202f(MSTIC)"
            ],
            "x_mitre_version": "2.1",
            "x_mitre_is_subtechnique": true,
            "x_mitre_permissions_required": [
                "Administrator",
                "User"
            ],
            "x_mitre_detection": "Monitor Azure Activity Logs for Service Principal and Application modifications. Monitor for the usage of APIs that create or import SSH keys, particularly by unexpected users or accounts such as the root account.\n\nMonitor for use of credentials at unusual times or to unusual systems or services. This may also correlate with other suspicious activity.",
            "x_mitre_data_sources": [
                "Stackdriver logs",
                "GCP audit logs",
                "AWS CloudTrail logs",
                "Azure activity logs"
            ],
            "x_mitre_platforms": [
                "Azure AD",
                "Azure",
                "AWS",
                "GCP"
            ]
        }
    ]
}