{
    "type": "bundle",
    "id": "bundle--9207cd92-75ba-4c36-803c-a5609082d576",
    "spec_version": "2.0",
    "objects": [
        {
            "id": "attack-pattern--6aac77c4-eaf2-4366-8c13-ce50ab951f38",
            "name": "Spearphishing Attachment",
            "external_references": [
                {
                    "source_name": "mitre-attack",
                    "url": "https://attack.mitre.org/techniques/T1193",
                    "external_id": "T1193"
                },
                {
                    "external_id": "CAPEC-163",
                    "source_name": "capec",
                    "url": "https://capec.mitre.org/data/definitions/163.html"
                }
            ],
            "revoked": true,
            "type": "attack-pattern",
            "modified": "2020-03-02T19:08:17.884Z",
            "created": "2018-04-18T17:59:24.739Z"
        }
    ]
}