{
    "type": "bundle",
    "id": "bundle--e5e06d45-71c2-489b-91fb-40e92deddfa0",
    "spec_version": "2.0",
    "objects": [
        {
            "id": "attack-pattern--6856ddd6-2df3-4379-8b87-284603c189c3",
            "name": "System Firmware",
            "external_references": [
                {
                    "source_name": "mitre-attack",
                    "external_id": "T1019",
                    "url": "https://attack.mitre.org/techniques/T1019"
                },
                {
                    "external_id": "CAPEC-532",
                    "source_name": "capec",
                    "url": "https://capec.mitre.org/data/definitions/532.html"
                },
                {
                    "url": "https://en.wikipedia.org/wiki/BIOS",
                    "description": "Wikipedia. (n.d.). BIOS. Retrieved January 5, 2016.",
                    "source_name": "Wikipedia BIOS"
                },
                {
                    "url": "https://en.wikipedia.org/wiki/Unified_Extensible_Firmware_Interface",
                    "description": "Wikipedia. (2017, July 10). Unified Extensible Firmware Interface. Retrieved July 11, 2017.",
                    "source_name": "Wikipedia UEFI"
                },
                {
                    "url": "http://www.uefi.org/about",
                    "description": "UEFI Forum. (n.d.). About UEFI Forum. Retrieved January 5, 2016.",
                    "source_name": "About UEFI"
                },
                {
                    "url": "http://www.mitre.org/publications/project-stories/going-deep-into-the-bios-with-mitre-firmware-security-research",
                    "description": "Upham, K. (2014, March). Going Deep into the BIOS with MITRE Firmware Security Research. Retrieved January 5, 2016.",
                    "source_name": "MITRE Trustworthy Firmware Measurement"
                },
                {
                    "url": "http://www.mitre.org/capabilities/cybersecurity/overview/cybersecurity-blog/copernicus-question-your-assumptions-about",
                    "description": "Butterworth, J. (2013, July 30). Copernicus: Question Your Assumptions about BIOS Security. Retrieved December 11, 2015.",
                    "source_name": "MITRE Copernicus"
                },
                {
                    "url": "https://securingtomorrow.mcafee.com/business/chipsec-support-vault-7-disclosure-scanning/",
                    "description": "Beek, C., Samani, R. (2017, March 8). CHIPSEC Support Against Vault 7 Disclosure Scanning. Retrieved March 13, 2017.",
                    "source_name": "McAfee CHIPSEC Blog"
                },
                {
                    "url": "https://github.com/chipsec/chipsec",
                    "description": "Intel. (2017, March 18). CHIPSEC Platform Security Assessment Framework. Retrieved March 20, 2017.",
                    "source_name": "Github CHIPSEC"
                },
                {
                    "url": "http://www.intelsecurity.com/advanced-threat-research/content/data/HT-UEFI-rootkit.html",
                    "description": "Intel Security. (2005, July 16). HackingTeam's UEFI Rootkit Details. Retrieved March 20, 2017.",
                    "source_name": "Intel HackingTeam UEFI Rootkit"
                }
            ],
            "revoked": true,
            "type": "attack-pattern",
            "modified": "2020-03-30T19:16:29.473Z",
            "created": "2017-05-31T21:30:28.613Z"
        }
    ]
}