{
    "type": "bundle",
    "id": "bundle--f0ea3abb-6122-47c7-8e12-84e9fbcf0717",
    "spec_version": "2.0",
    "objects": [
        {
            "revoked": true,
            "external_references": [
                {
                    "source_name": "mitre-attack",
                    "external_id": "T1002",
                    "url": "https://attack.mitre.org/techniques/T1002"
                },
                {
                    "url": "https://en.wikipedia.org/wiki/List_of_file_signatures",
                    "description": "Wikipedia. (2016, March 31). List of file signatures. Retrieved April 22, 2016.",
                    "source_name": "Wikipedia File Header Signatures"
                }
            ],
            "name": "Data Compressed",
            "id": "attack-pattern--b9f5dbe2-4c55-4fc5-af2e-d42c1d182ec4",
            "type": "attack-pattern",
            "modified": "2020-03-30T03:09:45.384Z",
            "created": "2017-05-31T21:30:19.338Z"
        }
    ]
}