{
    "type": "bundle",
    "id": "bundle--f2b1da28-56ac-4cb4-95f2-2247c15c13ad",
    "spec_version": "2.0",
    "objects": [
        {
            "created": "2017-05-31T21:30:48.728Z",
            "modified": "2020-03-26T18:05:53.130Z",
            "kill_chain_phases": [
                {
                    "kill_chain_name": "mitre-attack",
                    "phase_name": "discovery"
                }
            ],
            "type": "attack-pattern",
            "object_marking_refs": [
                "marking-definition--fa42a846-8d90-4e51-bc29-71d5b4802168"
            ],
            "external_references": [
                {
                    "source_name": "mitre-attack",
                    "url": "https://attack.mitre.org/techniques/T1057",
                    "external_id": "T1057"
                },
                {
                    "external_id": "CAPEC-573",
                    "source_name": "capec",
                    "url": "https://capec.mitre.org/data/definitions/573.html"
                }
            ],
            "description": "Adversaries may attempt to get information about running processes on a system. Information obtained could be used to gain an understanding of common software/applications running on systems within the network. Adversaries may use the information from [Process Discovery](https://attack.mitre.org/techniques/T1057) during automated discovery to shape follow-on behaviors, including whether or not the adversary fully infects the target and/or attempts specific actions.\n\nIn Windows environments, adversaries could obtain details on running processes using the [Tasklist](https://attack.mitre.org/software/S0057) utility via [cmd](https://attack.mitre.org/software/S0106) or <code>Get-Process</code> via [PowerShell](https://attack.mitre.org/techniques/T1059/001). Information about processes can also be extracted from the output of [Native API](https://attack.mitre.org/techniques/T1106) calls such as <code>CreateToolhelp32Snapshot</code>. In Mac and Linux, this is accomplished with the <code>ps</code> command. Adversaries may also opt to enumerate processes via /proc.",
            "name": "Process Discovery",
            "created_by_ref": "identity--c78cb6e5-0c4b-4611-8297-d1b8b55e40b5",
            "id": "attack-pattern--8f4a33ec-8b1f-4b80-a2f6-642b2e479580",
            "x_mitre_version": "1.2",
            "x_mitre_data_sources": [
                "API monitoring",
                "Process monitoring",
                "Process command-line parameters"
            ],
            "x_mitre_detection": "System and network discovery techniques normally occur throughout an operation as an adversary learns the environment. Data and events should not be viewed in isolation, but as part of a chain of behavior that could lead to other activities, such as Lateral Movement, based on the information obtained.\n\nNormal, benign system and network events that look like process discovery may be uncommon, depending on the environment and how they are used. Monitor processes and command-line arguments for actions that could be taken to gather system and network information. Remote access tools with built-in features may interact directly with the Windows API to gather information. Information may also be acquired through Windows system management tools such as [Windows Management Instrumentation](https://attack.mitre.org/techniques/T1047) and [PowerShell](https://attack.mitre.org/techniques/T1059/001).",
            "x_mitre_platforms": [
                "Linux",
                "macOS",
                "Windows"
            ],
            "x_mitre_permissions_required": [
                "User",
                "Administrator",
                "SYSTEM"
            ],
            "x_mitre_system_requirements": [
                "Administrator, SYSTEM may provide better process ownership details"
            ],
            "x_mitre_is_subtechnique": false
        }
    ]
}