{
    "type": "bundle",
    "id": "bundle--5f1391c7-fa52-4b6b-a80c-b14be0783823",
    "spec_version": "2.0",
    "objects": [
        {
            "id": "attack-pattern--72b74d71-8169-42aa-92e0-e7b04b9f5a08",
            "created_by_ref": "identity--c78cb6e5-0c4b-4611-8297-d1b8b55e40b5",
            "name": "Account Discovery",
            "description": "Adversaries may attempt to get a listing of accounts on a system or within an environment. This information can help adversaries determine which accounts exist to aid in follow-on behavior.",
            "external_references": [
                {
                    "source_name": "mitre-attack",
                    "external_id": "T1087",
                    "url": "https://attack.mitre.org/techniques/T1087"
                },
                {
                    "external_id": "CAPEC-575",
                    "source_name": "capec",
                    "url": "https://capec.mitre.org/data/definitions/575.html"
                }
            ],
            "object_marking_refs": [
                "marking-definition--fa42a846-8d90-4e51-bc29-71d5b4802168"
            ],
            "type": "attack-pattern",
            "kill_chain_phases": [
                {
                    "kill_chain_name": "mitre-attack",
                    "phase_name": "discovery"
                }
            ],
            "modified": "2020-09-16T15:10:18.260Z",
            "created": "2017-05-31T21:31:06.988Z",
            "x_mitre_is_subtechnique": false,
            "x_mitre_platforms": [
                "Linux",
                "macOS",
                "Windows",
                "Office 365",
                "Azure AD",
                "AWS",
                "GCP",
                "Azure",
                "SaaS"
            ],
            "x_mitre_permissions_required": [
                "User"
            ],
            "x_mitre_detection": "System and network discovery techniques normally occur throughout an operation as an adversary learns the environment. Data and events should not be viewed in isolation, but as part of a chain of behavior that could lead to other activities, such as Lateral Movement, based on the information obtained.\n\nMonitor processes and command-line arguments for actions that could be taken to gather system and network information. Remote access tools with built-in features may interact directly with the Windows API to gather information. Information may also be acquired through Windows system management tools such as [Windows Management Instrumentation](https://attack.mitre.org/techniques/T1047) and [PowerShell](https://attack.mitre.org/techniques/T1059/001).",
            "x_mitre_data_sources": [
                "Azure activity logs",
                "Office 365 account logs",
                "API monitoring",
                "Process monitoring",
                "Process command-line parameters"
            ],
            "x_mitre_contributors": [
                "Microsoft Threat Intelligence Center (MSTIC)",
                "Travis Smith, Tripwire"
            ],
            "x_mitre_version": "2.2"
        }
    ]
}