{
    "type": "bundle",
    "id": "bundle--e8ba311e-cad4-43f9-854f-e776f0430e78",
    "spec_version": "2.0",
    "objects": [
        {
            "id": "attack-pattern--39a130e1-6ab7-434a-8bd2-418e7d9d6427",
            "name": "Service Registry Permissions Weakness",
            "external_references": [
                {
                    "source_name": "mitre-attack",
                    "external_id": "T1058",
                    "url": "https://attack.mitre.org/techniques/T1058"
                },
                {
                    "external_id": "CAPEC-478",
                    "source_name": "capec",
                    "url": "https://capec.mitre.org/data/definitions/478.html"
                },
                {
                    "url": "https://msdn.microsoft.com/library/windows/desktop/ms724878.aspx",
                    "description": "Microsoft. (n.d.). Registry Key Security and Access Rights. Retrieved March 16, 2017.",
                    "source_name": "MSDN Registry Key Security"
                },
                {
                    "source_name": "TrustedSignal Service Failure",
                    "url": "https://trustedsignal.blogspot.com/2014/05/kansa-service-related-collectors-and.html",
                    "description": "Hull, D. (2014, May 3). Kansa: Service related collectors and analysis. Retrieved October 10, 2019."
                },
                {
                    "url": "https://twitter.com/r0wdy_/status/936365549553991680",
                    "description": "The Cyber (@r0wdy_). (2017, November 30). Service Recovery Parameters. Retrieved April 9, 2018.",
                    "source_name": "Twitter Service Recovery Nov 2017"
                },
                {
                    "url": "https://technet.microsoft.com/en-us/sysinternals/bb963902",
                    "description": "Russinovich, M. (2016, January 4). Autoruns for Windows v13.51. Retrieved June 6, 2016.",
                    "source_name": "TechNet Autoruns"
                }
            ],
            "revoked": true,
            "type": "attack-pattern",
            "modified": "2020-03-19T15:12:13.034Z",
            "created": "2017-05-31T21:30:49.119Z"
        }
    ]
}