{
    "type": "bundle",
    "id": "bundle--5d9fd799-f66b-4b49-a800-07def0c07cc7",
    "spec_version": "2.0",
    "objects": [
        {
            "external_references": [
                {
                    "source_name": "mitre-attack",
                    "external_id": "T1048.002",
                    "url": "https://attack.mitre.org/techniques/T1048/002"
                },
                {
                    "url": "https://arxiv.org/ftp/arxiv/papers/1408/1408.1136.pdf",
                    "description": "Gardiner, J.,  Cova, M., Nagaraja, S. (2014, February). Command & Control Understanding, Denying and Detecting. Retrieved April 20, 2016.",
                    "source_name": "University of Birmingham C2"
                }
            ],
            "object_marking_refs": [
                "marking-definition--fa42a846-8d90-4e51-bc29-71d5b4802168"
            ],
            "created_by_ref": "identity--c78cb6e5-0c4b-4611-8297-d1b8b55e40b5",
            "name": "Exfiltration Over Asymmetric Encrypted Non-C2 Protocol",
            "description": "Adversaries may steal data by exfiltrating it over an asymmetrically encrypted network protocol other than that of the existing command and control channel. The data may also be sent to an alternate network location from the main command and control server. \n\nAsymmetric encryption algorithms are those that use different keys on each end of the channel. Also known as public-key cryptography, this requires pairs of cryptographic keys that can encrypt/decrypt data from the corresponding key. Each end of the communication channels requires a private key (only in the procession of that entity) and the public key of the other entity. The public keys of each entity are exchanged before encrypted communications begin. \n\nNetwork protocols that use asymmetric encryption (such as HTTPS/TLS/SSL) often utilize symmetric encryption once keys are exchanged. Adversaries may opt to use these encrypted mechanisms that are baked into a protocol. ",
            "id": "attack-pattern--8e350c1d-ac79-4b5c-bd4e-7476d7e84ec5",
            "type": "attack-pattern",
            "kill_chain_phases": [
                {
                    "kill_chain_name": "mitre-attack",
                    "phase_name": "exfiltration"
                }
            ],
            "modified": "2020-03-28T00:45:51.014Z",
            "created": "2020-03-15T15:34:30.767Z",
            "x_mitre_version": "1.0",
            "x_mitre_is_subtechnique": true,
            "x_mitre_network_requirements": true,
            "x_mitre_detection": "Analyze network data for uncommon data flows (e.g., a client sending significantly more data than it receives from a server). Processes utilizing the network that do not normally have network communication or have never been seen before are suspicious.(Citation: University of Birmingham C2) ",
            "x_mitre_data_sources": [
                "Network protocol analysis",
                "Netflow/Enclave netflow",
                "Packet capture",
                "Process use of network"
            ],
            "x_mitre_platforms": [
                "Linux",
                "macOS",
                "Windows"
            ]
        }
    ]
}