{
    "type": "bundle",
    "id": "bundle--c4e1925f-77de-4c51-b3a6-53dfe9c5d31a",
    "spec_version": "2.0",
    "objects": [
        {
            "revoked": true,
            "external_references": [
                {
                    "source_name": "mitre-attack",
                    "external_id": "T1109",
                    "url": "https://attack.mitre.org/techniques/T1109"
                },
                {
                    "description": "SanDisk. (n.d.). Self-Monitoring, Analysis and Reporting Technology (S.M.A.R.T.). Retrieved October 2, 2018.",
                    "source_name": "SanDisk SMART"
                },
                {
                    "url": "https://www.smartmontools.org/",
                    "description": "smartmontools. (n.d.). smartmontools. Retrieved October 2, 2018.",
                    "source_name": "SmartMontools"
                },
                {
                    "url": "https://www.itworld.com/article/2853992/3-tools-to-check-your-hard-drives-health-and-make-sure-its-not-already-dying-on-you.html",
                    "description": "Pinola, M. (2014, December 14). 3 tools to check your hard drive's health and make sure it's not already dying on you. Retrieved October 2, 2018.",
                    "source_name": "ITWorld Hard Disk Health Dec 2014"
                }
            ],
            "name": "Component Firmware",
            "id": "attack-pattern--10d5f3b7-6be6-4da5-9a77-0f1e2bbfcc44",
            "type": "attack-pattern",
            "modified": "2020-10-23T15:04:14.614Z",
            "created": "2017-05-31T21:31:22.374Z"
        }
    ]
}