{
    "type": "bundle",
    "id": "bundle--2419d7e4-e40c-4b86-8f43-5609de418577",
    "spec_version": "2.0",
    "objects": [
        {
            "id": "attack-pattern--0dbf5f1b-a560-4d51-ac1b-d70caab3e1f0",
            "name": "LLMNR/NBT-NS Poisoning and Relay",
            "external_references": [
                {
                    "source_name": "mitre-attack",
                    "external_id": "T1171",
                    "url": "https://attack.mitre.org/techniques/T1171"
                },
                {
                    "url": "https://en.wikipedia.org/wiki/Link-Local_Multicast_Name_Resolution",
                    "description": "Wikipedia. (2016, July 7). Link-Local Multicast Name Resolution. Retrieved November 17, 2017.",
                    "source_name": "Wikipedia LLMNR"
                },
                {
                    "url": "https://technet.microsoft.com/library/cc958811.aspx",
                    "description": "Microsoft. (n.d.). NetBIOS Name Resolution. Retrieved November 17, 2017.",
                    "source_name": "TechNet NetBIOS"
                },
                {
                    "source_name": "byt3bl33d3r NTLM Relaying",
                    "url": "https://byt3bl33d3r.github.io/practical-guide-to-ntlm-relaying-in-2017-aka-getting-a-foothold-in-under-5-minutes.html",
                    "description": "Salvati, M. (2017, June 2). Practical guide to NTLM Relaying in 2017 (A.K.A getting a foothold in under 5 minutes). Retrieved February 7, 2019."
                },
                {
                    "source_name": "Secure Ideas SMB Relay",
                    "url": "https://blog.secureideas.com/2018/04/ever-run-a-relay-why-smb-relays-should-be-on-your-mind.html",
                    "description": "Kuehn, E. (2018, April 11). Ever Run a Relay? Why SMB Relays Should Be On Your Mind. Retrieved February 7, 2019."
                },
                {
                    "url": "https://github.com/nomex/nbnspoof",
                    "description": "Nomex. (2014, February 7). NBNSpoof. Retrieved November 17, 2017.",
                    "source_name": "GitHub NBNSpoof"
                },
                {
                    "url": "https://www.rapid7.com/db/modules/auxiliary/spoof/llmnr/llmnr_response",
                    "description": "Francois, R. (n.d.). LLMNR Spoofer. Retrieved November 17, 2017.",
                    "source_name": "Rapid7 LLMNR Spoofer"
                },
                {
                    "url": "https://github.com/SpiderLabs/Responder",
                    "description": "Gaffie, L. (2016, August 25). Responder. Retrieved November 17, 2017.",
                    "source_name": "GitHub Responder"
                },
                {
                    "url": "https://www.sternsecurity.com/blog/local-network-attacks-llmnr-and-nbt-ns-poisoning",
                    "description": "Sternstein, J. (2013, November). Local Network Attacks: LLMNR and NBT-NS Poisoning. Retrieved November 17, 2017.",
                    "source_name": "Sternsecurity LLMNR-NBTNS"
                },
                {
                    "url": "https://github.com/Kevin-Robertson/Conveigh",
                    "description": "Robertson, K. (2016, August 28). Conveigh. Retrieved November 17, 2017.",
                    "source_name": "GitHub Conveigh"
                }
            ],
            "revoked": true,
            "type": "attack-pattern",
            "modified": "2020-02-11T19:09:48.452Z",
            "created": "2018-01-16T16:13:52.465Z"
        }
    ]
}