{
    "type": "bundle",
    "id": "bundle--5e5212b5-14de-40e0-9c28-ff901b7ab4fa",
    "spec_version": "2.0",
    "objects": [
        {
            "id": "attack-pattern--ae676644-d2d2-41b7-af7e-9bed1b55898c",
            "created_by_ref": "identity--c78cb6e5-0c4b-4611-8297-d1b8b55e40b5",
            "name": "Data from Network Shared Drive",
            "description": "Adversaries may search network shares on computers they have compromised to find files of interest. Sensitive data can be collected from remote systems via shared network drives (host shared directory, network file server, etc.) that are accessible from the current system prior to Exfiltration. Interactive command shells may be in use, and common functionality within [cmd](https://attack.mitre.org/software/S0106) may be used to gather information.",
            "external_references": [
                {
                    "source_name": "mitre-attack",
                    "external_id": "T1039",
                    "url": "https://attack.mitre.org/techniques/T1039"
                },
                {
                    "external_id": "CAPEC-639",
                    "source_name": "capec",
                    "url": "https://capec.mitre.org/data/definitions/639.html"
                }
            ],
            "object_marking_refs": [
                "marking-definition--fa42a846-8d90-4e51-bc29-71d5b4802168"
            ],
            "type": "attack-pattern",
            "kill_chain_phases": [
                {
                    "kill_chain_name": "mitre-attack",
                    "phase_name": "collection"
                }
            ],
            "modified": "2020-03-24T15:42:44.026Z",
            "created": "2017-05-31T21:30:41.022Z",
            "x_mitre_is_subtechnique": false,
            "x_mitre_platforms": [
                "Linux",
                "macOS",
                "Windows"
            ],
            "x_mitre_system_requirements": [
                "Privileges to access network shared drive"
            ],
            "x_mitre_detection": "Monitor processes and command-line arguments for actions that could be taken to collect files from a network share. Remote access tools with built-in features may interact directly with the Windows API to gather data. Data may also be acquired through Windows system management tools such as [Windows Management Instrumentation](https://attack.mitre.org/techniques/T1047) and [PowerShell](https://attack.mitre.org/techniques/T1059/001).",
            "x_mitre_data_sources": [
                "File monitoring",
                "Process monitoring",
                "Process command-line parameters"
            ],
            "x_mitre_version": "1.2"
        }
    ]
}