{
    "type": "bundle",
    "id": "bundle--4ac44d6a-9d11-4221-9103-b5d625aacddf",
    "spec_version": "2.0",
    "objects": [
        {
            "external_references": [
                {
                    "source_name": "mitre-attack",
                    "external_id": "T1053.005",
                    "url": "https://attack.mitre.org/techniques/T1053/005"
                },
                {
                    "url": "https://twitter.com/leoloobeek/status/939248813465853953",
                    "description": "Loobeek, L. (2017, December 8). leoloobeek Status. Retrieved December 12, 2017.",
                    "source_name": "Twitter Leoloobeek Scheduled Task"
                },
                {
                    "url": "https://social.technet.microsoft.com/Forums/en-US/e5bca729-52e7-4fcb-ba12-3225c564674c/scheduled-tasks-history-retention-settings?forum=winserver8gen",
                    "description": "Satyajit321. (2015, November 3). Scheduled Tasks History Retention settings. Retrieved December 12, 2017.",
                    "source_name": "TechNet Forum Scheduled Task Operational Setting"
                },
                {
                    "url": "https://technet.microsoft.com/library/dd315590.aspx",
                    "description": "Microsoft. (n.d.). General Task Registration. Retrieved December 12, 2017.",
                    "source_name": "TechNet Scheduled Task Events"
                },
                {
                    "source_name": "Microsoft Scheduled Task Events Win10",
                    "url": "https://docs.microsoft.com/en-us/windows/security/threat-protection/auditing/audit-other-object-access-events",
                    "description": "Microsoft. (2017, May 28). Audit Other Object Access Events. Retrieved June 27, 2019."
                },
                {
                    "url": "https://technet.microsoft.com/en-us/sysinternals/bb963902",
                    "description": "Russinovich, M. (2016, January 4). Autoruns for Windows v13.51. Retrieved June 6, 2016.",
                    "source_name": "TechNet Autoruns"
                }
            ],
            "object_marking_refs": [
                "marking-definition--fa42a846-8d90-4e51-bc29-71d5b4802168"
            ],
            "created_by_ref": "identity--c78cb6e5-0c4b-4611-8297-d1b8b55e40b5",
            "name": "Scheduled Task",
            "description": "Adversaries may abuse the Windows Task Scheduler to perform task scheduling for initial or recurring execution of malicious code. There are multiple ways to access the Task Scheduler in Windows. The <code>schtasks</code> can be run directly on the command line, or the Task Scheduler can be opened through the GUI within the Administrator Tools section of the Control Panel. In some cases, adversaries have used a .NET wrapper for the Windows Task Scheduler, and alternatively, adversaries have used the Windows netapi32 library to create a scheduled task.\n\nThe deprecated [at](https://attack.mitre.org/software/S0110) utility could also be abused by adversaries (ex: [At (Windows)](https://attack.mitre.org/techniques/T1053/002)), though <code>at.exe</code> can not access tasks created with <code>schtasks</code> or the Control Panel.\n\nAn adversary may use Windows Task Scheduler to execute programs at system startup or on a scheduled basis for persistence. The Windows Task Scheduler can also be abused to conduct remote Execution as part of Lateral Movement and or to run a process under the context of a specified account (such as SYSTEM).",
            "id": "attack-pattern--005a06c6-14bf-4118-afa0-ebcd8aebb0c9",
            "type": "attack-pattern",
            "kill_chain_phases": [
                {
                    "kill_chain_name": "mitre-attack",
                    "phase_name": "execution"
                },
                {
                    "kill_chain_name": "mitre-attack",
                    "phase_name": "persistence"
                },
                {
                    "kill_chain_name": "mitre-attack",
                    "phase_name": "privilege-escalation"
                }
            ],
            "modified": "2020-03-24T13:45:03.730Z",
            "created": "2019-11-27T14:58:00.429Z",
            "x_mitre_version": "1.0",
            "x_mitre_is_subtechnique": true,
            "x_mitre_remote_support": true,
            "x_mitre_permissions_required": [
                "Administrator"
            ],
            "x_mitre_detection": "Monitor process execution from the <code>svchost.exe</code> in Windows 10 and the Windows Task Scheduler <code>taskeng.exe</code> for older versions of Windows. (Citation: Twitter Leoloobeek Scheduled Task) If scheduled tasks are not used for persistence, then the adversary is likely to remove the task when the action is complete. Monitor Windows Task Scheduler stores in %systemroot%\\System32\\Tasks for change entries related to scheduled tasks that do not correlate with known software, patch cycles, etc.\n\nConfigure event logging for scheduled task creation and changes by enabling the \"Microsoft-Windows-TaskScheduler/Operational\" setting within the event logging service. (Citation: TechNet Forum Scheduled Task Operational Setting) Several events will then be logged on scheduled task activity, including: (Citation: TechNet Scheduled Task Events)(Citation: Microsoft Scheduled Task Events Win10)\n\n* Event ID 106 on Windows 7, Server 2008 R2 - Scheduled task registered\n* Event ID 140 on Windows 7, Server 2008 R2 / 4702 on Windows 10, Server 2016 - Scheduled task updated\n* Event ID 141 on Windows 7, Server 2008 R2 / 4699 on Windows 10, Server 2016 - Scheduled task deleted\n* Event ID 4698 on Windows 10, Server 2016 - Scheduled task created\n* Event ID 4700 on Windows 10, Server 2016 - Scheduled task enabled\n* Event ID 4701 on Windows 10, Server 2016 - Scheduled task disabled\n\nTools such as Sysinternals Autoruns may also be used to detect system changes that could be attempts at persistence, including listing current scheduled tasks. (Citation: TechNet Autoruns)\n\nRemote access tools with built-in features may interact directly with the Windows API to perform these functions outside of typical system utilities. Tasks may also be created through Windows system management tools such as Windows Management Instrumentation and PowerShell, so additional logging may need to be configured to gather the appropriate data.",
            "x_mitre_data_sources": [
                "File monitoring",
                "Process command-line parameters",
                "Process monitoring",
                "Windows event logs"
            ],
            "x_mitre_platforms": [
                "Windows"
            ]
        }
    ]
}