{
    "type": "bundle",
    "id": "bundle--28459c4e-3180-4d8d-a90d-42889caa18b1",
    "spec_version": "2.0",
    "objects": [
        {
            "id": "attack-pattern--0fff2797-19cb-41ea-a5f1-8a9303b8158e",
            "name": "Systemd Service",
            "external_references": [
                {
                    "source_name": "mitre-attack",
                    "external_id": "T1501",
                    "url": "https://attack.mitre.org/techniques/T1501"
                },
                {
                    "source_name": "Linux man-pages: systemd January 2014",
                    "url": "http://man7.org/linux/man-pages/man1/systemd.1.html",
                    "description": "Linux man-pages. (2014, January). systemd(1) - Linux manual page. Retrieved April 23, 2019."
                },
                {
                    "source_name": "Freedesktop.org Linux systemd 29SEP2018",
                    "url": "https://www.freedesktop.org/wiki/Software/systemd/",
                    "description": "Freedesktop.org. (2018, September 29). systemd System and Service Manager. Retrieved April 23, 2019."
                },
                {
                    "source_name": "Anomali Rocke March 2019",
                    "url": "https://www.anomali.com/blog/rocke-evolves-its-arsenal-with-a-new-malware-family-written-in-golang",
                    "description": "Anomali Labs. (2019, March 15). Rocke Evolves Its Arsenal With a New Malware Family Written in Golang. Retrieved April 24, 2019."
                },
                {
                    "description": "Catalin Cimpanu. (2018, July 10). ~x file downloaded in public Arch package compromise. Retrieved April 23, 2019.",
                    "url": "https://gist.github.com/campuscodi/74d0d2e35d8fd9499c76333ce027345a",
                    "source_name": "gist Arch package compromise 10JUL2018"
                },
                {
                    "description": "Catalin Cimpanu. (2018, July 10). Malware Found in Arch Linux AUR Package Repository. Retrieved April 23, 2019.",
                    "url": "https://www.bleepingcomputer.com/news/security/malware-found-in-arch-linux-aur-package-repository/",
                    "source_name": "Arch Linux Package Systemd Compromise BleepingComputer 10JUL2018"
                },
                {
                    "description": "Eli Schwartz. (2018, June 8). acroread package compromised. Retrieved April 23, 2019.",
                    "url": "https://lists.archlinux.org/pipermail/aur-general/2018-July/034153.html",
                    "source_name": "acroread package compromised Arch Linux Mail 8JUL2018"
                },
                {
                    "source_name": "Rapid7 Service Persistence 22JUNE2016",
                    "url": "https://www.rapid7.com/db/modules/exploit/linux/local/service_persistence",
                    "description": "Rapid7. (2016, June 22). Service Persistence. Retrieved April 23, 2019."
                }
            ],
            "revoked": true,
            "type": "attack-pattern",
            "modified": "2020-01-17T16:51:52.027Z",
            "created": "2019-04-23T15:34:30.008Z"
        }
    ]
}