{
    "type": "bundle",
    "id": "bundle--a7ce8a02-f9a1-4235-aa87-1733f651cdf6",
    "spec_version": "2.0",
    "objects": [
        {
            "id": "attack-pattern--1ce03c65-5946-4ac9-9d4d-66db87e024bd",
            "name": "Domain Fronting",
            "external_references": [
                {
                    "source_name": "mitre-attack",
                    "external_id": "T1172",
                    "url": "https://attack.mitre.org/techniques/T1172"
                },
                {
                    "url": "http://www.icir.org/vern/papers/meek-PETS-2015.pdf",
                    "description": "David Fifield, Chang Lan, Rod Hynes, Percy Wegmann, and Vern Paxson. (2015). Blocking-resistant communication through domain fronting. Retrieved November 20, 2017.",
                    "source_name": "Fifield Blocking Resistent Communication through domain fronting 2015"
                }
            ],
            "revoked": true,
            "type": "attack-pattern",
            "modified": "2020-03-14T23:29:54.083Z",
            "created": "2018-01-16T16:13:52.465Z"
        }
    ]
}