{
    "type": "bundle",
    "id": "bundle--1f18910c-79f2-448e-85c9-5aad44749393",
    "spec_version": "2.0",
    "objects": [
        {
            "id": "attack-pattern--bb0e0cb5-f3e4-4118-a4cb-6bf13bfbc9f2",
            "name": "Netsh Helper DLL",
            "external_references": [
                {
                    "source_name": "mitre-attack",
                    "external_id": "T1128",
                    "url": "https://attack.mitre.org/techniques/T1128"
                },
                {
                    "url": "https://technet.microsoft.com/library/bb490939.aspx",
                    "description": "Microsoft. (n.d.). Using Netsh. Retrieved February 13, 2017.",
                    "source_name": "TechNet Netsh"
                },
                {
                    "url": "https://htmlpreview.github.io/?https://github.com/MatthewDemaske/blogbackup/blob/master/netshell.html",
                    "description": "Demaske, M. (2016, September 23). USING NETSHELL TO EXECUTE EVIL DLLS AND PERSIST ON A HOST. Retrieved April 8, 2017.",
                    "source_name": "Demaske Netsh Persistence"
                },
                {
                    "url": "https://github.com/outflankbv/NetshHelperBeacon",
                    "description": "Smeets, M. (2016, September 26). NetshHelperBeacon. Retrieved February 13, 2017.",
                    "source_name": "Github Netsh Helper CS Beacon"
                }
            ],
            "revoked": true,
            "type": "attack-pattern",
            "modified": "2020-01-24T14:27:28.869Z",
            "created": "2017-05-31T21:31:40.168Z"
        }
    ]
}