{
    "type": "bundle",
    "id": "bundle--c361c608-8dd3-4b7b-ad07-2e6bdeb73f36",
    "spec_version": "2.0",
    "objects": [
        {
            "id": "attack-pattern--62166220-e498-410f-a90a-19d4339d4e99",
            "name": "Image File Execution Options Injection",
            "external_references": [
                {
                    "source_name": "mitre-attack",
                    "external_id": "T1183",
                    "url": "https://attack.mitre.org/techniques/T1183"
                },
                {
                    "url": "https://blogs.msdn.microsoft.com/mithuns/2010/03/24/image-file-execution-options-ifeo/",
                    "description": "Shanbhag, M. (2010, March 24). Image File Execution Options (IFEO). Retrieved December 18, 2017.",
                    "source_name": "Microsoft Dev Blog IFEO Mar 2010"
                },
                {
                    "url": "https://docs.microsoft.com/windows-hardware/drivers/debugger/gflags-overview",
                    "description": "Microsoft. (2017, May 23). GFlags Overview. Retrieved December 18, 2017.",
                    "source_name": "Microsoft GFlags Mar 2017"
                },
                {
                    "url": "https://docs.microsoft.com/windows-hardware/drivers/debugger/registry-entries-for-silent-process-exit",
                    "description": "Marshall, D. & Griffin, S. (2017, November 28). Monitoring Silent Process Exit. Retrieved June 27, 2018.",
                    "source_name": "Microsoft Silent Process Exit NOV 2017"
                },
                {
                    "url": "https://oddvar.moe/2018/04/10/persistence-using-globalflags-in-image-file-execution-options-hidden-from-autoruns-exe/",
                    "description": "Moe, O. (2018, April 10). Persistence using GlobalFlags in Image File Execution Options - Hidden from Autoruns.exe. Retrieved June 27, 2018.",
                    "source_name": "Oddvar Moe IFEO APR 2018"
                },
                {
                    "url": "https://www.endgame.com/blog/technical-blog/ten-process-injection-techniques-technical-survey-common-and-trending-process",
                    "description": "Hosseini, A. (2017, July 18). Ten Process Injection Techniques: A Technical Survey Of Common And Trending Process Injection Techniques. Retrieved December 7, 2017.",
                    "source_name": "Endgame Process Injection July 2017"
                },
                {
                    "url": "https://www.f-secure.com/v-descs/backdoor_w32_hupigon_emv.shtml",
                    "description": "FSecure. (n.d.). Backdoor - W32/Hupigon.EMV - Threat Description. Retrieved December 18, 2017.",
                    "source_name": "FSecure Hupigon"
                },
                {
                    "url": "https://www.symantec.com/security_response/writeup.jsp?docid=2008-062807-2501-99&tabid=2",
                    "description": "Symantec. (2008, June 28). Trojan.Ushedix. Retrieved December 18, 2017.",
                    "source_name": "Symantec Ushedix June 2008"
                }
            ],
            "revoked": true,
            "type": "attack-pattern",
            "modified": "2020-01-24T15:06:35.811Z",
            "created": "2018-01-16T16:13:52.465Z"
        }
    ]
}