{
    "type": "bundle",
    "id": "bundle--0834ac4e-e169-4d73-a8fa-0fa28d8f5aa0",
    "spec_version": "2.0",
    "objects": [
        {
            "external_references": [
                {
                    "source_name": "mitre-attack",
                    "external_id": "T1013",
                    "url": "https://attack.mitre.org/techniques/T1013"
                },
                {
                    "url": "http://msdn.microsoft.com/en-us/library/dd183341",
                    "description": "Microsoft. (n.d.). AddMonitor function. Retrieved November 12, 2014.",
                    "source_name": "AddMonitor"
                },
                {
                    "url": "https://www.defcon.org/images/defcon-22/dc-22-presentations/Bloxham/DEFCON-22-Brady-Bloxham-Windows-API-Abuse-UPDATED.pdf",
                    "description": "Bloxham, B. (n.d.). Getting Windows to Play with Itself &#91;PowerPoint slides&#93;. Retrieved November 12, 2014.",
                    "source_name": "Bloxham"
                },
                {
                    "url": "https://technet.microsoft.com/en-us/sysinternals/bb963902",
                    "description": "Russinovich, M. (2016, January 4). Autoruns for Windows v13.51. Retrieved June 6, 2016.",
                    "source_name": "TechNet Autoruns"
                }
            ],
            "name": "Port Monitors",
            "id": "attack-pattern--1f47e2fd-fa77-4f2f-88ee-e85df308f125",
            "revoked": true,
            "type": "attack-pattern",
            "modified": "2020-01-24T19:47:55.183Z",
            "created": "2017-05-31T21:30:26.057Z"
        }
    ]
}