{
    "type": "bundle",
    "id": "bundle--f8c97b3c-98e0-4083-98b8-ce990023ebd1",
    "spec_version": "2.0",
    "objects": [
        {
            "id": "attack-pattern--3489cfc5-640f-4bb3-a103-9137b97de79f",
            "created_by_ref": "identity--c78cb6e5-0c4b-4611-8297-d1b8b55e40b5",
            "name": "Network Share Discovery",
            "description": "Adversaries may look for folders and drives shared on remote systems as a means of identifying sources of information to gather as a precursor for Collection and to identify potential systems of interest for Lateral Movement. Networks often contain shared network drives and folders that enable users to access file directories on various systems across a network. \n\nFile sharing over a Windows network occurs over the SMB protocol. (Citation: Wikipedia Shared Resource) (Citation: TechNet Shared Folder) [Net](https://attack.mitre.org/software/S0039) can be used to query a remote system for available shared drives using the <code>net view \\\\remotesystem</code> command. It can also be used to query shared drives on the local system using <code>net share</code>.",
            "external_references": [
                {
                    "source_name": "mitre-attack",
                    "external_id": "T1135",
                    "url": "https://attack.mitre.org/techniques/T1135"
                },
                {
                    "external_id": "CAPEC-643",
                    "source_name": "capec",
                    "url": "https://capec.mitre.org/data/definitions/643.html"
                },
                {
                    "url": "https://en.wikipedia.org/wiki/Shared_resource",
                    "description": "Wikipedia. (2017, April 15). Shared resource. Retrieved June 30, 2017.",
                    "source_name": "Wikipedia Shared Resource"
                },
                {
                    "url": "https://technet.microsoft.com/library/cc770880.aspx",
                    "description": "Microsoft. (n.d.). Share a Folder or Drive. Retrieved June 30, 2017.",
                    "source_name": "TechNet Shared Folder"
                }
            ],
            "object_marking_refs": [
                "marking-definition--fa42a846-8d90-4e51-bc29-71d5b4802168"
            ],
            "type": "attack-pattern",
            "kill_chain_phases": [
                {
                    "kill_chain_name": "mitre-attack",
                    "phase_name": "discovery"
                }
            ],
            "modified": "2020-10-07T18:10:06.463Z",
            "created": "2017-12-14T16:46:06.044Z",
            "x_mitre_is_subtechnique": false,
            "x_mitre_contributors": [
                "Praetorian"
            ],
            "x_mitre_permissions_required": [
                "User"
            ],
            "x_mitre_platforms": [
                "macOS",
                "Windows",
                "Linux"
            ],
            "x_mitre_detection": "System and network discovery techniques normally occur throughout an operation as an adversary learns the environment. Data and events should not be viewed in isolation, but as part of a chain of behavior that could lead to other activities, such as Lateral Movement, based on the information obtained.\n\nNormal, benign system and network events related to legitimate remote system discovery may be uncommon, depending on the environment and how they are used. Monitor processes and command-line arguments for actions that could be taken to gather system and network information. Remote access tools with built-in features may interact directly with the Windows API to gather information. Information may also be acquired through Windows system management tools such as [Windows Management Instrumentation](https://attack.mitre.org/techniques/T1047) and [PowerShell](https://attack.mitre.org/techniques/T1059/001).",
            "x_mitre_data_sources": [
                "Process monitoring",
                "Process command-line parameters",
                "Network protocol analysis",
                "Process use of network"
            ],
            "x_mitre_version": "3.0"
        }
    ]
}