{
    "type": "bundle",
    "id": "bundle--3239f5ed-a4d1-4f61-b1e7-8e1b5de5db3a",
    "spec_version": "2.0",
    "objects": [
        {
            "external_references": [
                {
                    "source_name": "mitre-attack",
                    "external_id": "T1560.002",
                    "url": "https://attack.mitre.org/techniques/T1560/002"
                },
                {
                    "source_name": "PyPI RAR",
                    "url": "https://pypi.org/project/rarfile/",
                    "description": "mkz. (2020). rarfile 3.1. Retrieved February 20, 2020."
                },
                {
                    "source_name": "libzip",
                    "url": "https://libzip.org/",
                    "description": "D. Baron, T. Klausner. (2020). libzip. Retrieved February 20, 2020."
                },
                {
                    "source_name": "Zlib Github",
                    "url": "https://github.com/madler/zlib",
                    "description": "madler. (2017). zlib. Retrieved February 20, 2020."
                },
                {
                    "url": "https://en.wikipedia.org/wiki/List_of_file_signatures",
                    "description": "Wikipedia. (2016, March 31). List of file signatures. Retrieved April 22, 2016.",
                    "source_name": "Wikipedia File Header Signatures"
                }
            ],
            "object_marking_refs": [
                "marking-definition--fa42a846-8d90-4e51-bc29-71d5b4802168"
            ],
            "created_by_ref": "identity--c78cb6e5-0c4b-4611-8297-d1b8b55e40b5",
            "name": "Archive via Library",
            "description": "An adversary may compress or encrypt data that is collected prior to exfiltration using 3rd party libraries. Many libraries exist that can archive data, including [Python](https://attack.mitre.org/techniques/T1059/006) rarfile (Citation: PyPI RAR), libzip (Citation: libzip), and zlib (Citation: Zlib Github). Most libraries include functionality to encrypt and/or compress data.\n\nSome archival libraries are preinstalled on systems, such as bzip2 on macOS and Linux, and zip on Windows. Note that the libraries are different from the utilities. The libraries can be linked against when compiling, while the utilities require spawning a subshell, or a similar execution mechanism.",
            "id": "attack-pattern--41868330-6ee2-4d0f-b743-9f2294c3c9b6",
            "type": "attack-pattern",
            "kill_chain_phases": [
                {
                    "kill_chain_name": "mitre-attack",
                    "phase_name": "collection"
                }
            ],
            "modified": "2020-03-29T18:27:30.891Z",
            "created": "2020-02-20T21:08:52.529Z",
            "x_mitre_version": "1.0",
            "x_mitre_is_subtechnique": true,
            "x_mitre_detection": "Monitor processes for accesses to known archival libraries. This may yield a significant number of benign events, depending on how systems in the environment are typically used.\n\nConsider detecting writing of files with extensions and/or headers associated with compressed or encrypted file types. Detection efforts may focus on follow-on exfiltration activity, where compressed or encrypted files can be detected in transit with a network intrusion detection or data loss prevention system analyzing file headers.(Citation: Wikipedia File Header Signatures)",
            "x_mitre_data_sources": [
                "Process monitoring",
                "Process command-line parameters"
            ],
            "x_mitre_platforms": [
                "Linux",
                "macOS",
                "Windows"
            ]
        }
    ]
}