{
    "type": "bundle",
    "id": "bundle--7b4d444b-b37c-474f-b27e-a75910ba99f2",
    "spec_version": "2.0",
    "objects": [
        {
            "external_references": [
                {
                    "source_name": "mitre-attack",
                    "external_id": "T1073",
                    "url": "https://attack.mitre.org/techniques/T1073"
                },
                {
                    "external_id": "CAPEC-641",
                    "source_name": "capec",
                    "url": "https://capec.mitre.org/data/definitions/641.html"
                },
                {
                    "url": "https://msdn.microsoft.com/en-us/library/aa375365",
                    "description": "Microsoft. (n.d.). Manifests. Retrieved June 3, 2016.",
                    "source_name": "MSDN Manifests"
                },
                {
                    "url": "https://www.fireeye.com/content/dam/fireeye-www/global/en/current-threats/pdfs/rpt-dll-sideloading.pdf",
                    "description": "Stewart, A. (2014). DLL SIDE-LOADING: A Thorn in the Side of the Anti-Virus Industry. Retrieved November 12, 2014.",
                    "source_name": "Stewart 2014"
                }
            ],
            "name": "DLL Side-Loading",
            "id": "attack-pattern--b2001907-166b-4d71-bb3c-9d26c871de09",
            "revoked": true,
            "type": "attack-pattern",
            "modified": "2020-03-20T14:28:39.529Z",
            "created": "2017-05-31T21:30:58.007Z"
        }
    ]
}