{
    "type": "bundle",
    "id": "bundle--99e111c9-ef74-473b-a512-d9579e4adfe7",
    "spec_version": "2.0",
    "objects": [
        {
            "id": "attack-pattern--1df0326d-2fbc-4d08-a16b-48365f1e742d",
            "name": "SID-History Injection",
            "external_references": [
                {
                    "source_name": "mitre-attack",
                    "external_id": "T1178",
                    "url": "https://attack.mitre.org/techniques/T1178"
                },
                {
                    "source_name": "Microsoft SID",
                    "description": "Microsoft. (n.d.). Security Identifiers. Retrieved November 30, 2017.",
                    "url": "https://msdn.microsoft.com/library/windows/desktop/aa379571.aspx"
                },
                {
                    "url": "https://msdn.microsoft.com/library/ms679833.aspx",
                    "description": "Microsoft. (n.d.). Active Directory Schema - SID-History attribute. Retrieved November 30, 2017.",
                    "source_name": "Microsoft SID-History Attribute"
                },
                {
                    "source_name": "Microsoft Well Known SIDs Jun 2017",
                    "description": "Microsoft. (2017, June 23). Well-known security identifiers in Windows operating systems. Retrieved November 30, 2017.",
                    "url": "https://support.microsoft.com/help/243330/well-known-security-identifiers-in-windows-operating-systems"
                },
                {
                    "source_name": "Microsoft Get-ADUser",
                    "description": "Microsoft. (n.d.). Active Directory Cmdlets - Get-ADUser. Retrieved November 30, 2017.",
                    "url": "https://technet.microsoft.com/library/ee617241.aspx"
                },
                {
                    "source_name": "AdSecurity SID History Sept 2015",
                    "description": "Metcalf, S. (2015, September 19). Sneaky Active Directory Persistence #14: SID History. Retrieved November 30, 2017.",
                    "url": "https://adsecurity.org/?p=1772"
                },
                {
                    "url": "https://msdn.microsoft.com/library/ms677982.aspx",
                    "description": "Microsoft. (n.d.). Using DsAddSidHistory. Retrieved November 30, 2017.",
                    "source_name": "Microsoft DsAddSidHistory"
                }
            ],
            "revoked": true,
            "type": "attack-pattern",
            "modified": "2020-02-18T18:35:21.493Z",
            "created": "2018-01-16T16:13:52.465Z"
        }
    ]
}