{
    "type": "bundle",
    "id": "bundle--ae7ceaa7-be30-4ffe-8a43-2c47197c6ee0",
    "spec_version": "2.0",
    "objects": [
        {
            "external_references": [
                {
                    "source_name": "mitre-attack",
                    "external_id": "T1215",
                    "url": "https://attack.mitre.org/techniques/T1215"
                },
                {
                    "source_name": "Linux Kernel Programming",
                    "url": "https://www.tldp.org/LDP/lkmpg/2.4/lkmpg.pdf",
                    "description": "Pomerantz, O., Salzman, P.. (2003, April 4). The Linux Kernel Module Programming Guide. Retrieved April 6, 2018."
                },
                {
                    "url": "http://www.tldp.org/LDP/lkmpg/2.4/html/x437.html",
                    "description": "Pomerantz, O., Salzman, P. (2003, April 4). Modules vs Programs. Retrieved April 6, 2018.",
                    "source_name": "Linux Kernel Module Programming Guide"
                },
                {
                    "url": "https://volatility-labs.blogspot.com/2012/10/phalanx-2-revealed-using-volatility-to.html",
                    "description": "Case, A. (2012, October 10). Phalanx 2 Revealed: Using Volatility to Analyze an Advanced Linux Rootkit. Retrieved April 9, 2018.",
                    "source_name": "Volatility Phalanx2"
                },
                {
                    "url": "https://www.crowdstrike.com/blog/http-iframe-injecting-linux-rootkit/",
                    "description": "Kurtz, G. (2012, November 19). HTTP iframe Injecting Linux Rootkit. Retrieved December 21, 2017.",
                    "source_name": "CrowdStrike Linux Rootkit"
                },
                {
                    "url": "https://github.com/f0rb1dd3n/Reptile",
                    "description": "Augusto, I. (2018, March 8). Reptile - LMK Linux rootkit. Retrieved April 9, 2018.",
                    "source_name": "GitHub Reptile"
                },
                {
                    "url": "https://github.com/m0nad/Diamorphine",
                    "description": "Mello, V. (2018, March 8). Diamorphine - LMK rootkit for Linux Kernels 2.6.x/3.x/4.x (x86 and x86_64). Retrieved April 9, 2018.",
                    "source_name": "GitHub Diamorphine"
                },
                {
                    "url": "http://www.megasecurity.org/papers/Rootkits.pdf",
                    "description": "Chuvakin, A. (2003, February). An Overview of Rootkits. Retrieved April 6, 2018.",
                    "source_name": "iDefense Rootkit Overview"
                },
                {
                    "url": "https://www.rsaconference.com/writable/presentations/file_upload/ht-r03-malware-persistence-on-os-x-yosemite_final.pdf",
                    "description": "Wardle, P. (2015, April). Malware Persistence on OS X Yosemite. Retrieved April 6, 2018.",
                    "source_name": "RSAC 2015 San Francisco Patrick Wardle"
                },
                {
                    "url": "https://www.synack.com/2017/09/08/high-sierras-secure-kernel-extension-loading-is-broken/",
                    "description": "Wardle, P. (2017, September 8). High Sierra\u2019s \u2018Secure Kernel Extension Loading\u2019 is Broken. Retrieved April 6, 2018.",
                    "source_name": "Synack Secure Kernel Extension Broken"
                },
                {
                    "url": "https://securelist.com/the-ventir-trojan-assemble-your-macos-spy/67267/",
                    "description": "Mikhail, K. (2014, October 16). The Ventir Trojan: assemble your MacOS spy. Retrieved April 6, 2018.",
                    "source_name": "Securelist Ventir"
                },
                {
                    "url": "https://en.wikipedia.org/wiki/Loadable_kernel_module#Linux",
                    "description": "Wikipedia. (2018, March 17). Loadable kernel module. Retrieved April 9, 2018.",
                    "source_name": "Wikipedia Loadable Kernel Module"
                },
                {
                    "url": "http://tldp.org/HOWTO/Module-HOWTO/x197.html",
                    "description": "Henderson, B. (2006, September 24). How To Insert And Remove LKMs. Retrieved April 9, 2018.",
                    "source_name": "Linux Loadable Kernel Module Insert and Remove LKMs"
                }
            ],
            "name": "Kernel Modules and Extensions",
            "id": "attack-pattern--6be14413-578e-46c1-8304-310762b3ecd5",
            "revoked": true,
            "type": "attack-pattern",
            "modified": "2020-01-24T17:57:51.019Z",
            "created": "2018-04-18T17:59:24.739Z"
        }
    ]
}