{
    "type": "bundle",
    "id": "bundle--86caa2f4-fc43-4570-bbb9-34cc77520e22",
    "spec_version": "2.0",
    "objects": [
        {
            "external_references": [
                {
                    "source_name": "mitre-attack",
                    "external_id": "T1491.001",
                    "url": "https://attack.mitre.org/techniques/T1491/001"
                },
                {
                    "source_name": "Novetta Blockbuster",
                    "description": "Novetta Threat Research Group. (2016, February 24). Operation Blockbuster: Unraveling the Long Thread of the Sony Attack. Retrieved February 25, 2016.",
                    "url": "https://www.operationblockbuster.com/wp-content/uploads/2016/02/Operation-Blockbuster-Report.pdf"
                },
                {
                    "source_name": "Novetta Blockbuster Destructive Malware",
                    "description": "Novetta Threat Research Group. (2016, February 24). Operation Blockbuster: Destructive Malware Report. Retrieved March 2, 2016.",
                    "url": "https://operationblockbuster.com/wp-content/uploads/2016/02/Operation-Blockbuster-Destructive-Malware-Report.pdf"
                }
            ],
            "object_marking_refs": [
                "marking-definition--fa42a846-8d90-4e51-bc29-71d5b4802168"
            ],
            "created_by_ref": "identity--c78cb6e5-0c4b-4611-8297-d1b8b55e40b5",
            "name": "Internal Defacement",
            "description": "An adversary may deface systems internal to an organization in an attempt to intimidate or mislead users. This may take the form of modifications to internal websites, or directly to user systems with the replacement of the desktop wallpaper.(Citation: Novetta Blockbuster) Disturbing or offensive images may be used as a part of [Internal Defacement](https://attack.mitre.org/techniques/T1491/001) in order to cause user discomfort, or to pressure compliance with accompanying messages. Since internally defacing systems exposes an adversary's presence, it often takes place after other intrusion goals have been accomplished.(Citation: Novetta Blockbuster Destructive Malware)",
            "id": "attack-pattern--8c41090b-aa47-4331-986b-8c9a51a91103",
            "type": "attack-pattern",
            "kill_chain_phases": [
                {
                    "kill_chain_name": "mitre-attack",
                    "phase_name": "impact"
                }
            ],
            "modified": "2020-03-29T22:57:04.784Z",
            "created": "2020-02-20T14:31:34.778Z",
            "x_mitre_version": "1.0",
            "x_mitre_is_subtechnique": true,
            "x_mitre_impact_type": [
                "Integrity"
            ],
            "x_mitre_detection": "Monitor internal and websites for unplanned content changes. Monitor application logs for abnormal behavior that may indicate attempted or successful exploitation. Use deep packet inspection to look for artifacts of common exploit traffic, such as SQL injection. Web Application Firewalls may detect improper inputs attempting exploitation.",
            "x_mitre_data_sources": [
                "Web logs",
                "Web application firewall logs",
                "Packet capture"
            ],
            "x_mitre_platforms": [
                "Linux",
                "macOS",
                "Windows"
            ]
        }
    ]
}