{
    "type": "bundle",
    "id": "bundle--2176e97a-5f0a-48da-9a97-e7e34735f32d",
    "spec_version": "2.0",
    "objects": [
        {
            "created": "2017-05-31T21:31:04.710Z",
            "modified": "2020-09-16T16:02:16.770Z",
            "kill_chain_phases": [
                {
                    "kill_chain_name": "mitre-attack",
                    "phase_name": "discovery"
                }
            ],
            "type": "attack-pattern",
            "object_marking_refs": [
                "marking-definition--fa42a846-8d90-4e51-bc29-71d5b4802168"
            ],
            "external_references": [
                {
                    "source_name": "mitre-attack",
                    "external_id": "T1083",
                    "url": "https://attack.mitre.org/techniques/T1083"
                },
                {
                    "external_id": "CAPEC-127",
                    "source_name": "capec",
                    "url": "https://capec.mitre.org/data/definitions/127.html"
                },
                {
                    "external_id": "CAPEC-497",
                    "source_name": "capec",
                    "url": "https://capec.mitre.org/data/definitions/497.html"
                },
                {
                    "url": "http://blog.jpcert.or.jp/2016/01/windows-commands-abused-by-attackers.html",
                    "description": "Tomonaga, S. (2016, January 26). Windows Commands Abused by Attackers. Retrieved February 2, 2016.",
                    "source_name": "Windows Commands JPCERT"
                }
            ],
            "description": "Adversaries may enumerate files and directories or may search in specific locations of a host or network share for certain information within a file system. Adversaries may use the information from [File and Directory Discovery](https://attack.mitre.org/techniques/T1083) during automated discovery to shape follow-on behaviors, including whether or not the adversary fully infects the target and/or attempts specific actions.\n\nMany command shell utilities can be used to obtain this information. Examples include <code>dir</code>, <code>tree</code>, <code>ls</code>, <code>find</code>, and <code>locate</code>. (Citation: Windows Commands JPCERT) Custom tools may also be used to gather file and directory information and interact with the [Native API](https://attack.mitre.org/techniques/T1106).",
            "name": "File and Directory Discovery",
            "created_by_ref": "identity--c78cb6e5-0c4b-4611-8297-d1b8b55e40b5",
            "id": "attack-pattern--7bc57495-ea59-4380-be31-a64af124ef18",
            "x_mitre_is_subtechnique": false,
            "x_mitre_version": "1.3",
            "x_mitre_data_sources": [
                "File monitoring",
                "Process monitoring",
                "Process command-line parameters"
            ],
            "x_mitre_detection": "System and network discovery techniques normally occur throughout an operation as an adversary learns the environment. Data and events should not be viewed in isolation, but as part of a chain of behavior that could lead to other activities, such as Collection and Exfiltration, based on the information obtained.\n\nMonitor processes and command-line arguments for actions that could be taken to gather system and network information. Remote access tools with built-in features may interact directly with the Windows API to gather information. Information may also be acquired through Windows system management tools such as [Windows Management Instrumentation](https://attack.mitre.org/techniques/T1047) and [PowerShell](https://attack.mitre.org/techniques/T1059/001).",
            "x_mitre_platforms": [
                "Linux",
                "macOS",
                "Windows"
            ],
            "x_mitre_permissions_required": [
                "User",
                "Administrator",
                "SYSTEM"
            ],
            "x_mitre_system_requirements": [
                "Some folders may require Administrator, SYSTEM or specific user depending on permission levels and access controls"
            ]
        }
    ]
}