{
    "type": "bundle",
    "id": "bundle--b2cbe927-18ae-4882-a37a-ca656966335f",
    "spec_version": "2.0",
    "objects": [
        {
            "external_references": [
                {
                    "source_name": "mitre-attack",
                    "external_id": "T1503",
                    "url": "https://attack.mitre.org/techniques/T1503"
                },
                {
                    "source_name": "Talos Olympic Destroyer 2018",
                    "url": "https://blog.talosintelligence.com/2018/02/olympic-destroyer.html",
                    "description": "Mercer, W. and Rascagneres, P. (2018, February 12). Olympic Destroyer Takes Aim At Winter Olympics. Retrieved March 14, 2019."
                },
                {
                    "source_name": "Microsoft CryptUnprotectData \u200eApril 2018",
                    "url": "https://docs.microsoft.com/en-us/windows/desktop/api/dpapi/nf-dpapi-cryptunprotectdata",
                    "description": "Microsoft. (2018, April 12). CryptUnprotectData function. Retrieved June 18, 2019."
                },
                {
                    "source_name": "Proofpoint Vega Credential Stealer May 2018",
                    "url": "https://www.proofpoint.com/us/threat-insight/post/new-vega-stealer-shines-brightly-targeted-campaign",
                    "description": "Proofpoint. (2018, May 10). New Vega Stealer shines brightly in targeted campaign . Retrieved June 18, 2019."
                },
                {
                    "source_name": "FireEye HawkEye Malware July 2017",
                    "url": "https://www.fireeye.com/blog/threat-research/2017/07/hawkeye-malware-distributed-in-phishing-campaign.html",
                    "description": "Swapnil Patil, Yogesh Londhe. (2017, July 25). HawkEye Credential Theft Malware Distributed in Recent Phishing Campaign. Retrieved June 18, 2019."
                },
                {
                    "source_name": "GitHub Mimikittenz July 2016",
                    "url": "https://github.com/putterpanda/mimikittenz",
                    "description": "Jamieson O'Reilly (putterpanda). (2016, July 4). mimikittenz. Retrieved June 20, 2019."
                }
            ],
            "name": "Credentials from Web Browsers",
            "id": "attack-pattern--4579d9c9-d5b9-45e0-9848-0104637b579f",
            "revoked": true,
            "type": "attack-pattern",
            "modified": "2020-02-12T18:57:58.395Z",
            "created": "2019-06-17T19:34:51.855Z"
        }
    ]
}