{
    "type": "bundle",
    "id": "bundle--07156951-0a88-4381-8637-3e496d274594",
    "spec_version": "2.0",
    "objects": [
        {
            "created": "2020-02-19T18:52:24.547Z",
            "modified": "2020-02-19T20:53:50.908Z",
            "kill_chain_phases": [
                {
                    "kill_chain_name": "mitre-attack",
                    "phase_name": "collection"
                }
            ],
            "type": "attack-pattern",
            "id": "attack-pattern--b4694861-542c-48ea-9eb1-10d356e7140a",
            "description": "Adversaries may target an Exchange server or Office 365 to collect sensitive information. Adversaries may leverage a user's credentials and interact directly with the Exchange server to acquire information from within a network. Adversaries may also access externally facing Exchange services or Office 365 to access email using credentials or access tokens. Tools such as [MailSniper](https://attack.mitre.org/software/S0413) can be used to automate searches for specific keywords.",
            "name": "Remote Email Collection",
            "created_by_ref": "identity--c78cb6e5-0c4b-4611-8297-d1b8b55e40b5",
            "object_marking_refs": [
                "marking-definition--fa42a846-8d90-4e51-bc29-71d5b4802168"
            ],
            "external_references": [
                {
                    "source_name": "mitre-attack",
                    "external_id": "T1114.002",
                    "url": "https://attack.mitre.org/techniques/T1114/002"
                }
            ],
            "x_mitre_platforms": [
                "Office 365",
                "Windows"
            ],
            "x_mitre_data_sources": [
                "Authentication logs",
                "Email gateway",
                "Mail server",
                "Office 365 trace logs"
            ],
            "x_mitre_detection": "Monitor for unusual login activity from unknown or abnormal locations, especially for privileged accounts (ex: Exchange administrator account).",
            "x_mitre_is_subtechnique": true,
            "x_mitre_version": "1.0"
        }
    ]
}