{
    "type": "bundle",
    "id": "bundle--bf5f9ef7-1efa-481a-bc49-37575cae5cf7",
    "spec_version": "2.0",
    "objects": [
        {
            "created": "2020-02-20T21:01:25.428Z",
            "modified": "2020-03-25T21:54:37.374Z",
            "kill_chain_phases": [
                {
                    "kill_chain_name": "mitre-attack",
                    "phase_name": "collection"
                }
            ],
            "type": "attack-pattern",
            "id": "attack-pattern--00f90846-cbd1-4fc5-9233-df5c2bf2a662",
            "description": "An adversary may compress or encrypt data that is collected prior to exfiltration using 3rd party utilities. Many utilities exist that can archive data, including 7-Zip(Citation: 7zip Homepage), WinRAR(Citation: WinRAR Homepage), and WinZip(Citation: WinZip Homepage). Most utilities include functionality to encrypt and/or compress data.\n\nSome 3rd party utilities may be preinstalled, such as `tar` on Linux and macOS or `zip` on Windows systems.",
            "name": "Archive via Utility",
            "created_by_ref": "identity--c78cb6e5-0c4b-4611-8297-d1b8b55e40b5",
            "object_marking_refs": [
                "marking-definition--fa42a846-8d90-4e51-bc29-71d5b4802168"
            ],
            "external_references": [
                {
                    "source_name": "mitre-attack",
                    "external_id": "T1560.001",
                    "url": "https://attack.mitre.org/techniques/T1560/001"
                },
                {
                    "source_name": "7zip Homepage",
                    "url": "https://www.7-zip.org/",
                    "description": "I. Pavlov. (2019). 7-Zip. Retrieved February 20, 2020."
                },
                {
                    "source_name": "WinRAR Homepage",
                    "url": "https://www.rarlab.com/",
                    "description": "A. Roshal. (2020). RARLAB. Retrieved February 20, 2020."
                },
                {
                    "source_name": "WinZip Homepage",
                    "url": "https://www.winzip.com/win/en/",
                    "description": "Corel Corporation. (2020). WinZip. Retrieved February 20, 2020."
                },
                {
                    "url": "https://en.wikipedia.org/wiki/List_of_file_signatures",
                    "description": "Wikipedia. (2016, March 31). List of file signatures. Retrieved April 22, 2016.",
                    "source_name": "Wikipedia File Header Signatures"
                }
            ],
            "x_mitre_platforms": [
                "Linux",
                "macOS",
                "Windows"
            ],
            "x_mitre_data_sources": [
                "Process monitoring",
                "Process command-line parameters",
                "File monitoring",
                "Binary file metadata"
            ],
            "x_mitre_detection": "Common utilities that may be present on the system or brought in by an adversary may be detectable through process monitoring and monitoring for command-line arguments for known archival utilities. This may yield a significant number of benign events, depending on how systems in the environment are typically used.\n\nConsider detecting writing of files with extensions and/or headers associated with compressed or encrypted file types. Detection efforts may focus on follow-on exfiltration activity, where compressed or encrypted files can be detected in transit with a network intrusion detection or data loss prevention system analyzing file headers.(Citation: Wikipedia File Header Signatures)",
            "x_mitre_is_subtechnique": true,
            "x_mitre_version": "1.0"
        }
    ]
}