{
    "type": "bundle",
    "id": "bundle--99003aa7-3da1-4632-bb3d-731eb656100a",
    "spec_version": "2.0",
    "objects": [
        {
            "id": "attack-pattern--51ea26b1-ff1e-4faa-b1a0-1114cd298c87",
            "created_by_ref": "identity--c78cb6e5-0c4b-4611-8297-d1b8b55e40b5",
            "name": "Exfiltration Over Other Network Medium",
            "description": "Adversaries may attempt to exfiltrate data over a different network medium than the command and control channel. If the command and control network is a wired Internet connection, the exfiltration may occur, for example, over a WiFi connection, modem, cellular data connection, Bluetooth, or another radio frequency (RF) channel.\n\nAdversaries may choose to do this if they have sufficient access or proximity, and the connection might not be secured or defended as well as the primary Internet-connected channel because it is not routed through the same enterprise network",
            "external_references": [
                {
                    "source_name": "mitre-attack",
                    "url": "https://attack.mitre.org/techniques/T1011",
                    "external_id": "T1011"
                }
            ],
            "object_marking_refs": [
                "marking-definition--fa42a846-8d90-4e51-bc29-71d5b4802168"
            ],
            "type": "attack-pattern",
            "kill_chain_phases": [
                {
                    "kill_chain_name": "mitre-attack",
                    "phase_name": "exfiltration"
                }
            ],
            "modified": "2020-03-28T00:35:24.570Z",
            "created": "2017-05-31T21:30:25.159Z",
            "x_mitre_is_subtechnique": false,
            "x_mitre_platforms": [
                "Linux",
                "macOS",
                "Windows"
            ],
            "x_mitre_network_requirements": true,
            "x_mitre_detection": "Monitor for processes utilizing the network that do not normally have network communication or have never been seen before. Processes that normally require user-driven events to access the network (for example, a web browser opening with a mouse click or key press) but access the network without such may be malicious.\n\nMonitor for and investigate changes to host adapter settings, such as addition and/or replication of communication interfaces.",
            "x_mitre_contributors": [
                "Itzik Kotler, SafeBreach"
            ],
            "x_mitre_data_sources": [
                "User interface",
                "Process monitoring"
            ],
            "x_mitre_version": "1.1"
        }
    ]
}