{
    "type": "bundle",
    "id": "bundle--daa6bcc7-89f5-41c3-b1af-3d577c1df796",
    "spec_version": "2.0",
    "objects": [
        {
            "external_references": [
                {
                    "source_name": "mitre-attack",
                    "external_id": "T1070.002",
                    "url": "https://attack.mitre.org/techniques/T1070/002"
                },
                {
                    "source_name": "Linux Logs",
                    "url": "https://www.eurovps.com/blog/important-linux-log-files-you-must-be-monitoring/",
                    "description": "Marcel. (2018, April 19). 12 Critical Linux Log Files You Must be Monitoring. Retrieved March 29, 2020."
                }
            ],
            "object_marking_refs": [
                "marking-definition--fa42a846-8d90-4e51-bc29-71d5b4802168"
            ],
            "created_by_ref": "identity--c78cb6e5-0c4b-4611-8297-d1b8b55e40b5",
            "name": "Clear Linux or Mac System Logs",
            "description": "Adversaries may clear system logs to hide evidence of an intrusion. macOS and Linux both keep track of system or user-initiated actions via system logs. The majority of native system logging is stored under the <code>/var/log/</code> directory. Subfolders in this directory categorize logs by their related functions, such as:(Citation: Linux Logs)\n\n* <code>/var/log/messages:</code>: General and system-related messages\n* <code>/var/log/secure</code> or <code>/var/log/auth.log</code>: Authentication logs\n* <code>/var/log/utmp</code> or <code>/var/log/wtmp</code>: Login records\n* <code>/var/log/kern.log</code>: Kernel logs\n* <code>/var/log/cron.log</code>: Crond logs\n* <code>/var/log/maillog</code>: Mail server logs\n* <code>/var/log/httpd/</code>: Web server access and error logs\n",
            "id": "attack-pattern--2bce5b30-7014-4a5d-ade7-12913fe6ac36",
            "type": "attack-pattern",
            "kill_chain_phases": [
                {
                    "kill_chain_name": "mitre-attack",
                    "phase_name": "defense-evasion"
                }
            ],
            "modified": "2020-03-29T21:23:51.886Z",
            "created": "2020-01-28T17:11:54.034Z",
            "x_mitre_version": "1.0",
            "x_mitre_is_subtechnique": true,
            "x_mitre_detection": "File system monitoring may be used to detect improper deletion or modification of indicator files. Also monitor for suspicious processes interacting with log files.",
            "x_mitre_data_sources": [
                "Process command-line parameters",
                "Process monitoring",
                "File monitoring"
            ],
            "x_mitre_platforms": [
                "Linux",
                "macOS"
            ]
        }
    ]
}