{
    "type": "bundle",
    "id": "bundle--5db564b5-5593-46f0-9305-63fa56a727bd",
    "spec_version": "2.0",
    "objects": [
        {
            "id": "attack-pattern--b53dbcc6-147d-48bb-9df4-bcb8bb808ff6",
            "name": "Trap",
            "external_references": [
                {
                    "source_name": "mitre-attack",
                    "external_id": "T1154",
                    "url": "https://attack.mitre.org/techniques/T1154"
                },
                {
                    "source_name": "Trap Manual",
                    "url": "https://ss64.com/bash/trap.html",
                    "description": "ss64. (n.d.). trap. Retrieved May 21, 2019."
                },
                {
                    "source_name": "Cyberciti Trap Statements",
                    "url": "https://bash.cyberciti.biz/guide/Trap_statement",
                    "description": "Cyberciti. (2016, March 29). Trap statement. Retrieved May 21, 2019."
                }
            ],
            "revoked": true,
            "type": "attack-pattern",
            "modified": "2020-01-24T14:18:13.478Z",
            "created": "2017-12-14T16:46:06.044Z"
        }
    ]
}