{
    "type": "bundle",
    "id": "bundle--e15e2665-e290-448b-bf36-580ce0e39745",
    "spec_version": "2.0",
    "objects": [
        {
            "id": "attack-pattern--101c3a64-9ba5-46c9-b573-5c501053cbca",
            "name": "Elevated Execution with Prompt",
            "external_references": [
                {
                    "source_name": "mitre-attack",
                    "external_id": "T1514",
                    "url": "https://attack.mitre.org/techniques/T1514"
                },
                {
                    "source_name": "AppleDocs AuthorizationExecuteWithPrivileges",
                    "url": "https://developer.apple.com/documentation/security/1540038-authorizationexecutewithprivileg",
                    "description": "Apple. (n.d.). Apple Developer Documentation - AuthorizationExecuteWithPrivileges. Retrieved August 8, 2019."
                },
                {
                    "source_name": "Death by 1000 installers; it's all broken!",
                    "url": "https://speakerdeck.com/patrickwardle/defcon-2017-death-by-1000-installers-its-all-broken?slide=8",
                    "description": "Patrick Wardle. (2017). Death by 1000 installers; it's all broken!. Retrieved August 8, 2019."
                },
                {
                    "source_name": "Carbon Black Shlayer Feb 2019",
                    "url": "https://www.carbonblack.com/2019/02/12/tau-threat-intelligence-notification-new-macos-malware-variant-of-shlayer-osx-discovered/",
                    "description": "Carbon Black Threat Analysis Unit. (2019, February 12). New macOS Malware Variant of Shlayer (OSX) Discovered. Retrieved August 8, 2019."
                },
                {
                    "source_name": "OSX Coldroot RAT",
                    "url": "https://objective-see.com/blog/blog_0x2A.html",
                    "description": "Patrick Wardle. (2018, February 17). Tearing Apart the Undetected (OSX)Coldroot RAT. Retrieved August 8, 2019."
                }
            ],
            "revoked": true,
            "type": "attack-pattern",
            "modified": "2020-02-05T20:13:51.857Z",
            "created": "2019-08-08T14:29:37.108Z"
        }
    ]
}