{
    "type": "bundle",
    "id": "bundle--a4b989e8-00d8-4154-959d-6dab783b929b",
    "spec_version": "2.0",
    "objects": [
        {
            "external_references": [
                {
                    "source_name": "mitre-attack",
                    "external_id": "T1596.002",
                    "url": "https://attack.mitre.org/techniques/T1596/002"
                },
                {
                    "source_name": "WHOIS",
                    "url": "https://www.whois.net/",
                    "description": "NTT America. (n.d.). Whois Lookup. Retrieved October 20, 2020."
                }
            ],
            "object_marking_refs": [
                "marking-definition--fa42a846-8d90-4e51-bc29-71d5b4802168"
            ],
            "created_by_ref": "identity--c78cb6e5-0c4b-4611-8297-d1b8b55e40b5",
            "name": "WHOIS",
            "description": "Before compromising a victim, adversaries may search public WHOIS data for information about victims that can be used during targeting. WHOIS data is stored by regional Internet registries (RIR) responsible for allocating and assigning Internet resources such as domain names. Anyone can query WHOIS servers for information about a registered domain, such as assigned IP blocks, contact information, and DNS nameservers.(Citation: WHOIS)\n\nAdversaries may search WHOIS data to gather actionable information. Threat actors can use online resources or command-line utilities to pillage through WHOIS data for information about potential victims. Information from these sources may reveal opportunities for other forms of reconnaissance (ex: [Active Scanning](https://attack.mitre.org/techniques/T1595) or [Phishing for Information](https://attack.mitre.org/techniques/T1598)), establishing operational resources (ex: [Acquire Infrastructure](https://attack.mitre.org/techniques/T1583) or [Compromise Infrastructure](https://attack.mitre.org/techniques/T1584)), and/or initial access (ex: [External Remote Services](https://attack.mitre.org/techniques/T1133) or [Trusted Relationship](https://attack.mitre.org/techniques/T1199)).",
            "id": "attack-pattern--166de1c6-2814-4fe5-8438-4e80f76b169f",
            "type": "attack-pattern",
            "kill_chain_phases": [
                {
                    "kill_chain_name": "mitre-attack",
                    "phase_name": "reconnaissance"
                }
            ],
            "modified": "2020-10-24T04:20:43.941Z",
            "created": "2020-10-02T16:56:49.744Z",
            "x_mitre_detection": "Much of this activity may have a very high occurrence and associated false positive rate, as well as potentially taking place outside the visibility of the target organization, making detection difficult for defenders.\n\nDetection efforts may be focused on related stages of the adversary lifecycle, such as during Initial Access.",
            "x_mitre_version": "1.0",
            "x_mitre_is_subtechnique": true,
            "x_mitre_platforms": [
                "PRE"
            ]
        }
    ]
}