{
    "type": "bundle",
    "id": "bundle--960953fc-e9e3-4d9e-9703-cdfb321aaf6c",
    "spec_version": "2.0",
    "objects": [
        {
            "id": "attack-pattern--04ef4356-8926-45e2-9441-634b6f3dcecb",
            "name": "LC_LOAD_DYLIB Addition",
            "external_references": [
                {
                    "source_name": "mitre-attack",
                    "external_id": "T1161",
                    "url": "https://attack.mitre.org/techniques/T1161"
                },
                {
                    "url": "https://www.blackhat.com/docs/us-15/materials/us-15-Wardle-Writing-Bad-A-Malware-For-OS-X.pdf",
                    "description": "Patrick Wardle. (2015). Writing Bad @$$ Malware for OS X. Retrieved July 10, 2017.",
                    "source_name": "Writing Bad Malware for OSX"
                },
                {
                    "url": "https://www.rsaconference.com/writable/presentations/file_upload/ht-r03-malware-persistence-on-os-x-yosemite_final.pdf",
                    "description": "Patrick Wardle. (2015). Malware Persistence on OS X Yosemite. Retrieved July 10, 2017.",
                    "source_name": "Malware Persistence on OS X"
                }
            ],
            "revoked": true,
            "type": "attack-pattern",
            "modified": "2020-01-24T14:22:27.531Z",
            "created": "2017-12-14T16:46:06.044Z"
        }
    ]
}