{
    "type": "bundle",
    "id": "bundle--a042de6d-b293-44de-8ebb-23b65218cd3d",
    "spec_version": "2.0",
    "objects": [
        {
            "external_references": [
                {
                    "source_name": "mitre-attack",
                    "external_id": "T1593",
                    "url": "https://attack.mitre.org/techniques/T1593"
                },
                {
                    "source_name": "Cyware Social Media",
                    "url": "https://cyware.com/news/how-hackers-exploit-social-media-to-break-into-your-company-88e8da8e",
                    "description": "Cyware Hacker News. (2019, October 2). How Hackers Exploit Social Media To Break Into Your Company. Retrieved October 20, 2020."
                },
                {
                    "source_name": "SecurityTrails Google Hacking",
                    "url": "https://securitytrails.com/blog/google-hacking-techniques",
                    "description": "Borges, E. (2019, March 5). Exploring Google Hacking Techniques. Retrieved October 20, 2020."
                },
                {
                    "source_name": "ExploitDB GoogleHacking",
                    "url": "https://www.exploit-db.com/google-hacking-database",
                    "description": "Offensive Security. (n.d.). Google Hacking Database. Retrieved October 23, 2020."
                }
            ],
            "object_marking_refs": [
                "marking-definition--fa42a846-8d90-4e51-bc29-71d5b4802168"
            ],
            "created_by_ref": "identity--c78cb6e5-0c4b-4611-8297-d1b8b55e40b5",
            "name": "Search Open Websites/Domains",
            "description": "Before compromising a victim, adversaries may search freely available websites and/or domains for information about victims that can be used during targeting. Information about victims may be available in various online sites, such as social media, new sites, or those hosting information about business operations such as hiring or requested/rewarded contracts.(Citation: Cyware Social Media)(Citation: SecurityTrails Google Hacking)(Citation: ExploitDB GoogleHacking)\n\nAdversaries may search in different online sites depending on what information they seek to gather. Information from these sources may reveal opportunities for other forms of reconnaissance (ex: [Phishing for Information](https://attack.mitre.org/techniques/T1598) or [Search Open Technical Databases](https://attack.mitre.org/techniques/T1596)), establishing operational resources (ex: [Establish Accounts](https://attack.mitre.org/techniques/T1585) or [Compromise Accounts](https://attack.mitre.org/techniques/T1586)), and/or initial access (ex: [External Remote Services](https://attack.mitre.org/techniques/T1133) or [Phishing](https://attack.mitre.org/techniques/T1566)).",
            "id": "attack-pattern--a0e6614a-7740-4b24-bd65-f1bde09fc365",
            "type": "attack-pattern",
            "kill_chain_phases": [
                {
                    "kill_chain_name": "mitre-attack",
                    "phase_name": "reconnaissance"
                }
            ],
            "modified": "2020-10-24T04:22:46.374Z",
            "created": "2020-10-02T16:48:04.509Z",
            "x_mitre_detection": "Much of this activity may have a very high occurrence and associated false positive rate, as well as potentially taking place outside the visibility of the target organization, making detection difficult for defenders.\n\nDetection efforts may be focused on related stages of the adversary lifecycle, such as during Initial Access.",
            "x_mitre_version": "1.0",
            "x_mitre_is_subtechnique": false,
            "x_mitre_platforms": [
                "PRE"
            ]
        }
    ]
}