{
    "type": "bundle",
    "id": "bundle--22047792-4a33-4b11-8d83-f3fc9dd807eb",
    "spec_version": "2.0",
    "objects": [
        {
            "external_references": [
                {
                    "source_name": "mitre-attack",
                    "external_id": "T1136.003",
                    "url": "https://attack.mitre.org/techniques/T1136/003"
                },
                {
                    "source_name": "Microsoft O365 Admin Roles",
                    "url": "https://docs.microsoft.com/en-us/office365/admin/add-users/about-admin-roles?view=o365-worldwide",
                    "description": "Ako-Adjei, K., Dickhaus, M., Baumgartner, P., Faigel, D., et. al.. (2019, October 8). About admin roles. Retrieved October 18, 2019."
                },
                {
                    "source_name": "Microsoft Support O365 Add Another Admin, October 2019",
                    "url": "https://support.office.com/en-us/article/add-another-admin-f693489f-9f55-4bd0-a637-a81ce93de22d",
                    "description": "Microsoft. (n.d.). Add Another Admin. Retrieved October 18, 2019."
                },
                {
                    "source_name": "AWS Create IAM User",
                    "url": "https://docs.aws.amazon.com/IAM/latest/UserGuide/id_users_create.html",
                    "description": "AWS. (n.d.). Creating an IAM User in Your AWS Account. Retrieved January 29, 2020."
                },
                {
                    "source_name": "GCP Create Cloud Identity Users",
                    "url": "https://support.google.com/cloudidentity/answer/7332836?hl=en&ref_topic=7558554",
                    "description": "Google. (n.d.). Create Cloud Identity user accounts. Retrieved January 29, 2020."
                },
                {
                    "source_name": "Microsoft Azure AD Users",
                    "url": "https://docs.microsoft.com/en-us/azure/active-directory/fundamentals/add-users-azure-active-directory",
                    "description": "Microsoft. (2019, November 11). Add or delete users using Azure Active Directory. Retrieved January 30, 2020."
                }
            ],
            "object_marking_refs": [
                "marking-definition--fa42a846-8d90-4e51-bc29-71d5b4802168"
            ],
            "created_by_ref": "identity--c78cb6e5-0c4b-4611-8297-d1b8b55e40b5",
            "name": "Cloud Account",
            "description": "Adversaries may create a cloud account to maintain access to victim systems. With a sufficient level of access, such accounts may be used to establish secondary credentialed access that does not require persistent remote access tools to be deployed on the system.(Citation: Microsoft O365 Admin Roles)(Citation: Microsoft Support O365 Add Another Admin, October 2019)(Citation: AWS Create IAM User)(Citation: GCP Create Cloud Identity Users)(Citation: Microsoft Azure AD Users)\n\nAdversaries may create accounts that only have access to specific cloud services, which can reduce the chance of detection.",
            "id": "attack-pattern--a009cb25-4801-4116-9105-80a91cf15c1b",
            "type": "attack-pattern",
            "kill_chain_phases": [
                {
                    "kill_chain_name": "mitre-attack",
                    "phase_name": "persistence"
                }
            ],
            "modified": "2020-03-24T12:44:27.995Z",
            "created": "2020-01-29T17:32:30.711Z",
            "x_mitre_version": "1.0",
            "x_mitre_is_subtechnique": true,
            "x_mitre_permissions_required": [
                "Administrator"
            ],
            "x_mitre_detection": "Collect usage logs from cloud user and administrator accounts to identify unusual activity in the creation of new accounts and assignment of roles to those accounts. Monitor for accounts assigned to admin roles that go over a certain threshold of known admins.",
            "x_mitre_data_sources": [
                "Office 365 audit logs",
                "Stackdriver logs",
                "Azure activity logs",
                "AWS CloudTrail logs"
            ],
            "x_mitre_contributors": [
                "Praetorian",
                "Microsoft Threat Intelligence Center (MSTIC)"
            ],
            "x_mitre_platforms": [
                "AWS",
                "GCP",
                "Azure",
                "Office 365",
                "Azure AD"
            ]
        }
    ]
}