{
    "type": "bundle",
    "id": "bundle--a53d9b5f-9f47-4c28-852f-9909072e687c",
    "spec_version": "2.0",
    "objects": [
        {
            "id": "attack-pattern--3298ce88-1628-43b1-87d9-0b5336b193d7",
            "description": "Adversaries may access data objects from improperly secured cloud storage.\n\nMany cloud service providers offer solutions for online data storage such as Amazon S3, Azure Storage, and Google Cloud Storage. These solutions differ from other storage solutions (such as SQL or Elasticsearch) in that there is no overarching application. Data from these solutions can be retrieved directly using the cloud provider's APIs. Solution providers typically offer security guides to help end users configure systems.(Citation: Amazon S3 Security, 2019)(Citation: Microsoft Azure Storage Security, 2019)(Citation: Google Cloud Storage Best Practices, 2019)\n\nMisconfiguration by end users is a common problem. There have been numerous incidents where cloud storage has been improperly secured (typically by unintentionally allowing public access by unauthenticated users or overly-broad access by all users), allowing open access to credit cards, personally identifiable information, medical records, and other sensitive information.(Citation: Trend Micro S3 Exposed PII, 2017)(Citation: Wired Magecart S3 Buckets, 2019)(Citation: HIPAA Journal S3 Breach, 2017) Adversaries may also obtain leaked credentials in source repositories, logs, or other means as a way to gain access to cloud storage objects that have access permission controls.",
            "name": "Data from Cloud Storage Object",
            "created_by_ref": "identity--c78cb6e5-0c4b-4611-8297-d1b8b55e40b5",
            "object_marking_refs": [
                "marking-definition--fa42a846-8d90-4e51-bc29-71d5b4802168"
            ],
            "external_references": [
                {
                    "external_id": "T1530",
                    "source_name": "mitre-attack",
                    "url": "https://attack.mitre.org/techniques/T1530"
                },
                {
                    "source_name": "Amazon S3 Security, 2019",
                    "url": "https://aws.amazon.com/premiumsupport/knowledge-center/secure-s3-resources/",
                    "description": "Amazon. (2019, May 17). How can I secure the files in my Amazon S3 bucket?. Retrieved October 4, 2019."
                },
                {
                    "source_name": "Microsoft Azure Storage Security, 2019",
                    "url": "https://docs.microsoft.com/en-us/azure/storage/common/storage-security-guide",
                    "description": "Amlekar, M., Brooks, C., Claman, L., et. al.. (2019, March 20). Azure Storage security guide. Retrieved October 4, 2019."
                },
                {
                    "source_name": "Google Cloud Storage Best Practices, 2019",
                    "url": "https://cloud.google.com/storage/docs/best-practices",
                    "description": "Google. (2019, September 16). Best practices for Cloud Storage. Retrieved October 4, 2019."
                },
                {
                    "source_name": "Trend Micro S3 Exposed PII, 2017",
                    "url": "https://www.trendmicro.com/vinfo/us/security/news/virtualization-and-cloud/a-misconfigured-amazon-s3-exposed-almost-50-thousand-pii-in-australia",
                    "description": "Trend Micro. (2017, November 6). A Misconfigured Amazon S3 Exposed Almost 50 Thousand PII in Australia. Retrieved October 4, 2019."
                },
                {
                    "source_name": "Wired Magecart S3 Buckets, 2019",
                    "url": "https://www.wired.com/story/magecart-amazon-cloud-hacks/",
                    "description": "Barrett, B.. (2019, July 11). Hack Brief: A Card-Skimming Hacker Group Hit 17K Domains\u2014and Counting. Retrieved October 4, 2019."
                },
                {
                    "source_name": "HIPAA Journal S3 Breach, 2017",
                    "url": "https://www.hipaajournal.com/47gb-medical-records-unsecured-amazon-s3-bucket/",
                    "description": "HIPAA Journal. (2017, October 11). 47GB of Medical Records and Test Results Found in Unsecured Amazon S3 Bucket. Retrieved October 4, 2019."
                }
            ],
            "type": "attack-pattern",
            "kill_chain_phases": [
                {
                    "kill_chain_name": "mitre-attack",
                    "phase_name": "collection"
                }
            ],
            "modified": "2020-07-09T14:02:05.276Z",
            "created": "2019-08-30T18:07:27.741Z",
            "x_mitre_is_subtechnique": false,
            "x_mitre_platforms": [
                "AWS",
                "GCP",
                "Azure"
            ],
            "x_mitre_version": "1.0",
            "x_mitre_contributors": [
                "Netskope",
                "Praetorian"
            ],
            "x_mitre_detection": "Monitor for unusual queries to the cloud provider's storage service. Activity originating from unexpected sources may indicate improper permissions are set that is allowing access to data. Additionally, detecting failed attempts by a user for a certain object, followed by escalation of privileges by the same user, and access to the same object may be an indication of suspicious activity.",
            "x_mitre_data_sources": [
                "Stackdriver logs",
                "Azure activity logs",
                "AWS CloudTrail logs"
            ],
            "x_mitre_permissions_required": [
                "User"
            ]
        }
    ]
}