{
    "type": "bundle",
    "id": "bundle--c55ae565-9bd4-4cf8-9ea3-a7961834022d",
    "spec_version": "2.0",
    "objects": [
        {
            "external_references": [
                {
                    "source_name": "mitre-attack",
                    "external_id": "T1589.002",
                    "url": "https://attack.mitre.org/techniques/T1589/002"
                },
                {
                    "source_name": "HackersArise Email",
                    "url": "https://www.hackers-arise.com/email-scraping-and-maltego",
                    "description": "Hackers Arise. (n.d.). Email Scraping and Maltego. Retrieved October 20, 2020."
                },
                {
                    "source_name": "CNET Leaks",
                    "url": "https://www.cnet.com/news/massive-breach-leaks-773-million-emails-21-million-passwords/",
                    "description": "Ng, A. (2019, January 17). Massive breach leaks 773 million email addresses, 21 million passwords. Retrieved October 20, 2020."
                }
            ],
            "object_marking_refs": [
                "marking-definition--fa42a846-8d90-4e51-bc29-71d5b4802168"
            ],
            "created_by_ref": "identity--c78cb6e5-0c4b-4611-8297-d1b8b55e40b5",
            "name": "Email Addresses",
            "description": "Before compromising a victim, adversaries may gather email addresses that can be used during targeting. Even if internal instances exist, organizations may have public-facing email infrastructure and addresses for employees.\n\nAdversaries may easily gather email addresses, since they may be readily available and exposed via online or other accessible data sets (ex: [Social Media](https://attack.mitre.org/techniques/T1593/001) or [Search Victim-Owned Websites](https://attack.mitre.org/techniques/T1594)).(Citation: HackersArise Email)(Citation: CNET Leaks) Gathering this information may reveal opportunities for other forms of reconnaissance (ex: [Search Open Websites/Domains](https://attack.mitre.org/techniques/T1593) or [Phishing for Information](https://attack.mitre.org/techniques/T1598)), establishing operational resources (ex: [Email Accounts](https://attack.mitre.org/techniques/T1586/002)), and/or initial access (ex: [Phishing](https://attack.mitre.org/techniques/T1566)).",
            "id": "attack-pattern--69f897fd-12a9-4c89-ad6a-46d2f3c38262",
            "type": "attack-pattern",
            "kill_chain_phases": [
                {
                    "kill_chain_name": "mitre-attack",
                    "phase_name": "reconnaissance"
                }
            ],
            "modified": "2020-10-24T03:46:04.662Z",
            "created": "2020-10-02T14:56:24.866Z",
            "x_mitre_detection": "Much of this activity may have a very high occurrence and associated false positive rate, as well as potentially taking place outside the visibility of the target organization, making detection difficult for defenders.\n\nDetection efforts may be focused on related stages of the adversary lifecycle, such as during Initial Access.",
            "x_mitre_version": "1.0",
            "x_mitre_is_subtechnique": true,
            "x_mitre_platforms": [
                "PRE"
            ]
        }
    ]
}