{
    "type": "bundle",
    "id": "bundle--434c9382-6691-4527-be6e-ae46c3a92f11",
    "spec_version": "2.0",
    "objects": [
        {
            "id": "attack-pattern--9ddc2534-e91c-4dab-a8f6-43dab81e8142",
            "name": "Parent PID Spoofing",
            "external_references": [
                {
                    "source_name": "mitre-attack",
                    "external_id": "T1502",
                    "url": "https://attack.mitre.org/techniques/T1502"
                },
                {
                    "description": "Stevens, D. (2009, November 22). Quickpost: SelectMyParent or Playing With the Windows Process Tree. Retrieved June 3, 2019.",
                    "url": "https://blog.didierstevens.com/2009/11/22/quickpost-selectmyparent-or-playing-with-the-windows-process-tree/",
                    "source_name": "DidierStevens SelectMyParent Nov 2009"
                },
                {
                    "description": "Montemayor, D. et al.. (2018, November 15). How User Account Control works. Retrieved June 3, 2019.",
                    "url": "https://docs.microsoft.com/windows/security/identity-protection/user-account-control/how-user-account-control-works",
                    "source_name": "Microsoft UAC Nov 2018"
                },
                {
                    "description": "Loh, I. (2018, December 21). Detecting Parent PID Spoofing. Retrieved June 3, 2019.",
                    "url": "https://www.countercept.com/blog/detecting-parent-pid-spoofing/",
                    "source_name": "CounterCept PPID Spoofing Dec 2018"
                },
                {
                    "source_name": "CTD PPID Spoofing Macro Mar 2019",
                    "url": "https://blog.christophetd.fr/building-an-office-macro-to-spoof-process-parent-and-command-line/",
                    "description": "Tafani-Dereeper, C. (2019, March 12). Building an Office macro to spoof parent processes and command line arguments. Retrieved June 3, 2019."
                },
                {
                    "description": "Chester, A. (2017, November 20). Alternative methods of becoming SYSTEM. Retrieved June 4, 2019.",
                    "url": "https://blog.xpnsec.com/becoming-system/",
                    "source_name": "XPNSec PPID Nov 2017"
                },
                {
                    "source_name": "Microsoft Process Creation Flags May 2018",
                    "url": "https://docs.microsoft.com/windows/desktop/ProcThread/process-creation-flags",
                    "description": "Schofield, M. & Satran, M. (2018, May 30). Process Creation Flags. Retrieved June 4, 2019."
                },
                {
                    "source_name": "Secuirtyinbits Ataware3 May 2019",
                    "url": "https://www.securityinbits.com/malware-analysis/parent-pid-spoofing-stage-2-ataware-ransomware-part-3",
                    "description": "Secuirtyinbits . (2019, May 14). Parent PID Spoofing (Stage 2) Ataware Ransomware Part 3. Retrieved June 6, 2019."
                }
            ],
            "revoked": true,
            "type": "attack-pattern",
            "modified": "2020-02-18T18:23:31.546Z",
            "created": "2019-06-03T14:50:50.613Z"
        }
    ]
}