{
    "type": "bundle",
    "id": "bundle--a0e3089f-02c8-4202-a676-e95c17d60574",
    "spec_version": "2.0",
    "objects": [
        {
            "id": "attack-pattern--1b7ba276-eedc-4951-a762-0ceea2c030ec",
            "created_by_ref": "identity--c78cb6e5-0c4b-4611-8297-d1b8b55e40b5",
            "name": "Data from Removable Media",
            "description": "Adversaries may search connected removable media on computers they have compromised to find files of interest. Sensitive data can be collected from any removable media (optical disk drive, USB memory, etc.) connected to the compromised system prior to Exfiltration. Interactive command shells may be in use, and common functionality within [cmd](https://attack.mitre.org/software/S0106) may be used to gather information. \n\nSome adversaries may also use [Automated Collection](https://attack.mitre.org/techniques/T1119) on removable media.",
            "external_references": [
                {
                    "source_name": "mitre-attack",
                    "url": "https://attack.mitre.org/techniques/T1025",
                    "external_id": "T1025"
                }
            ],
            "object_marking_refs": [
                "marking-definition--fa42a846-8d90-4e51-bc29-71d5b4802168"
            ],
            "type": "attack-pattern",
            "kill_chain_phases": [
                {
                    "kill_chain_name": "mitre-attack",
                    "phase_name": "collection"
                }
            ],
            "modified": "2020-03-24T15:44:46.584Z",
            "created": "2017-05-31T21:30:31.584Z",
            "x_mitre_is_subtechnique": false,
            "x_mitre_platforms": [
                "Linux",
                "macOS",
                "Windows"
            ],
            "x_mitre_system_requirements": [
                "Privileges to access removable media drive and files"
            ],
            "x_mitre_detection": "Monitor processes and command-line arguments for actions that could be taken to collect files from a system's connected removable media. Remote access tools with built-in features may interact directly with the Windows API to gather data. Data may also be acquired through Windows system management tools such as [Windows Management Instrumentation](https://attack.mitre.org/techniques/T1047) and [PowerShell](https://attack.mitre.org/techniques/T1059/001).",
            "x_mitre_data_sources": [
                "File monitoring",
                "Process monitoring",
                "Process command-line parameters"
            ],
            "x_mitre_version": "1.1"
        }
    ]
}