{
    "type": "bundle",
    "id": "bundle--ffcde408-918d-4827-9fd9-3683ce38e172",
    "spec_version": "2.0",
    "objects": [
        {
            "id": "attack-pattern--56ff457d-5e39-492b-974c-dfd2b8603ffe",
            "name": "Private Keys",
            "external_references": [
                {
                    "source_name": "mitre-attack",
                    "external_id": "T1145",
                    "url": "https://attack.mitre.org/techniques/T1145"
                },
                {
                    "url": "https://en.wikipedia.org/wiki/Public-key_cryptography",
                    "description": "Wikipedia. (2017, June 29). Public-key cryptography. Retrieved July 5, 2017.",
                    "source_name": "Wikipedia Public Key Crypto"
                },
                {
                    "url": "https://kasperskycontenthub.com/wp-content/uploads/sites/43/vlpdfs/unveilingthemask_v1.0.pdf",
                    "description": "Kaspersky Labs. (2014, February 11). Unveiling \u201cCareto\u201d - The Masked APT. Retrieved July 5, 2017.",
                    "source_name": "Kaspersky Careto"
                },
                {
                    "url": "https://researchcenter.paloaltonetworks.com/2016/06/unit42-prince-of-persia-game-over/",
                    "description": "Bar, T., Conant, S., Efraim, L. (2016, June 28). Prince of Persia \u2013 Game Over. Retrieved July 5, 2017.",
                    "source_name": "Palo Alto Prince of Persia"
                }
            ],
            "revoked": true,
            "type": "attack-pattern",
            "modified": "2020-02-18T16:51:57.775Z",
            "created": "2017-12-14T16:46:06.044Z"
        }
    ]
}