{
    "type": "bundle",
    "id": "bundle--edd67648-18c1-4ab6-a6a7-d875850defc4",
    "spec_version": "2.0",
    "objects": [
        {
            "id": "attack-pattern--60b508a1-6a5e-46b1-821a-9f7b78752abf",
            "description": "Adversaries may search for private key certificate files on compromised systems for insecurely stored credentials. Private cryptographic keys and certificates are used for authentication, encryption/decryption, and digital signatures.(Citation: Wikipedia Public Key Crypto) Common key and certificate file extensions include: .key, .pgp, .gpg, .ppk., .p12, .pem, .pfx, .cer, .p7b, .asc. \n\nAdversaries may also look in common key directories, such as <code>~/.ssh</code> for SSH keys on * nix-based systems or <code>C:&#92;Users&#92;(username)&#92;.ssh&#92;</code> on Windows. These private keys can be used to authenticate to [Remote Services](https://attack.mitre.org/techniques/T1021) like SSH or for use in decrypting other collected files such as email.\n\nAdversary tools have been discovered that search compromised systems for file extensions relating to cryptographic keys and certificates.(Citation: Kaspersky Careto)(Citation: Palo Alto Prince of Persia)\n\nSome private keys require a password or passphrase for operation, so an adversary may also use [Input Capture](https://attack.mitre.org/techniques/T1056) for keylogging or attempt to [Brute Force](https://attack.mitre.org/techniques/T1110) the passphrase off-line.",
            "name": "Private Keys",
            "created_by_ref": "identity--c78cb6e5-0c4b-4611-8297-d1b8b55e40b5",
            "object_marking_refs": [
                "marking-definition--fa42a846-8d90-4e51-bc29-71d5b4802168"
            ],
            "external_references": [
                {
                    "source_name": "mitre-attack",
                    "external_id": "T1552.004",
                    "url": "https://attack.mitre.org/techniques/T1552/004"
                },
                {
                    "url": "https://en.wikipedia.org/wiki/Public-key_cryptography",
                    "description": "Wikipedia. (2017, June 29). Public-key cryptography. Retrieved July 5, 2017.",
                    "source_name": "Wikipedia Public Key Crypto"
                },
                {
                    "url": "https://kasperskycontenthub.com/wp-content/uploads/sites/43/vlpdfs/unveilingthemask_v1.0.pdf",
                    "description": "Kaspersky Labs. (2014, February 11). Unveiling \u201cCareto\u201d - The Masked APT. Retrieved July 5, 2017.",
                    "source_name": "Kaspersky Careto"
                },
                {
                    "url": "https://researchcenter.paloaltonetworks.com/2016/06/unit42-prince-of-persia-game-over/",
                    "description": "Bar, T., Conant, S., Efraim, L. (2016, June 28). Prince of Persia \u2013 Game Over. Retrieved July 5, 2017.",
                    "source_name": "Palo Alto Prince of Persia"
                }
            ],
            "type": "attack-pattern",
            "kill_chain_phases": [
                {
                    "kill_chain_name": "mitre-attack",
                    "phase_name": "credential-access"
                }
            ],
            "modified": "2020-03-29T21:36:36.613Z",
            "created": "2020-02-04T13:06:49.258Z",
            "x_mitre_platforms": [
                "Linux",
                "macOS",
                "Windows"
            ],
            "x_mitre_contributors": [
                "Itzik Kotler, SafeBreach"
            ],
            "x_mitre_data_sources": [
                "File monitoring"
            ],
            "x_mitre_detection": "Monitor access to files and directories related to cryptographic keys and certificates as a means for potentially detecting access patterns that may indicate collection and exfiltration activity. Collect authentication logs and look for potentially abnormal activity that may indicate improper use of keys or certificates for remote authentication.",
            "x_mitre_permissions_required": [
                "User"
            ],
            "x_mitre_is_subtechnique": true,
            "x_mitre_version": "1.0"
        }
    ]
}