{
    "type": "bundle",
    "id": "bundle--ff2fdb59-5017-4ae3-85be-6bc715f9fa17",
    "spec_version": "2.0",
    "objects": [
        {
            "id": "attack-pattern--2892b9ee-ca9f-4723-b332-0dc6e843a8ae",
            "name": "Screensaver",
            "external_references": [
                {
                    "source_name": "mitre-attack",
                    "external_id": "T1180",
                    "url": "https://attack.mitre.org/techniques/T1180"
                },
                {
                    "source_name": "Wikipedia Screensaver",
                    "description": "Wikipedia. (2017, November 22). Screensaver. Retrieved December 5, 2017.",
                    "url": "https://en.wikipedia.org/wiki/Screensaver"
                },
                {
                    "source_name": "ESET Gazer Aug 2017",
                    "description": "ESET. (2017, August). Gazing at Gazer: Turla\u2019s new second stage backdoor. Retrieved September 14, 2017.",
                    "url": "https://www.welivesecurity.com/wp-content/uploads/2017/08/eset-gazer.pdf"
                }
            ],
            "revoked": true,
            "type": "attack-pattern",
            "modified": "2020-01-24T13:51:47.990Z",
            "created": "2018-01-16T16:13:52.465Z"
        }
    ]
}