{
    "type": "bundle",
    "id": "bundle--a4ea6c10-716d-4d1d-8bea-9b829fbe315e",
    "spec_version": "2.0",
    "objects": [
        {
            "external_references": [
                {
                    "source_name": "mitre-attack",
                    "external_id": "T1069.002",
                    "url": "https://attack.mitre.org/techniques/T1069/002"
                }
            ],
            "object_marking_refs": [
                "marking-definition--fa42a846-8d90-4e51-bc29-71d5b4802168"
            ],
            "created_by_ref": "identity--c78cb6e5-0c4b-4611-8297-d1b8b55e40b5",
            "name": "Domain Groups",
            "description": "Adversaries may attempt to find domain-level groups and permission settings. The knowledge of domain-level permission groups can help adversaries determine which groups exist and which users belong to a particular group. Adversaries may use this information to determine which users have elevated permissions, such as domain administrators.\n\nCommands such as <code>net group /domain</code> of the [Net](https://attack.mitre.org/software/S0039) utility,  <code>dscacheutil -q group</code> on macOS, and <code>ldapsearch</code> on Linux can list domain-level groups.",
            "id": "attack-pattern--2aed01ad-3df3-4410-a8cb-11ea4ded587c",
            "type": "attack-pattern",
            "kill_chain_phases": [
                {
                    "kill_chain_name": "mitre-attack",
                    "phase_name": "discovery"
                }
            ],
            "modified": "2020-03-12T19:07:53.043Z",
            "created": "2020-02-21T21:15:06.561Z",
            "x_mitre_data_sources": [
                "API monitoring",
                "Process monitoring",
                "Process command-line parameters"
            ],
            "x_mitre_permissions_required": [
                "User"
            ],
            "x_mitre_detection": "System and network discovery techniques normally occur throughout an operation as an adversary learns the environment. Data and events should not be viewed in isolation, but as part of a chain of behavior that could lead to other activities, such as Lateral Movement, based on the information obtained.\n\nMonitor processes and command-line arguments for actions that could be taken to gather system and network information. Remote access tools with built-in features may interact directly with the Windows API to gather information. Information may also be acquired through Windows system management tools such as [Windows Management Instrumentation](https://attack.mitre.org/techniques/T1047) and [PowerShell](https://attack.mitre.org/techniques/T1059/001).",
            "x_mitre_version": "1.0",
            "x_mitre_is_subtechnique": true,
            "x_mitre_platforms": [
                "Linux",
                "macOS",
                "Windows"
            ]
        }
    ]
}