{
    "type": "bundle",
    "id": "bundle--67a5bf3f-77f4-42ca-ade3-cf6b9d6cf2ae",
    "spec_version": "2.0",
    "objects": [
        {
            "external_references": [
                {
                    "source_name": "mitre-attack",
                    "external_id": "T1157",
                    "url": "https://attack.mitre.org/techniques/T1157"
                },
                {
                    "external_id": "CAPEC-471",
                    "source_name": "capec",
                    "url": "https://capec.mitre.org/data/definitions/471.html"
                },
                {
                    "url": "https://www.blackhat.com/docs/us-15/materials/us-15-Wardle-Writing-Bad-A-Malware-For-OS-X.pdf",
                    "description": "Patrick Wardle. (2015). Writing Bad @$$ Malware for OS X. Retrieved July 10, 2017.",
                    "source_name": "Writing Bad Malware for OSX"
                },
                {
                    "url": "https://www.rsaconference.com/writable/presentations/file_upload/ht-r03-malware-persistence-on-os-x-yosemite_final.pdf",
                    "description": "Patrick Wardle. (2015). Malware Persistence on OS X Yosemite. Retrieved July 10, 2017.",
                    "source_name": "Malware Persistence on OS X"
                }
            ],
            "name": "Dylib Hijacking",
            "id": "attack-pattern--aa8bfbc9-78dc-41a4-a03b-7453e0fdccda",
            "revoked": true,
            "type": "attack-pattern",
            "modified": "2020-03-19T15:09:47.005Z",
            "created": "2017-12-14T16:46:06.044Z"
        }
    ]
}