{
    "type": "bundle",
    "id": "bundle--1a7cf780-fbb5-4112-a359-7cba3b43cfd8",
    "spec_version": "2.0",
    "objects": [
        {
            "id": "attack-pattern--6fb6408c-0db3-41d9-a3a1-a32e5f16454e",
            "name": "Gatekeeper Bypass",
            "external_references": [
                {
                    "source_name": "mitre-attack",
                    "external_id": "T1144",
                    "url": "https://attack.mitre.org/techniques/T1144"
                },
                {
                    "url": "https://www.virusbulletin.com/uploads/pdf/conference/vb2014/VB2014-Wardle.pdf",
                    "description": "Patrick Wardle. (2014, September). Methods of Malware Persistence on Mac OS X. Retrieved July 5, 2017.",
                    "source_name": "Methods of Mac Malware Persistence"
                },
                {
                    "url": "https://derflounder.wordpress.com/2012/11/20/clearing-the-quarantine-extended-attribute-from-downloaded-applications/",
                    "description": "Rich Trouton. (2012, November 20). Clearing the quarantine extended attribute from downloaded applications. Retrieved July 5, 2017.",
                    "source_name": "Clearing quarantine attribute"
                },
                {
                    "url": "https://www.alienvault.com/blogs/labs-research/oceanlotus-for-os-x-an-application-bundle-pretending-to-be-an-adobe-flash-update",
                    "description": "Eddie Lee. (2016, February 17). OceanLotus for OS X - an Application Bundle Pretending to be an Adobe Flash Update. Retrieved July 5, 2017.",
                    "source_name": "OceanLotus for OS X"
                },
                {
                    "url": "https://blog.malwarebytes.com/cybercrime/2015/10/bypassing-apples-gatekeeper/",
                    "description": "Thomas Reed. (2016, March 31). Bypassing Apple's Gatekeeper. Retrieved July 5, 2017.",
                    "source_name": "Bypassing Gatekeeper"
                }
            ],
            "revoked": true,
            "type": "attack-pattern",
            "modified": "2020-02-05T16:23:01.683Z",
            "created": "2017-12-14T16:46:06.044Z"
        }
    ]
}