{
    "type": "bundle",
    "id": "bundle--6bca1883-5e4e-4b9f-9a9d-0547cb6a86be",
    "spec_version": "2.0",
    "objects": [
        {
            "id": "attack-pattern--52f3d5a6-8a0f-4f82-977e-750abf90d0b0",
            "name": "Extra Window Memory Injection",
            "external_references": [
                {
                    "source_name": "mitre-attack",
                    "external_id": "T1181",
                    "url": "https://attack.mitre.org/techniques/T1181"
                },
                {
                    "url": "https://msdn.microsoft.com/library/windows/desktop/ms633574.aspx",
                    "description": "Microsoft. (n.d.). About Window Classes. Retrieved December 16, 2017.",
                    "source_name": "Microsoft Window Classes"
                },
                {
                    "url": "https://msdn.microsoft.com/library/windows/desktop/ms633584.aspx",
                    "description": "Microsoft. (n.d.). GetWindowLong function. Retrieved December 16, 2017.",
                    "source_name": "Microsoft GetWindowLong function"
                },
                {
                    "url": "https://msdn.microsoft.com/library/windows/desktop/ms633591.aspx",
                    "description": "Microsoft. (n.d.). SetWindowLong function. Retrieved December 16, 2017.",
                    "source_name": "Microsoft SetWindowLong function"
                },
                {
                    "url": "https://www.endgame.com/blog/technical-blog/ten-process-injection-techniques-technical-survey-common-and-trending-process",
                    "description": "Hosseini, A. (2017, July 18). Ten Process Injection Techniques: A Technical Survey Of Common And Trending Process Injection Techniques. Retrieved December 7, 2017.",
                    "source_name": "Endgame Process Injection July 2017"
                },
                {
                    "url": "https://www.malwaretech.com/2013/08/powerloader-injection-something-truly.html",
                    "description": "MalwareTech. (2013, August 13). PowerLoader Injection \u2013 Something truly amazing. Retrieved December 16, 2017.",
                    "source_name": "MalwareTech Power Loader Aug 2013"
                },
                {
                    "url": "https://www.welivesecurity.com/2013/03/19/gapz-and-redyms-droppers-based-on-power-loader-code/",
                    "description": "Matrosov, A. (2013, March 19). Gapz and Redyms droppers based on Power Loader code. Retrieved December 16, 2017.",
                    "source_name": "WeLiveSecurity Gapz and Redyms Mar 2013"
                },
                {
                    "url": "https://msdn.microsoft.com/library/windows/desktop/ms644953.aspx",
                    "description": "Microsoft. (n.d.). SendNotifyMessage function. Retrieved December 16, 2017.",
                    "source_name": "Microsoft SendNotifyMessage function"
                }
            ],
            "revoked": true,
            "type": "attack-pattern",
            "modified": "2020-01-14T17:23:05.736Z",
            "created": "2018-01-16T16:13:52.465Z"
        }
    ]
}