{
    "type": "bundle",
    "id": "bundle--2766f551-cca8-47ba-96b9-7378392b236d",
    "spec_version": "2.0",
    "objects": [
        {
            "external_references": [
                {
                    "source_name": "mitre-attack",
                    "external_id": "T1196",
                    "url": "https://attack.mitre.org/techniques/T1196"
                },
                {
                    "source_name": "Microsoft Implementing CPL",
                    "description": "M. (n.d.). Implementing Control Panel Items. Retrieved January 18, 2018.",
                    "url": "https://msdn.microsoft.com/library/windows/desktop/cc144185.aspx"
                },
                {
                    "url": "https://www.trendmicro.de/cloud-content/us/pdfs/security-intelligence/white-papers/wp-cpl-malware.pdf",
                    "description": "Merc\u00eas, F. (2014, January 27). CPL Malware - Malicious Control Panel Items. Retrieved January 18, 2018.",
                    "source_name": "TrendMicro CPL Malware Jan 2014"
                },
                {
                    "url": "https://blog.trendmicro.com/trendlabs-security-intelligence/control-panel-files-used-as-malicious-attachments/",
                    "description": "Bernardino, J. (2013, December 17). Control Panel Files Used As Malicious Attachments. Retrieved January 18, 2018.",
                    "source_name": "TrendMicro CPL Malware Dec 2013"
                },
                {
                    "url": "https://researchcenter.paloaltonetworks.com/2017/11/unit42-new-malware-with-ties-to-sunorcal-discovered/",
                    "description": "Grunzweig, J. and Miller-Osborn, J. (2017, November 10). New Malware with Ties to SunOrcal Discovered. Retrieved November 16, 2017.",
                    "source_name": "Palo Alto Reaver Nov 2017"
                }
            ],
            "name": "Control Panel Items",
            "id": "attack-pattern--8df54627-376c-487c-a09c-7d2b5620f56e",
            "revoked": true,
            "type": "attack-pattern",
            "modified": "2020-01-31T18:59:21.682Z",
            "created": "2018-04-18T17:59:24.739Z"
        }
    ]
}